2026-03-23 13:11:15.448 +05:30 [INF] Start installing Hangfire SQL objects...
2026-03-23 13:11:17.099 +05:30 [INF] Hangfire SQL objects installed.
2026-03-23 13:11:17.243 +05:30 [INF] User profile is available. Using 'C:\Users\HP\AppData\Local\ASP.NET\DataProtection-Keys' as key repository and Windows DPAPI to encrypt keys at rest.
2026-03-23 13:11:17.349 +05:30 [INF] Now listening on: http://localhost:5062
2026-03-23 13:11:17.354 +05:30 [INF] Starting Hangfire Server using job storage: 'SQL Server: LAPTOP-2J11TSN1@employeeDb'
2026-03-23 13:11:17.354 +05:30 [INF] Using the following options for SQL Server job storage: Queue poll interval: 00:00:00.
2026-03-23 13:11:17.354 +05:30 [INF] Using the following options for Hangfire Server:
    Worker count: 20
    Listening queues: 'default'
    Shutdown timeout: 00:00:15
    Schedule polling interval: 00:00:15
2026-03-23 13:11:17.365 +05:30 [INF] Application started. Press Ctrl+C to shut down.
2026-03-23 13:11:17.365 +05:30 [INF] Hosting environment: Development
2026-03-23 13:11:17.365 +05:30 [INF] Content root path: C:\Users\HP\Desktop\asp.net\MyApi
2026-03-23 13:11:17.519 +05:30 [INF] Server laptop-2j11tsn1:56580:8a5ee4fc successfully announced in 154.9358 ms
2026-03-23 13:11:17.524 +05:30 [INF] Server laptop-2j11tsn1:56580:8a5ee4fc is starting the registered dispatchers: ServerWatchdog, ServerJobCancellationWatcher, SqlServerHeartbeatProcess, ExpirationManager, CountersAggregator, Worker, DelayedJobScheduler, RecurringJobScheduler...
2026-03-23 13:11:17.560 +05:30 [INF] Server laptop-2j11tsn1:56580:8a5ee4fc all the dispatchers started
2026-03-23 13:11:17.950 +05:30 [INF] Request starting HTTP/1.1 GET http://localhost:5062/swagger - null null
2026-03-23 13:11:18.066 +05:30 [INF] Request finished HTTP/1.1 GET http://localhost:5062/swagger - 301 null null 115.9262ms
2026-03-23 13:11:18.083 +05:30 [INF] Request starting HTTP/1.1 GET http://localhost:5062/swagger/index.html - null null
2026-03-23 13:11:18.335 +05:30 [INF] Request finished HTTP/1.1 GET http://localhost:5062/swagger/index.html - 200 null text/html;charset=utf-8 253.1713ms
2026-03-23 13:11:18.346 +05:30 [INF] Request starting HTTP/1.1 GET http://localhost:5062/swagger/swagger-ui.css - null null
2026-03-23 13:11:18.359 +05:30 [INF] Request starting HTTP/1.1 GET http://localhost:5062/swagger/swagger-ui-bundle.js - null null
2026-03-23 13:11:18.361 +05:30 [INF] Request starting HTTP/1.1 GET http://localhost:5062/swagger/swagger-ui-standalone-preset.js - null null
2026-03-23 13:11:18.375 +05:30 [INF] Request starting HTTP/1.1 GET http://localhost:5062/_framework/aspnetcore-browser-refresh.js - null null
2026-03-23 13:11:18.378 +05:30 [INF] Request finished HTTP/1.1 GET http://localhost:5062/_framework/aspnetcore-browser-refresh.js - 200 16547 application/javascript; charset=utf-8 2.5812ms
2026-03-23 13:11:18.383 +05:30 [INF] Sending file. Request path: '/swagger-ui-standalone-preset.js'. Physical path: 'N/A'
2026-03-23 13:11:18.383 +05:30 [INF] Sending file. Request path: '/swagger-ui.css'. Physical path: 'N/A'
2026-03-23 13:11:18.385 +05:30 [INF] Request finished HTTP/1.1 GET http://localhost:5062/swagger/swagger-ui.css - 200 152034 text/css 39.42ms
2026-03-23 13:11:18.385 +05:30 [INF] Request finished HTTP/1.1 GET http://localhost:5062/swagger/swagger-ui-standalone-preset.js - 200 230280 text/javascript 24.3384ms
2026-03-23 13:11:18.405 +05:30 [INF] Sending file. Request path: '/swagger-ui-bundle.js'. Physical path: 'N/A'
2026-03-23 13:11:18.405 +05:30 [INF] Request finished HTTP/1.1 GET http://localhost:5062/swagger/swagger-ui-bundle.js - 200 1456926 text/javascript 46.2759ms
2026-03-23 13:11:18.503 +05:30 [INF] Request starting HTTP/1.1 GET http://localhost:5062/swagger/v1/swagger.json - null null
2026-03-23 13:11:18.701 +05:30 [INF] Request finished HTTP/1.1 GET http://localhost:5062/swagger/v1/swagger.json - 200 null application/json;charset=utf-8 197.7908ms
2026-03-23 13:11:34.817 +05:30 [INF] Request starting HTTP/1.1 POST http://localhost:5062/api/Auth/login - application/json 57
2026-03-23 13:11:34.832 +05:30 [WRN] Failed to determine the https port for redirect.
2026-03-23 13:11:35.194 +05:30 [INF] Executing endpoint 'AuthController.Login (MyApi)'
2026-03-23 13:11:35.241 +05:30 [INF] Route matched with {action = "Login", controller = "Auth"}. Executing controller action with signature System.Threading.Tasks.Task`1[Microsoft.AspNetCore.Mvc.IActionResult] Login(MyApi.DTO.Employee.Logindto) on controller AuthController (MyApi).
2026-03-23 13:11:36.268 +05:30 [WRN] Sensitive data logging is enabled. Log entries and exception messages may include sensitive application data; this mode should only be enabled during development.
2026-03-23 13:11:37.254 +05:30 [INF] Executed DbCommand (50ms) [Parameters=[@__email_0='user56@gmail.com' (Size = 450)], CommandType='"Text"', CommandTimeout='30']
SELECT TOP(1) [e].[Id], [e].[DepartmentId], [e].[Email], [e].[HmacSecret], [e].[ManagerId], [e].[Name], [e].[PasswordHash], [e].[Salary], [e].[role], [d].[Id], [d].[CompanyId], [d].[ManagerId], [d].[Name], [e0].[Id], [e0].[DepartmentId], [e0].[Email], [e0].[HmacSecret], [e0].[ManagerId], [e0].[Name], [e0].[PasswordHash], [e0].[Salary], [e0].[role]
FROM [Employees] AS [e]
INNER JOIN [Departments] AS [d] ON [e].[DepartmentId] = [d].[Id]
LEFT JOIN [Employees] AS [e0] ON [e].[ManagerId] = [e0].[Id]
WHERE [e].[Email] = @__email_0
2026-03-23 13:11:38.032 +05:30 [INF] Executed DbCommand (17ms) [Parameters=[@p0='1015', @p1='2026-03-30T07:41:37.7719829Z', @p2='False', @p3='1uT/EaWLOOqFr+Lhgcx0SOjuD8yV53DWc6YYTq3WaNc=' (Nullable = false) (Size = 4000)], CommandType='"Text"', CommandTimeout='30']
SET IMPLICIT_TRANSACTIONS OFF;
SET NOCOUNT ON;
INSERT INTO [RefreshTokens] ([EmployeeId], [Expires], [IsRevoked], [Token])
OUTPUT INSERTED.[Id]
VALUES (@p0, @p1, @p2, @p3);
2026-03-23 13:11:38.075 +05:30 [INF] Executing OkObjectResult, writing value of type '<>f__AnonymousType0`2[[System.String, System.Private.CoreLib, Version=8.0.0.0, Culture=neutral, PublicKeyToken=7cec85d7bea7798e],[System.String, System.Private.CoreLib, Version=8.0.0.0, Culture=neutral, PublicKeyToken=7cec85d7bea7798e]]'.
2026-03-23 13:11:38.125 +05:30 [INF] Executed action AuthController.Login (MyApi) in 2879.3154ms
2026-03-23 13:11:38.125 +05:30 [INF] Executed endpoint 'AuthController.Login (MyApi)'
2026-03-23 13:11:38.136 +05:30 [INF] Request finished HTTP/1.1 POST http://localhost:5062/api/Auth/login - 200 null application/json; charset=utf-8 3319.1935ms
2026-03-23 13:11:59.600 +05:30 [INF] Request starting HTTP/1.1 GET http://localhost:5062/api/Employees/20 - null null
2026-03-23 13:11:59.670 +05:30 [INF] Executing endpoint 'EmployeesController.GetEmployee (MyApi)'
2026-03-23 13:11:59.680 +05:30 [INF] Route matched with {action = "GetEmployee", controller = "Employees"}. Executing controller action with signature System.Threading.Tasks.Task`1[Microsoft.AspNetCore.Mvc.IActionResult] GetEmployee(Int32) on controller EmployeesController (MyApi).
2026-03-23 13:11:59.786 +05:30 [WRN] You do not have a valid license key for the Lucky Penny software AutoMapper. This is allowed for development and testing scenarios. If you are running in production you are required to have a licensed version. Please visit https://luckypennysoftware.com to obtain a valid license.
2026-03-23 13:11:59.789 +05:30 [INF] GetEmployee called (id=20).
2026-03-23 13:11:59.849 +05:30 [INF] Executed DbCommand (11ms) [Parameters=[@__id_0='20'], CommandType='"Text"', CommandTimeout='30']
SELECT TOP(1) [e].[Id], [e].[DepartmentId], [e].[Email], [e].[HmacSecret], [e].[ManagerId], [e].[Name], [e].[PasswordHash], [e].[Salary], [e].[role], [d].[Id], [d].[CompanyId], [d].[ManagerId], [d].[Name], [e0].[Id], [e0].[DepartmentId], [e0].[Email], [e0].[HmacSecret], [e0].[ManagerId], [e0].[Name], [e0].[PasswordHash], [e0].[Salary], [e0].[role]
FROM [Employees] AS [e]
INNER JOIN [Departments] AS [d] ON [e].[DepartmentId] = [d].[Id]
LEFT JOIN [Employees] AS [e0] ON [e].[ManagerId] = [e0].[Id]
WHERE [e].[Id] = @__id_0
2026-03-23 13:11:59.851 +05:30 [WRN] GetEmployee not found (id=20).
2026-03-23 13:11:59.853 +05:30 [INF] Executing ObjectResult, writing value of type 'Microsoft.AspNetCore.Mvc.ProblemDetails'.
2026-03-23 13:11:59.887 +05:30 [INF] Executed action EmployeesController.GetEmployee (MyApi) in 207.0564ms
2026-03-23 13:11:59.887 +05:30 [INF] Executed endpoint 'EmployeesController.GetEmployee (MyApi)'
2026-03-23 13:11:59.888 +05:30 [INF] Request finished HTTP/1.1 GET http://localhost:5062/api/Employees/20 - 404 null application/problem+json; charset=utf-8 287.3737ms
2026-03-23 13:16:50.409 +05:30 [INF] Server laptop-2j11tsn1:56580:8a5ee4fc caught stopping signal...
2026-03-23 13:16:50.409 +05:30 [INF] Application is shutting down...
2026-03-23 13:16:50.954 +05:30 [INF] Server laptop-2j11tsn1:56580:8a5ee4fc caught stopped signal...
2026-03-23 13:16:51.139 +05:30 [INF] Server laptop-2j11tsn1:56580:8a5ee4fc All dispatchers stopped
2026-03-23 13:16:51.173 +05:30 [INF] Server laptop-2j11tsn1:56580:8a5ee4fc successfully reported itself as stopped in 27.8305 ms
2026-03-23 13:16:51.173 +05:30 [INF] Server laptop-2j11tsn1:56580:8a5ee4fc has been stopped in total 763.8772 ms
2026-03-23 13:17:06 [Information] [TraceId: ] Start installing Hangfire SQL objects...
2026-03-23 13:17:07 [Information] [TraceId: ] Hangfire SQL objects installed.
2026-03-23 13:17:07 [Information] [TraceId: ] User profile is available. Using '"C:\Users\HP\AppData\Local\ASP.NET\DataProtection-Keys"' as key repository and Windows DPAPI to encrypt keys at rest.
2026-03-23 13:17:07 [Information] [TraceId: ] Now listening on: "http://localhost:5062"
2026-03-23 13:17:07 [Information] [TraceId: ] Starting Hangfire Server using job storage: 'SQL Server: LAPTOP-2J11TSN1@employeeDb'
2026-03-23 13:17:07 [Information] [TraceId: ] Using the following options for SQL Server job storage: Queue poll interval: 00:00:00.
2026-03-23 13:17:07 [Information] [TraceId: ] Using the following options for Hangfire Server:
    Worker count: 20
    Listening queues: 'default'
    Shutdown timeout: 00:00:15
    Schedule polling interval: 00:00:15
2026-03-23 13:17:07 [Information] [TraceId: ] Application started. Press Ctrl+C to shut down.
2026-03-23 13:17:07 [Information] [TraceId: ] Hosting environment: "Development"
2026-03-23 13:17:07 [Information] [TraceId: ] Content root path: "C:\Users\HP\Desktop\asp.net\MyApi"
2026-03-23 13:17:07 [Information] [TraceId: ] Server laptop-2j11tsn1:24360:8371eef3 successfully announced in 71.5901 ms
2026-03-23 13:17:07 [Information] [TraceId: ] Server laptop-2j11tsn1:24360:8371eef3 is starting the registered dispatchers: ServerWatchdog, ServerJobCancellationWatcher, SqlServerHeartbeatProcess, ExpirationManager, CountersAggregator, Worker, DelayedJobScheduler, RecurringJobScheduler...
2026-03-23 13:17:07 [Information] [TraceId: ] Server laptop-2j11tsn1:24360:8371eef3 all the dispatchers started
2026-03-23 13:17:07 [Information] [TraceId: 527cad93747626d4073ff95843329ec1] Request starting "HTTP/1.1" "GET" "http"://"localhost:5062""""/""" - null null
2026-03-23 13:17:07 [Warning] [TraceId: 527cad93747626d4073ff95843329ec1] Failed to determine the https port for redirect.
2026-03-23 13:17:07 [Information] [TraceId: 527cad93747626d4073ff95843329ec1] Request finished "HTTP/1.1" "GET" "http"://"localhost:5062""""/""" - 404 null null 131.5433ms
2026-03-23 13:17:07 [Information] [TraceId: 527cad93747626d4073ff95843329ec1] Request reached the end of the middleware pipeline without being handled by application code. Request path: "GET" "http"://"localhost:5062""""/", Response status code: 404
2026-03-23 13:17:10 [Information] [TraceId: 3a3f44b85d9de9d62e2d8cfe5556925c] Request starting "HTTP/1.1" "GET" "http"://"localhost:5062""""/""" - null null
2026-03-23 13:17:10 [Information] [TraceId: 3a3f44b85d9de9d62e2d8cfe5556925c] Request finished "HTTP/1.1" "GET" "http"://"localhost:5062""""/""" - 404 null null 23.2438ms
2026-03-23 13:17:10 [Information] [TraceId: 3a3f44b85d9de9d62e2d8cfe5556925c] Request reached the end of the middleware pipeline without being handled by application code. Request path: "GET" "http"://"localhost:5062""""/", Response status code: 404
2026-03-23 13:19:01 [Information] [TraceId: ] Server laptop-2j11tsn1:24360:8371eef3 caught stopping signal...
2026-03-23 13:19:01 [Information] [TraceId: ] Application is shutting down...
2026-03-23 13:19:01 [Information] [TraceId: ] Server laptop-2j11tsn1:24360:8371eef3 All dispatchers stopped
2026-03-23 13:19:01 [Information] [TraceId: ] Server laptop-2j11tsn1:24360:8371eef3 successfully reported itself as stopped in 11.5705 ms
2026-03-23 13:19:01 [Information] [TraceId: ] Server laptop-2j11tsn1:24360:8371eef3 has been stopped in total 169.6142 ms
2026-03-23 13:19:05 [Information] [TraceId: ] Start installing Hangfire SQL objects...
2026-03-23 13:19:05 [Information] [TraceId: ] Hangfire SQL objects installed.
2026-03-23 13:19:05 [Information] [TraceId: ] User profile is available. Using '"C:\Users\HP\AppData\Local\ASP.NET\DataProtection-Keys"' as key repository and Windows DPAPI to encrypt keys at rest.
2026-03-23 13:19:06 [Information] [TraceId: ] Now listening on: "http://localhost:5062"
2026-03-23 13:19:06 [Information] [TraceId: ] Starting Hangfire Server using job storage: 'SQL Server: LAPTOP-2J11TSN1@employeeDb'
2026-03-23 13:19:06 [Information] [TraceId: ] Using the following options for SQL Server job storage: Queue poll interval: 00:00:00.
2026-03-23 13:19:06 [Information] [TraceId: ] Using the following options for Hangfire Server:
    Worker count: 20
    Listening queues: 'default'
    Shutdown timeout: 00:00:15
    Schedule polling interval: 00:00:15
2026-03-23 13:19:06 [Information] [TraceId: ] Application started. Press Ctrl+C to shut down.
2026-03-23 13:19:06 [Information] [TraceId: ] Hosting environment: "Development"
2026-03-23 13:19:06 [Information] [TraceId: ] Content root path: "C:\Users\HP\Desktop\asp.net\MyApi"
2026-03-23 13:19:06 [Information] [TraceId: ] Server laptop-2j11tsn1:60628:a42b4e36 successfully announced in 86.0268 ms
2026-03-23 13:19:06 [Information] [TraceId: ] Server laptop-2j11tsn1:60628:a42b4e36 is starting the registered dispatchers: ServerWatchdog, ServerJobCancellationWatcher, SqlServerHeartbeatProcess, ExpirationManager, CountersAggregator, Worker, DelayedJobScheduler, RecurringJobScheduler...
2026-03-23 13:19:06 [Information] [TraceId: ] Server laptop-2j11tsn1:60628:a42b4e36 all the dispatchers started
2026-03-23 13:19:17 [Information] [TraceId: 6ac1e4a7f32288d3d2b9cd604f655a24] Request starting "HTTP/1.1" "GET" "http"://"localhost:5062""""/""" - null null
2026-03-23 13:19:17 [Warning] [TraceId: 6ac1e4a7f32288d3d2b9cd604f655a24] Failed to determine the https port for redirect.
2026-03-23 13:19:17 [Information] [TraceId: 6ac1e4a7f32288d3d2b9cd604f655a24] Request finished "HTTP/1.1" "GET" "http"://"localhost:5062""""/""" - 404 null null 257.2562ms
2026-03-23 13:19:17 [Information] [TraceId: 6ac1e4a7f32288d3d2b9cd604f655a24] Request reached the end of the middleware pipeline without being handled by application code. Request path: "GET" "http"://"localhost:5062""""/", Response status code: 404
2026-03-23 13:19:22 [Information] [TraceId: d878ddbe671a83d19c79e4306ccdf50f] Request starting "HTTP/1.1" "GET" "http"://"localhost:5062""""/swagger/index.html""" - null null
2026-03-23 13:19:22 [Information] [TraceId: d878ddbe671a83d19c79e4306ccdf50f] Request finished "HTTP/1.1" "GET" "http"://"localhost:5062""""/swagger/index.html""" - 200 null "text/html;charset=utf-8" 161.3477ms
2026-03-23 13:19:22 [Information] [TraceId: 5cdb95e7008ca529dcf93939b28b1119] Request starting "HTTP/1.1" "GET" "http"://"localhost:5062""""/_framework/aspnetcore-browser-refresh.js""" - null null
2026-03-23 13:19:22 [Information] [TraceId: 5cdb95e7008ca529dcf93939b28b1119] Request finished "HTTP/1.1" "GET" "http"://"localhost:5062""""/_framework/aspnetcore-browser-refresh.js""" - 200 16547 "application/javascript; charset=utf-8" 3.421ms
2026-03-23 13:19:23 [Information] [TraceId: 8c4f7350657f28e055e8934183094c68] Request starting "HTTP/1.1" "GET" "http"://"localhost:5062""""/swagger/v1/swagger.json""" - null null
2026-03-23 13:19:23 [Information] [TraceId: 8c4f7350657f28e055e8934183094c68] Request finished "HTTP/1.1" "GET" "http"://"localhost:5062""""/swagger/v1/swagger.json""" - 200 null "application/json;charset=utf-8" 152.2383ms
2026-03-23 13:19:40 [Information] [TraceId: 3ebaf01d57b463a9d3b7f17675eb850f] Request starting "HTTP/1.1" "POST" "http"://"localhost:5062""""/api/Auth/login""" - "application/json" 57
2026-03-23 13:19:40 [Information] [TraceId: 3ebaf01d57b463a9d3b7f17675eb850f] Executing endpoint '"AuthController.Login (MyApi)"'
2026-03-23 13:19:40 [Information] [TraceId: 3ebaf01d57b463a9d3b7f17675eb850f] Route matched with "{action = \"Login\", controller = \"Auth\"}". Executing controller action with signature "System.Threading.Tasks.Task`1[Microsoft.AspNetCore.Mvc.IActionResult] Login(MyApi.DTO.Employee.Logindto)" on controller "AuthController" ("MyApi").
2026-03-23 13:19:41 [Warning] [TraceId: 3ebaf01d57b463a9d3b7f17675eb850f] Sensitive data logging is enabled. Log entries and exception messages may include sensitive application data; this mode should only be enabled during development.
2026-03-23 13:19:42 [Information] [TraceId: 3ebaf01d57b463a9d3b7f17675eb850f] Executed DbCommand ("36"ms) [Parameters=["@__email_0='user56@gmail.com' (Size = 450)"], CommandType='Text', CommandTimeout='30']"
""SELECT TOP(1) [e].[Id], [e].[DepartmentId], [e].[Email], [e].[HmacSecret], [e].[ManagerId], [e].[Name], [e].[PasswordHash], [e].[Salary], [e].[role], [d].[Id], [d].[CompanyId], [d].[ManagerId], [d].[Name], [e0].[Id], [e0].[DepartmentId], [e0].[Email], [e0].[HmacSecret], [e0].[ManagerId], [e0].[Name], [e0].[PasswordHash], [e0].[Salary], [e0].[role]
FROM [Employees] AS [e]
INNER JOIN [Departments] AS [d] ON [e].[DepartmentId] = [d].[Id]
LEFT JOIN [Employees] AS [e0] ON [e].[ManagerId] = [e0].[Id]
WHERE [e].[Email] = @__email_0"
2026-03-23 13:19:42 [Information] [TraceId: 3ebaf01d57b463a9d3b7f17675eb850f] Executed DbCommand ("18"ms) [Parameters=["@p0='1015', @p1='2026-03-30T07:49:42.7455221Z', @p2='False', @p3='C90BLfe0vGAmpiE2PVWvFUCGD0URxwEnsJuBVaxAS0k=' (Nullable = false) (Size = 4000)"], CommandType='Text', CommandTimeout='30']"
""SET IMPLICIT_TRANSACTIONS OFF;
SET NOCOUNT ON;
INSERT INTO [RefreshTokens] ([EmployeeId], [Expires], [IsRevoked], [Token])
OUTPUT INSERTED.[Id]
VALUES (@p0, @p1, @p2, @p3);"
2026-03-23 13:19:43 [Information] [TraceId: 3ebaf01d57b463a9d3b7f17675eb850f] Executing "OkObjectResult", writing value of type '"<>f__AnonymousType0`2[[System.String, System.Private.CoreLib, Version=8.0.0.0, Culture=neutral, PublicKeyToken=7cec85d7bea7798e],[System.String, System.Private.CoreLib, Version=8.0.0.0, Culture=neutral, PublicKeyToken=7cec85d7bea7798e]]"'.
2026-03-23 13:19:43 [Information] [TraceId: 3ebaf01d57b463a9d3b7f17675eb850f] Executed action "AuthController.Login (MyApi)" in 2592.7487ms
2026-03-23 13:19:43 [Information] [TraceId: 3ebaf01d57b463a9d3b7f17675eb850f] Executed endpoint '"AuthController.Login (MyApi)"'
2026-03-23 13:19:43 [Information] [TraceId: 3ebaf01d57b463a9d3b7f17675eb850f] Request finished "HTTP/1.1" "POST" "http"://"localhost:5062""""/api/Auth/login""" - 200 null "application/json; charset=utf-8" 2705.1611ms
2026-03-23 13:20:00 [Information] [TraceId: 14a9f0d0332782f863e855cb3f93189d] Request starting "HTTP/1.1" "GET" "http"://"localhost:5062""""/api/Employees/20""" - null null
2026-03-23 13:20:00 [Information] [TraceId: 14a9f0d0332782f863e855cb3f93189d] Executing endpoint '"EmployeesController.GetEmployee (MyApi)"'
2026-03-23 13:20:00 [Information] [TraceId: 14a9f0d0332782f863e855cb3f93189d] Route matched with "{action = \"GetEmployee\", controller = \"Employees\"}". Executing controller action with signature "System.Threading.Tasks.Task`1[Microsoft.AspNetCore.Mvc.IActionResult] GetEmployee(Int32)" on controller "EmployeesController" ("MyApi").
2026-03-23 13:20:00 [Warning] [TraceId: 14a9f0d0332782f863e855cb3f93189d] You do not have a valid license key for the Lucky Penny software AutoMapper. This is allowed for development and testing scenarios. If you are running in production you are required to have a licensed version. Please visit https://luckypennysoftware.com to obtain a valid license.
2026-03-23 13:20:00 [Information] [TraceId: 14a9f0d0332782f863e855cb3f93189d] GetEmployee called (id=20).
2026-03-23 13:20:00 [Information] [TraceId: 14a9f0d0332782f863e855cb3f93189d] Executed DbCommand ("9"ms) [Parameters=["@__id_0='20'"], CommandType='Text', CommandTimeout='30']"
""SELECT TOP(1) [e].[Id], [e].[DepartmentId], [e].[Email], [e].[HmacSecret], [e].[ManagerId], [e].[Name], [e].[PasswordHash], [e].[Salary], [e].[role], [d].[Id], [d].[CompanyId], [d].[ManagerId], [d].[Name], [e0].[Id], [e0].[DepartmentId], [e0].[Email], [e0].[HmacSecret], [e0].[ManagerId], [e0].[Name], [e0].[PasswordHash], [e0].[Salary], [e0].[role]
FROM [Employees] AS [e]
INNER JOIN [Departments] AS [d] ON [e].[DepartmentId] = [d].[Id]
LEFT JOIN [Employees] AS [e0] ON [e].[ManagerId] = [e0].[Id]
WHERE [e].[Id] = @__id_0"
2026-03-23 13:20:00 [Warning] [TraceId: 14a9f0d0332782f863e855cb3f93189d] GetEmployee not found (id=20).
2026-03-23 13:20:00 [Information] [TraceId: 14a9f0d0332782f863e855cb3f93189d] Executing "ObjectResult", writing value of type '"Microsoft.AspNetCore.Mvc.ProblemDetails"'.
2026-03-23 13:20:00 [Information] [TraceId: 14a9f0d0332782f863e855cb3f93189d] Executed action "EmployeesController.GetEmployee (MyApi)" in 191.6733ms
2026-03-23 13:20:00 [Information] [TraceId: 14a9f0d0332782f863e855cb3f93189d] Executed endpoint '"EmployeesController.GetEmployee (MyApi)"'
2026-03-23 13:20:00 [Information] [TraceId: 14a9f0d0332782f863e855cb3f93189d] Request finished "HTTP/1.1" "GET" "http"://"localhost:5062""""/api/Employees/20""" - 404 null "application/problem+json; charset=utf-8" 296.0145ms
2026-03-23 13:20:26 [Information] [TraceId: f05b184d93bc0389fb0d1e39970539d7] Request starting "HTTP/1.1" "GET" "http"://"localhost:5062""""/api/Employees/all""" - null null
2026-03-23 13:20:26 [Information] [TraceId: f05b184d93bc0389fb0d1e39970539d7] Executing endpoint '"EmployeesController.GetAllEmployees (MyApi)"'
2026-03-23 13:20:26 [Information] [TraceId: f05b184d93bc0389fb0d1e39970539d7] Route matched with "{action = \"GetAllEmployees\", controller = \"Employees\"}". Executing controller action with signature "System.Threading.Tasks.Task`1[Microsoft.AspNetCore.Mvc.IActionResult] GetAllEmployees()" on controller "EmployeesController" ("MyApi").
2026-03-23 13:20:26 [Information] [TraceId: f05b184d93bc0389fb0d1e39970539d7] GetAllEmployees called.
2026-03-23 13:20:27 [Information] [TraceId: f05b184d93bc0389fb0d1e39970539d7] Executed DbCommand ("8"ms) [Parameters=[""], CommandType='Text', CommandTimeout='30']"
""SELECT [e].[Id], [e].[DepartmentId], [e].[Email], [e].[HmacSecret], [e].[ManagerId], [e].[Name], [e].[PasswordHash], [e].[Salary], [e].[role], [d].[Id], [d].[CompanyId], [d].[ManagerId], [d].[Name], [e0].[Id], [e0].[DepartmentId], [e0].[Email], [e0].[HmacSecret], [e0].[ManagerId], [e0].[Name], [e0].[PasswordHash], [e0].[Salary], [e0].[role]
FROM [Employees] AS [e]
INNER JOIN [Departments] AS [d] ON [e].[DepartmentId] = [d].[Id]
LEFT JOIN [Employees] AS [e0] ON [e].[ManagerId] = [e0].[Id]"
2026-03-23 13:20:27 [Information] [TraceId: f05b184d93bc0389fb0d1e39970539d7] Executing "OkObjectResult", writing value of type '"System.Collections.Generic.List`1[[MyApi.DTO.Employee.Reademployeedto, MyApi, Version=1.0.0.0, Culture=neutral, PublicKeyToken=null]]"'.
2026-03-23 13:20:27 [Information] [TraceId: f05b184d93bc0389fb0d1e39970539d7] Executed action "EmployeesController.GetAllEmployees (MyApi)" in 137.0166ms
2026-03-23 13:20:27 [Information] [TraceId: f05b184d93bc0389fb0d1e39970539d7] Executed endpoint '"EmployeesController.GetAllEmployees (MyApi)"'
2026-03-23 13:20:27 [Information] [TraceId: f05b184d93bc0389fb0d1e39970539d7] Request finished "HTTP/1.1" "GET" "http"://"localhost:5062""""/api/Employees/all""" - 200 null "application/json; charset=utf-8" 147.4103ms
2026-03-23 13:23:08 [Information] [TraceId: 42480875c95bd2add5f779de519dcc2a] Request starting "HTTP/1.1" "GET" "http"://"localhost:5062""""/api/Employees/all""" - null null
2026-03-23 13:23:08 [Information] [TraceId: 42480875c95bd2add5f779de519dcc2a] Executing endpoint '"EmployeesController.GetAllEmployees (MyApi)"'
2026-03-23 13:23:08 [Information] [TraceId: 42480875c95bd2add5f779de519dcc2a] Route matched with "{action = \"GetAllEmployees\", controller = \"Employees\"}". Executing controller action with signature "System.Threading.Tasks.Task`1[Microsoft.AspNetCore.Mvc.IActionResult] GetAllEmployees()" on controller "EmployeesController" ("MyApi").
2026-03-23 13:23:08 [Information] [TraceId: 42480875c95bd2add5f779de519dcc2a] GetAllEmployees called.
2026-03-23 13:23:08 [Information] [TraceId: 42480875c95bd2add5f779de519dcc2a] Executing "OkObjectResult", writing value of type '"System.Collections.Generic.List`1[[MyApi.DTO.Employee.Reademployeedto, MyApi, Version=1.0.0.0, Culture=neutral, PublicKeyToken=null]]"'.
2026-03-23 13:23:08 [Information] [TraceId: 42480875c95bd2add5f779de519dcc2a] Executed action "EmployeesController.GetAllEmployees (MyApi)" in 2.945ms
2026-03-23 13:23:08 [Information] [TraceId: 42480875c95bd2add5f779de519dcc2a] Executed endpoint '"EmployeesController.GetAllEmployees (MyApi)"'
2026-03-23 13:23:08 [Information] [TraceId: 42480875c95bd2add5f779de519dcc2a] Request finished "HTTP/1.1" "GET" "http"://"localhost:5062""""/api/Employees/all""" - 200 null "application/json; charset=utf-8" 16.3494ms
2026-03-23 14:23:28 [Information] [TraceId: 28e10e57cb9d34e553c1c7859e513691] Request starting "HTTP/1.1" "GET" "http"://"localhost:5062""""/swagger/index.html""" - null null
2026-03-23 14:23:28 [Information] [TraceId: 28e10e57cb9d34e553c1c7859e513691] Request finished "HTTP/1.1" "GET" "http"://"localhost:5062""""/swagger/index.html""" - 200 null "text/html;charset=utf-8" 3.95ms
2026-03-23 14:23:28 [Information] [TraceId: 2d0d3f2e580a581622bde2036b239891] Request starting "HTTP/1.1" "GET" "http"://"localhost:5062""""/_framework/aspnetcore-browser-refresh.js""" - null null
2026-03-23 14:23:28 [Information] [TraceId: 2d0d3f2e580a581622bde2036b239891] Request finished "HTTP/1.1" "GET" "http"://"localhost:5062""""/_framework/aspnetcore-browser-refresh.js""" - 200 16547 "application/javascript; charset=utf-8" 2.107ms
2026-03-23 14:23:31 [Information] [TraceId: e4bf2047380aee124d28eb30d09e26c5] Request starting "HTTP/1.1" "GET" "http"://"localhost:5062""""/swagger/v1/swagger.json""" - null null
2026-03-23 14:23:31 [Information] [TraceId: e4bf2047380aee124d28eb30d09e26c5] Request finished "HTTP/1.1" "GET" "http"://"localhost:5062""""/swagger/v1/swagger.json""" - 200 null "application/json;charset=utf-8" 15.5422ms
2026-03-23 14:23:31 [Information] [TraceId: 307b7d588efd3a5e1ed14e589f22390b] Request starting "HTTP/1.1" "GET" "http"://"localhost:5062""""/swagger/favicon-32x32.png""" - null null
2026-03-23 14:23:31 [Information] [TraceId: 307b7d588efd3a5e1ed14e589f22390b] Sending file. Request path: '"/favicon-32x32.png"'. Physical path: '"N/A"'
2026-03-23 14:23:31 [Information] [TraceId: 307b7d588efd3a5e1ed14e589f22390b] Request finished "HTTP/1.1" "GET" "http"://"localhost:5062""""/swagger/favicon-32x32.png""" - 200 628 "image/png" 13.0429ms
2026-03-23 14:25:28 [Information] [TraceId: ] Server laptop-2j11tsn1:60628:a42b4e36 caught stopping signal...
2026-03-23 14:25:28 [Information] [TraceId: ] Application is shutting down...
2026-03-23 14:25:29 [Information] [TraceId: ] Server laptop-2j11tsn1:60628:a42b4e36 All dispatchers stopped
2026-03-23 14:25:29 [Information] [TraceId: ] Server laptop-2j11tsn1:60628:a42b4e36 successfully reported itself as stopped in 13.0651 ms
2026-03-23 14:25:29 [Information] [TraceId: ] Server laptop-2j11tsn1:60628:a42b4e36 has been stopped in total 292.8074 ms
2026-03-23 14:25:36 [Information] [TraceId: ] Start installing Hangfire SQL objects...
2026-03-23 14:25:37 [Information] [TraceId: ] Hangfire SQL objects installed.
2026-03-23 14:25:37 [Information] [TraceId: ] User profile is available. Using '"C:\Users\HP\AppData\Local\ASP.NET\DataProtection-Keys"' as key repository and Windows DPAPI to encrypt keys at rest.
2026-03-23 14:25:37 [Information] [TraceId: ] Now listening on: "http://localhost:5062"
2026-03-23 14:25:37 [Information] [TraceId: ] Starting Hangfire Server using job storage: 'SQL Server: LAPTOP-2J11TSN1@employeeDb'
2026-03-23 14:25:37 [Information] [TraceId: ] Using the following options for SQL Server job storage: Queue poll interval: 00:00:00.
2026-03-23 14:25:37 [Information] [TraceId: ] Using the following options for Hangfire Server:
    Worker count: 20
    Listening queues: 'default'
    Shutdown timeout: 00:00:15
    Schedule polling interval: 00:00:15
2026-03-23 14:25:37 [Information] [TraceId: ] Application started. Press Ctrl+C to shut down.
2026-03-23 14:25:37 [Information] [TraceId: ] Hosting environment: "Development"
2026-03-23 14:25:37 [Information] [TraceId: ] Content root path: "C:\Users\HP\Desktop\asp.net\MyApi"
2026-03-23 14:25:38 [Information] [TraceId: ] Server laptop-2j11tsn1:70912:55ccf908 successfully announced in 79.9185 ms
2026-03-23 14:25:38 [Information] [TraceId: ] Server laptop-2j11tsn1:70912:55ccf908 is starting the registered dispatchers: ServerWatchdog, ServerJobCancellationWatcher, SqlServerHeartbeatProcess, ExpirationManager, CountersAggregator, Worker, DelayedJobScheduler, RecurringJobScheduler...
2026-03-23 14:25:38 [Information] [TraceId: ] Server laptop-2j11tsn1:70912:55ccf908 all the dispatchers started
2026-03-23 14:25:38 [Information] [TraceId: 497ce82ec9a01692fd5605cf527ddd8a] Request starting "HTTP/1.1" "GET" "http"://"localhost:5062""""/""" - null null
2026-03-23 14:25:38 [Warning] [TraceId: 497ce82ec9a01692fd5605cf527ddd8a] Failed to determine the https port for redirect.
2026-03-23 14:25:38 [Information] [TraceId: 497ce82ec9a01692fd5605cf527ddd8a] Request finished "HTTP/1.1" "GET" "http"://"localhost:5062""""/""" - 404 null null 155.2451ms
2026-03-23 14:25:38 [Information] [TraceId: 497ce82ec9a01692fd5605cf527ddd8a] Request reached the end of the middleware pipeline without being handled by application code. Request path: "GET" "http"://"localhost:5062""""/", Response status code: 404
2026-03-23 14:25:44 [Information] [TraceId: 1049d8d06e1b3daffdbf5d87e7deb31a] Request starting "HTTP/1.1" "GET" "http"://"localhost:5062""""/swagger/index.html""" - null null
2026-03-23 14:25:45 [Information] [TraceId: 1049d8d06e1b3daffdbf5d87e7deb31a] Request finished "HTTP/1.1" "GET" "http"://"localhost:5062""""/swagger/index.html""" - 200 null "text/html;charset=utf-8" 239.206ms
2026-03-23 14:25:45 [Information] [TraceId: 71c85f877afa9a0ba845db5c4da83aa2] Request starting "HTTP/1.1" "GET" "http"://"localhost:5062""""/_framework/aspnetcore-browser-refresh.js""" - null null
2026-03-23 14:25:45 [Information] [TraceId: 71c85f877afa9a0ba845db5c4da83aa2] Request finished "HTTP/1.1" "GET" "http"://"localhost:5062""""/_framework/aspnetcore-browser-refresh.js""" - 200 16547 "application/javascript; charset=utf-8" 3.8215ms
2026-03-23 14:25:45 [Information] [TraceId: 5bbb2de63c29b6d07e73cb6ef9f6a609] Request starting "HTTP/1.1" "GET" "http"://"localhost:5062""""/swagger/v1/swagger.json""" - null null
2026-03-23 14:25:45 [Information] [TraceId: 5bbb2de63c29b6d07e73cb6ef9f6a609] Request finished "HTTP/1.1" "GET" "http"://"localhost:5062""""/swagger/v1/swagger.json""" - 200 null "application/json;charset=utf-8" 210.8201ms
2026-03-23 14:25:59 [Information] [TraceId: 10b62a07f2be887bd603257240e9ee36] Request starting "HTTP/1.1" "POST" "http"://"localhost:5062""""/api/Auth/login""" - "application/json" 57
2026-03-23 14:25:59 [Information] [TraceId: 10b62a07f2be887bd603257240e9ee36] Executing endpoint '"AuthController.Login (MyApi)"'
2026-03-23 14:25:59 [Information] [TraceId: 10b62a07f2be887bd603257240e9ee36] Route matched with "{action = \"Login\", controller = \"Auth\"}". Executing controller action with signature "System.Threading.Tasks.Task`1[Microsoft.AspNetCore.Mvc.IActionResult] Login(MyApi.DTO.Employee.Logindto)" on controller "AuthController" ("MyApi").
2026-03-23 14:25:59 [Information] [TraceId: 10b62a07f2be887bd603257240e9ee36] Login requested for email "user56@gmail.com".
2026-03-23 14:25:59 [Information] [TraceId: 10b62a07f2be887bd603257240e9ee36] Fetching employee by email from repository (email="user56@gmail.com").
2026-03-23 14:26:01 [Warning] [TraceId: 10b62a07f2be887bd603257240e9ee36] Sensitive data logging is enabled. Log entries and exception messages may include sensitive application data; this mode should only be enabled during development.
2026-03-23 14:26:02 [Information] [TraceId: 10b62a07f2be887bd603257240e9ee36] Executed DbCommand ("65"ms) [Parameters=["@__email_0='user56@gmail.com' (Size = 450)"], CommandType='Text', CommandTimeout='30']"
""SELECT TOP(1) [e].[Id], [e].[DepartmentId], [e].[Email], [e].[HmacSecret], [e].[ManagerId], [e].[Name], [e].[PasswordHash], [e].[Salary], [e].[role], [d].[Id], [d].[CompanyId], [d].[ManagerId], [d].[Name], [e0].[Id], [e0].[DepartmentId], [e0].[Email], [e0].[HmacSecret], [e0].[ManagerId], [e0].[Name], [e0].[PasswordHash], [e0].[Salary], [e0].[role]
FROM [Employees] AS [e]
INNER JOIN [Departments] AS [d] ON [e].[DepartmentId] = [d].[Id]
LEFT JOIN [Employees] AS [e0] ON [e].[ManagerId] = [e0].[Id]
WHERE [e].[Email] = @__email_0"
2026-03-23 14:26:02 [Information] [TraceId: 10b62a07f2be887bd603257240e9ee36] Creating access token for employee (id=1015, email="user56@gmail.com").
2026-03-23 14:26:03 [Information] [TraceId: 10b62a07f2be887bd603257240e9ee36] Generating refresh token.
2026-03-23 14:26:03 [Information] [TraceId: 10b62a07f2be887bd603257240e9ee36] Creating refresh token entity for employee (id=1015).
2026-03-23 14:26:03 [Information] [TraceId: 10b62a07f2be887bd603257240e9ee36] Hashing refresh token.
2026-03-23 14:26:03 [Information] [TraceId: 10b62a07f2be887bd603257240e9ee36] Persisting refresh token for employee (employeeId=1015, expires=03/30/2026 08:56:03).
2026-03-23 14:26:03 [Information] [TraceId: 10b62a07f2be887bd603257240e9ee36] Executed DbCommand ("19"ms) [Parameters=["@p0='1015', @p1='2026-03-30T08:56:03.0430772Z', @p2='False', @p3='H3YuJq187ir+xXA6B4zB/Uv2F7frCk2Eej71C+2RngE=' (Nullable = false) (Size = 4000)"], CommandType='Text', CommandTimeout='30']"
""SET IMPLICIT_TRANSACTIONS OFF;
SET NOCOUNT ON;
INSERT INTO [RefreshTokens] ([EmployeeId], [Expires], [IsRevoked], [Token])
OUTPUT INSERTED.[Id]
VALUES (@p0, @p1, @p2, @p3);"
2026-03-23 14:26:03 [Information] [TraceId: 10b62a07f2be887bd603257240e9ee36] Login succeeded for employee (id=1015, email="user56@gmail.com").
2026-03-23 14:26:03 [Information] [TraceId: 10b62a07f2be887bd603257240e9ee36] Executing "OkObjectResult", writing value of type '"<>f__AnonymousType0`2[[System.String, System.Private.CoreLib, Version=8.0.0.0, Culture=neutral, PublicKeyToken=7cec85d7bea7798e],[System.String, System.Private.CoreLib, Version=8.0.0.0, Culture=neutral, PublicKeyToken=7cec85d7bea7798e]]"'.
2026-03-23 14:26:03 [Information] [TraceId: 10b62a07f2be887bd603257240e9ee36] Executed action "AuthController.Login (MyApi)" in 3847.8597ms
2026-03-23 14:26:03 [Information] [TraceId: 10b62a07f2be887bd603257240e9ee36] Executed endpoint '"AuthController.Login (MyApi)"'
2026-03-23 14:26:03 [Information] [TraceId: 10b62a07f2be887bd603257240e9ee36] Request finished "HTTP/1.1" "POST" "http"://"localhost:5062""""/api/Auth/login""" - 200 null "application/json; charset=utf-8" 4012.4449ms
2026-03-23 14:26:22 [Information] [TraceId: a23b1d22698c1744dd0a5b88ba15dd8a] Request starting "HTTP/1.1" "GET" "http"://"localhost:5062""""/api/Employees/all""" - null null
2026-03-23 14:26:22 [Information] [TraceId: a23b1d22698c1744dd0a5b88ba15dd8a] Executing endpoint '"EmployeesController.GetAllEmployees (MyApi)"'
2026-03-23 14:26:22 [Information] [TraceId: a23b1d22698c1744dd0a5b88ba15dd8a] Route matched with "{action = \"GetAllEmployees\", controller = \"Employees\"}". Executing controller action with signature "System.Threading.Tasks.Task`1[Microsoft.AspNetCore.Mvc.IActionResult] GetAllEmployees()" on controller "EmployeesController" ("MyApi").
2026-03-23 14:26:22 [Warning] [TraceId: a23b1d22698c1744dd0a5b88ba15dd8a] You do not have a valid license key for the Lucky Penny software AutoMapper. This is allowed for development and testing scenarios. If you are running in production you are required to have a licensed version. Please visit https://luckypennysoftware.com to obtain a valid license.
2026-03-23 14:26:22 [Information] [TraceId: a23b1d22698c1744dd0a5b88ba15dd8a] GetAllEmployees called.
2026-03-23 14:26:22 [Information] [TraceId: a23b1d22698c1744dd0a5b88ba15dd8a] Fetching all employees from service.
2026-03-23 14:26:22 [Information] [TraceId: a23b1d22698c1744dd0a5b88ba15dd8a] Employee list cache miss. Loading from repository.
2026-03-23 14:26:22 [Information] [TraceId: a23b1d22698c1744dd0a5b88ba15dd8a] Fetching all employees from repository.
2026-03-23 14:26:22 [Information] [TraceId: a23b1d22698c1744dd0a5b88ba15dd8a] Executed DbCommand ("8"ms) [Parameters=[""], CommandType='Text', CommandTimeout='30']"
""SELECT [e].[Id], [e].[DepartmentId], [e].[Email], [e].[HmacSecret], [e].[ManagerId], [e].[Name], [e].[PasswordHash], [e].[Salary], [e].[role], [d].[Id], [d].[CompanyId], [d].[ManagerId], [d].[Name], [e0].[Id], [e0].[DepartmentId], [e0].[Email], [e0].[HmacSecret], [e0].[ManagerId], [e0].[Name], [e0].[PasswordHash], [e0].[Salary], [e0].[role]
FROM [Employees] AS [e]
INNER JOIN [Departments] AS [d] ON [e].[DepartmentId] = [d].[Id]
LEFT JOIN [Employees] AS [e0] ON [e].[ManagerId] = [e0].[Id]"
2026-03-23 14:26:22 [Information] [TraceId: a23b1d22698c1744dd0a5b88ba15dd8a] Employee list cached with 8 records.
2026-03-23 14:26:22 [Information] [TraceId: a23b1d22698c1744dd0a5b88ba15dd8a] Executing "OkObjectResult", writing value of type '"System.Collections.Generic.List`1[[MyApi.DTO.Employee.Reademployeedto, MyApi, Version=1.0.0.0, Culture=neutral, PublicKeyToken=null]]"'.
2026-03-23 14:26:22 [Information] [TraceId: a23b1d22698c1744dd0a5b88ba15dd8a] Executed action "EmployeesController.GetAllEmployees (MyApi)" in 223.4142ms
2026-03-23 14:26:22 [Information] [TraceId: a23b1d22698c1744dd0a5b88ba15dd8a] Executed endpoint '"EmployeesController.GetAllEmployees (MyApi)"'
2026-03-23 14:26:22 [Information] [TraceId: a23b1d22698c1744dd0a5b88ba15dd8a] Request finished "HTTP/1.1" "GET" "http"://"localhost:5062""""/api/Employees/all""" - 200 null "application/json; charset=utf-8" 327.662ms
2026-03-23 14:52:18 [Information] [TraceId: ] Server laptop-2j11tsn1:70912:55ccf908 caught stopping signal...
2026-03-23 14:52:18 [Information] [TraceId: ] Application is shutting down...
2026-03-23 14:52:19 [Information] [TraceId: ] Server laptop-2j11tsn1:70912:55ccf908 All dispatchers stopped
2026-03-23 14:52:19 [Information] [TraceId: ] Server laptop-2j11tsn1:70912:55ccf908 successfully reported itself as stopped in 5.1827 ms
2026-03-23 14:52:19 [Information] [TraceId: ] Server laptop-2j11tsn1:70912:55ccf908 has been stopped in total 447.7911 ms
2026-03-23 15:03:27 [Information] [TraceId: ] Start installing Hangfire SQL objects...
2026-03-23 15:03:28 [Information] [TraceId: ] Hangfire SQL objects installed.
2026-03-23 15:03:28 [Information] [TraceId: ] User profile is available. Using '"C:\Users\HP\AppData\Local\ASP.NET\DataProtection-Keys"' as key repository and Windows DPAPI to encrypt keys at rest.
2026-03-23 15:03:29 [Information] [TraceId: ] Now listening on: "http://localhost:5062"
2026-03-23 15:03:29 [Information] [TraceId: ] Starting Hangfire Server using job storage: 'SQL Server: LAPTOP-2J11TSN1@employeeDb'
2026-03-23 15:03:29 [Information] [TraceId: ] Using the following options for SQL Server job storage: Queue poll interval: 00:00:00.
2026-03-23 15:03:29 [Information] [TraceId: ] Using the following options for Hangfire Server:
    Worker count: 20
    Listening queues: 'default'
    Shutdown timeout: 00:00:15
    Schedule polling interval: 00:00:15
2026-03-23 15:03:29 [Information] [TraceId: ] Application started. Press Ctrl+C to shut down.
2026-03-23 15:03:29 [Information] [TraceId: ] Hosting environment: "Development"
2026-03-23 15:03:29 [Information] [TraceId: ] Content root path: "C:\Users\HP\Desktop\asp.net\MyApi"
2026-03-23 15:03:29 [Information] [TraceId: ] Server laptop-2j11tsn1:78304:58f8828d successfully announced in 116.4159 ms
2026-03-23 15:03:29 [Information] [TraceId: ] Server laptop-2j11tsn1:78304:58f8828d is starting the registered dispatchers: ServerWatchdog, ServerJobCancellationWatcher, SqlServerHeartbeatProcess, ExpirationManager, CountersAggregator, Worker, DelayedJobScheduler, RecurringJobScheduler...
2026-03-23 15:03:29 [Information] [TraceId: ] Server laptop-2j11tsn1:78304:58f8828d all the dispatchers started
2026-03-23 15:03:29 [Information] [TraceId: 3525713a37212868f533d03a41c3cd6d] Request starting "HTTP/1.1" "GET" "http"://"localhost:5062""""/""" - null null
2026-03-23 15:03:29 [Warning] [TraceId: 3525713a37212868f533d03a41c3cd6d] Failed to determine the https port for redirect.
2026-03-23 15:03:29 [Information] [TraceId: 3525713a37212868f533d03a41c3cd6d] Request finished "HTTP/1.1" "GET" "http"://"localhost:5062""""/""" - 404 null null 269.5178ms
2026-03-23 15:03:29 [Information] [TraceId: 3525713a37212868f533d03a41c3cd6d] Request reached the end of the middleware pipeline without being handled by application code. Request path: "GET" "http"://"localhost:5062""""/", Response status code: 404
2026-03-23 15:03:34 [Information] [TraceId: 9e12c2683ff7b04cbda06b1dd90a5f38] Request starting "HTTP/1.1" "GET" "http"://"localhost:5062""""/swagger/index.html""" - null null
2026-03-23 15:03:34 [Information] [TraceId: 9e12c2683ff7b04cbda06b1dd90a5f38] Request finished "HTTP/1.1" "GET" "http"://"localhost:5062""""/swagger/index.html""" - 200 null "text/html;charset=utf-8" 210.1657ms
2026-03-23 15:03:35 [Information] [TraceId: 075a07754fd11a437452696c47940bca] Request starting "HTTP/1.1" "GET" "http"://"localhost:5062""""/_framework/aspnetcore-browser-refresh.js""" - null null
2026-03-23 15:03:35 [Information] [TraceId: 075a07754fd11a437452696c47940bca] Request finished "HTTP/1.1" "GET" "http"://"localhost:5062""""/_framework/aspnetcore-browser-refresh.js""" - 200 16547 "application/javascript; charset=utf-8" 6.6642ms
2026-03-23 15:03:35 [Information] [TraceId: ef92a68683b33b329e979cbc00bf1222] Request starting "HTTP/1.1" "GET" "http"://"localhost:5062""""/swagger/v1/swagger.json""" - null null
2026-03-23 15:03:35 [Information] [TraceId: ef92a68683b33b329e979cbc00bf1222] Request finished "HTTP/1.1" "GET" "http"://"localhost:5062""""/swagger/v1/swagger.json""" - 200 null "application/json;charset=utf-8" 150.091ms
2026-03-23 15:03:59 [Information] [TraceId: f5ff48111741899720b07535cf319bab] Request starting "HTTP/1.1" "GET" "http"://"localhost:5062""""/swagger/index.html""" - null null
2026-03-23 15:03:59 [Information] [TraceId: f5ff48111741899720b07535cf319bab] Request finished "HTTP/1.1" "GET" "http"://"localhost:5062""""/swagger/index.html""" - 200 null "text/html;charset=utf-8" 0.964ms
2026-03-23 15:03:59 [Information] [TraceId: 18a6697496c5e80b2e147d36549f3f19] Request starting "HTTP/1.1" "GET" "http"://"localhost:5062""""/_framework/aspnetcore-browser-refresh.js""" - null null
2026-03-23 15:03:59 [Information] [TraceId: 18a6697496c5e80b2e147d36549f3f19] Request finished "HTTP/1.1" "GET" "http"://"localhost:5062""""/_framework/aspnetcore-browser-refresh.js""" - 200 16547 "application/javascript; charset=utf-8" 0.7178ms
2026-03-23 15:03:59 [Information] [TraceId: 67eb0ecdaeff18099d16646d8d78d17e] Request starting "HTTP/1.1" "GET" "http"://"localhost:5062""""/swagger/v1/swagger.json""" - null null
2026-03-23 15:03:59 [Information] [TraceId: 67eb0ecdaeff18099d16646d8d78d17e] Request finished "HTTP/1.1" "GET" "http"://"localhost:5062""""/swagger/v1/swagger.json""" - 200 null "application/json;charset=utf-8" 17.1019ms
2026-03-23 15:04:11 [Information] [TraceId: a3bcd3d814ce6a9c916996255309edc9] Request starting "HTTP/1.1" "GET" "http"://"localhost:5062""""/swagger/index.html""" - null null
2026-03-23 15:04:11 [Information] [TraceId: a3bcd3d814ce6a9c916996255309edc9] Request finished "HTTP/1.1" "GET" "http"://"localhost:5062""""/swagger/index.html""" - 200 null "text/html;charset=utf-8" 1.2037ms
2026-03-23 15:04:11 [Information] [TraceId: 309fe25423407f68bf4e9045d0f5c90f] Request starting "HTTP/1.1" "GET" "http"://"localhost:5062""""/_framework/aspnetcore-browser-refresh.js""" - null null
2026-03-23 15:04:11 [Information] [TraceId: 309fe25423407f68bf4e9045d0f5c90f] Request finished "HTTP/1.1" "GET" "http"://"localhost:5062""""/_framework/aspnetcore-browser-refresh.js""" - 200 16547 "application/javascript; charset=utf-8" 0.5431ms
2026-03-23 15:04:12 [Information] [TraceId: 15edc00995abcaceb4c50addf8504b4a] Request starting "HTTP/1.1" "GET" "http"://"localhost:5062""""/swagger/v1/swagger.json""" - null null
2026-03-23 15:04:12 [Information] [TraceId: 15edc00995abcaceb4c50addf8504b4a] Request finished "HTTP/1.1" "GET" "http"://"localhost:5062""""/swagger/v1/swagger.json""" - 200 null "application/json;charset=utf-8" 19.6062ms
2026-03-23 15:04:20 [Information] [TraceId: 3c9b72fea493e5229fae07318386090a] Request starting "HTTP/1.1" "GET" "http"://"localhost:5062""""/swagger/index.html""" - null null
2026-03-23 15:04:20 [Information] [TraceId: 3c9b72fea493e5229fae07318386090a] Request finished "HTTP/1.1" "GET" "http"://"localhost:5062""""/swagger/index.html""" - 200 null "text/html;charset=utf-8" 0.6683ms
2026-03-23 15:04:20 [Information] [TraceId: c13a7add28bc35088579671043baa4ab] Request starting "HTTP/1.1" "GET" "http"://"localhost:5062""""/_framework/aspnetcore-browser-refresh.js""" - null null
2026-03-23 15:04:20 [Information] [TraceId: c13a7add28bc35088579671043baa4ab] Request finished "HTTP/1.1" "GET" "http"://"localhost:5062""""/_framework/aspnetcore-browser-refresh.js""" - 200 16547 "application/javascript; charset=utf-8" 1.288ms
2026-03-23 15:04:22 [Information] [TraceId: 076fd781b170b8593bbb13b010c2f30d] Request starting "HTTP/1.1" "GET" "http"://"localhost:5062""""/swagger/v1/swagger.json""" - null null
2026-03-23 15:04:22 [Information] [TraceId: 076fd781b170b8593bbb13b010c2f30d] Request finished "HTTP/1.1" "GET" "http"://"localhost:5062""""/swagger/v1/swagger.json""" - 200 null "application/json;charset=utf-8" 13.3034ms
2026-03-23 15:04:39 [Information] [TraceId: eab6a790f5c29e2fc784c6c74212c502] Request starting "HTTP/1.1" "GET" "http"://"localhost:5062""""/swagger/index.html""" - null null
2026-03-23 15:04:39 [Information] [TraceId: eab6a790f5c29e2fc784c6c74212c502] Request finished "HTTP/1.1" "GET" "http"://"localhost:5062""""/swagger/index.html""" - 200 null "text/html;charset=utf-8" 2.7255ms
2026-03-23 15:04:39 [Information] [TraceId: 3a6e6cf3892770edd4429c8457a9cc34] Request starting "HTTP/1.1" "GET" "http"://"localhost:5062""""/_framework/aspnetcore-browser-refresh.js""" - null null
2026-03-23 15:04:39 [Information] [TraceId: 3a6e6cf3892770edd4429c8457a9cc34] Request finished "HTTP/1.1" "GET" "http"://"localhost:5062""""/_framework/aspnetcore-browser-refresh.js""" - 200 16547 "application/javascript; charset=utf-8" 3.8326ms
2026-03-23 15:04:40 [Information] [TraceId: cc3fc2561f02ffb25456e958c06462e3] Request starting "HTTP/1.1" "GET" "http"://"localhost:5062""""/swagger/v1/swagger.json""" - null null
2026-03-23 15:04:40 [Information] [TraceId: cc3fc2561f02ffb25456e958c06462e3] Request finished "HTTP/1.1" "GET" "http"://"localhost:5062""""/swagger/v1/swagger.json""" - 200 null "application/json;charset=utf-8" 6.7197ms
2026-03-23 15:05:22 [Information] [TraceId: d24cd7ea8258cf5a0a41d5c796594d01] Request starting "HTTP/1.1" "POST" "http"://"localhost:5062""""/api/Auth/login""" - "application/json" 57
2026-03-23 15:05:22 [Information] [TraceId: d24cd7ea8258cf5a0a41d5c796594d01] Executing endpoint '"AuthController.Login (MyApi)"'
2026-03-23 15:05:23 [Information] [TraceId: d24cd7ea8258cf5a0a41d5c796594d01] Route matched with "{action = \"Login\", controller = \"Auth\"}". Executing controller action with signature "System.Threading.Tasks.Task`1[Microsoft.AspNetCore.Mvc.IActionResult] Login(MyApi.DTO.Employee.Logindto)" on controller "AuthController" ("MyApi").
2026-03-23 15:05:23 [Information] [TraceId: d24cd7ea8258cf5a0a41d5c796594d01] Login requested for email "user56@gmail.com".
2026-03-23 15:05:23 [Information] [TraceId: d24cd7ea8258cf5a0a41d5c796594d01] Fetching employee by email from repository (email="user56@gmail.com").
2026-03-23 15:05:24 [Warning] [TraceId: d24cd7ea8258cf5a0a41d5c796594d01] Sensitive data logging is enabled. Log entries and exception messages may include sensitive application data; this mode should only be enabled during development.
2026-03-23 15:05:25 [Information] [TraceId: d24cd7ea8258cf5a0a41d5c796594d01] Executed DbCommand ("101"ms) [Parameters=["@__email_0='user56@gmail.com' (Size = 450)"], CommandType='Text', CommandTimeout='30']"
""SELECT TOP(1) [e].[Id], [e].[DepartmentId], [e].[Email], [e].[HmacSecret], [e].[ManagerId], [e].[Name], [e].[PasswordHash], [e].[Salary], [e].[role], [d].[Id], [d].[CompanyId], [d].[ManagerId], [d].[Name], [e0].[Id], [e0].[DepartmentId], [e0].[Email], [e0].[HmacSecret], [e0].[ManagerId], [e0].[Name], [e0].[PasswordHash], [e0].[Salary], [e0].[role]
FROM [Employees] AS [e]
INNER JOIN [Departments] AS [d] ON [e].[DepartmentId] = [d].[Id]
LEFT JOIN [Employees] AS [e0] ON [e].[ManagerId] = [e0].[Id]
WHERE [e].[Email] = @__email_0"
2026-03-23 15:05:26 [Information] [TraceId: d24cd7ea8258cf5a0a41d5c796594d01] Creating access token for employee (id=1015, email="user56@gmail.com").
2026-03-23 15:05:26 [Information] [TraceId: d24cd7ea8258cf5a0a41d5c796594d01] Generating refresh token.
2026-03-23 15:05:26 [Information] [TraceId: d24cd7ea8258cf5a0a41d5c796594d01] Creating refresh token entity for employee (id=1015).
2026-03-23 15:05:26 [Information] [TraceId: d24cd7ea8258cf5a0a41d5c796594d01] Hashing refresh token.
2026-03-23 15:05:26 [Information] [TraceId: d24cd7ea8258cf5a0a41d5c796594d01] Persisting refresh token for employee (employeeId=1015, expires=03/30/2026 09:35:26).
2026-03-23 15:05:26 [Information] [TraceId: d24cd7ea8258cf5a0a41d5c796594d01] Executed DbCommand ("71"ms) [Parameters=["@p0='1015', @p1='2026-03-30T09:35:26.4348812Z', @p2='False', @p3='H+gqY6jZJhIYD4M1WWFD129NtHm396rDrYQStWmYXps=' (Nullable = false) (Size = 4000)"], CommandType='Text', CommandTimeout='30']"
""SET IMPLICIT_TRANSACTIONS OFF;
SET NOCOUNT ON;
INSERT INTO [RefreshTokens] ([EmployeeId], [Expires], [IsRevoked], [Token])
OUTPUT INSERTED.[Id]
VALUES (@p0, @p1, @p2, @p3);"
2026-03-23 15:05:27 [Information] [TraceId: d24cd7ea8258cf5a0a41d5c796594d01] Login succeeded for employee (id=1015, email="user56@gmail.com").
2026-03-23 15:05:27 [Information] [TraceId: d24cd7ea8258cf5a0a41d5c796594d01] Executing "OkObjectResult", writing value of type '"<>f__AnonymousType0`2[[System.String, System.Private.CoreLib, Version=8.0.0.0, Culture=neutral, PublicKeyToken=7cec85d7bea7798e],[System.String, System.Private.CoreLib, Version=8.0.0.0, Culture=neutral, PublicKeyToken=7cec85d7bea7798e]]"'.
2026-03-23 15:05:27 [Information] [TraceId: d24cd7ea8258cf5a0a41d5c796594d01] Executed action "AuthController.Login (MyApi)" in 4107.9246ms
2026-03-23 15:05:27 [Information] [TraceId: d24cd7ea8258cf5a0a41d5c796594d01] Executed endpoint '"AuthController.Login (MyApi)"'
2026-03-23 15:05:27 [Information] [TraceId: d24cd7ea8258cf5a0a41d5c796594d01] Request finished "HTTP/1.1" "POST" "http"://"localhost:5062""""/api/Auth/login""" - 200 null "application/json; charset=utf-8" 4272.5221ms
2026-03-23 15:05:59 [Information] [TraceId: 5439b90bca9edf9d873443052e216535] Request starting "HTTP/1.1" "GET" "http"://"localhost:5062""""/api/Employees""?Search=tanvi&DepartmentId=13&MinSalary=0&Desc=true&Page=1&PageSize=5" - null null
2026-03-23 15:05:59 [Information] [TraceId: 5439b90bca9edf9d873443052e216535] Executing endpoint '"EmployeesController.GetEmployees (MyApi)"'
2026-03-23 15:05:59 [Information] [TraceId: 5439b90bca9edf9d873443052e216535] Route matched with "{action = \"GetEmployees\", controller = \"Employees\"}". Executing controller action with signature "System.Threading.Tasks.Task`1[Microsoft.AspNetCore.Mvc.IActionResult] GetEmployees(MyApi.DTO.Employee.EmployeeQueryDto)" on controller "EmployeesController" ("MyApi").
2026-03-23 15:05:59 [Warning] [TraceId: 5439b90bca9edf9d873443052e216535] You do not have a valid license key for the Lucky Penny software AutoMapper. This is allowed for development and testing scenarios. If you are running in production you are required to have a licensed version. Please visit https://luckypennysoftware.com to obtain a valid license.
2026-03-23 15:05:59 [Information] [TraceId: 5439b90bca9edf9d873443052e216535] GetEmployees called (search="tanvi", departmentId=13, minSalary=0, page=1, pageSize=5, sortBy=null, desc=True).
2026-03-23 15:05:59 [Information] [TraceId: 5439b90bca9edf9d873443052e216535] Fetching employees with query (search="tanvi", departmentId=13, minSalary=0, page=1, pageSize=5, sortBy=null, desc=True).
2026-03-23 15:05:59 [Information] [TraceId: 5439b90bca9edf9d873443052e216535] Building employee queryable in repository.
2026-03-23 15:05:59 [Information] [TraceId: 5439b90bca9edf9d873443052e216535] Executed DbCommand ("86"ms) [Parameters=["@__search_0_contains='%tanvi%' (Size = 100), @__search_0_contains_1='%tanvi%' (Size = 450), @__query_DepartmentId_Value_1='13', @__query_MinSalary_Value_2='0' (Precision = 10) (Scale = 2)"], CommandType='Text', CommandTimeout='30']"
""SELECT COUNT(*)
FROM [Employees] AS [e]
WHERE ([e].[Name] LIKE @__search_0_contains ESCAPE N'\' OR [e].[Email] LIKE @__search_0_contains_1 ESCAPE N'\') AND [e].[DepartmentId] = @__query_DepartmentId_Value_1 AND [e].[Salary] >= @__query_MinSalary_Value_2"
2026-03-23 15:06:00 [Information] [TraceId: 5439b90bca9edf9d873443052e216535] Executed DbCommand ("36"ms) [Parameters=["@__search_0_contains='%tanvi%' (Size = 100), @__search_0_contains_1='%tanvi%' (Size = 450), @__query_DepartmentId_Value_1='13', @__query_MinSalary_Value_2='0' (Precision = 10) (Scale = 2), @__p_3='0', @__p_4='5'"], CommandType='Text', CommandTimeout='30']"
""SELECT [t].[Id], [t].[Name], [t].[Email], [d].[Name] AS [DepartmentName], [t].[Salary], [e0].[Name] AS [ManagerName]
FROM (
    SELECT [e].[Id], [e].[DepartmentId], [e].[Email], [e].[ManagerId], [e].[Name], [e].[Salary]
    FROM [Employees] AS [e]
    WHERE ([e].[Name] LIKE @__search_0_contains ESCAPE N'\' OR [e].[Email] LIKE @__search_0_contains_1 ESCAPE N'\') AND [e].[DepartmentId] = @__query_DepartmentId_Value_1 AND [e].[Salary] >= @__query_MinSalary_Value_2
    ORDER BY [e].[Id]
    OFFSET @__p_3 ROWS FETCH NEXT @__p_4 ROWS ONLY
) AS [t]
INNER JOIN [Departments] AS [d] ON [t].[DepartmentId] = [d].[Id]
LEFT JOIN [Employees] AS [e0] ON [t].[ManagerId] = [e0].[Id]
ORDER BY [t].[Id]"
2026-03-23 15:06:00 [Information] [TraceId: 5439b90bca9edf9d873443052e216535] Employee query completed with 1 results out of 1.
2026-03-23 15:06:00 [Information] [TraceId: 5439b90bca9edf9d873443052e216535] Executing "OkObjectResult", writing value of type '"<>f__AnonymousType12`4[[System.Int32, System.Private.CoreLib, Version=8.0.0.0, Culture=neutral, PublicKeyToken=7cec85d7bea7798e],[System.Int32, System.Private.CoreLib, Version=8.0.0.0, Culture=neutral, PublicKeyToken=7cec85d7bea7798e],[System.Int32, System.Private.CoreLib, Version=8.0.0.0, Culture=neutral, PublicKeyToken=7cec85d7bea7798e],[System.Collections.Generic.List`1[[MyApi.DTO.Employee.Reademployeedto, MyApi, Version=1.0.0.0, Culture=neutral, PublicKeyToken=null]], System.Private.CoreLib, Version=8.0.0.0, Culture=neutral, PublicKeyToken=7cec85d7bea7798e]]"'.
2026-03-23 15:06:00 [Information] [TraceId: 5439b90bca9edf9d873443052e216535] Executed action "EmployeesController.GetEmployees (MyApi)" in 697.9669ms
2026-03-23 15:06:00 [Information] [TraceId: 5439b90bca9edf9d873443052e216535] Executed endpoint '"EmployeesController.GetEmployees (MyApi)"'
2026-03-23 15:06:00 [Information] [TraceId: 5439b90bca9edf9d873443052e216535] Request finished "HTTP/1.1" "GET" "http"://"localhost:5062""""/api/Employees""?Search=tanvi&DepartmentId=13&MinSalary=0&Desc=true&Page=1&PageSize=5" - 200 null "application/json; charset=utf-8" 874.7828ms
2026-03-23 15:06:09 [Information] [TraceId: 86ba2e70457ff2ccfed20050ff6038b9] Request starting "HTTP/1.1" "GET" "http"://"localhost:5062""""/api/Employees/all""" - null null
2026-03-23 15:06:09 [Information] [TraceId: 86ba2e70457ff2ccfed20050ff6038b9] Executing endpoint '"EmployeesController.GetAllEmployees (MyApi)"'
2026-03-23 15:06:09 [Information] [TraceId: 86ba2e70457ff2ccfed20050ff6038b9] Route matched with "{action = \"GetAllEmployees\", controller = \"Employees\"}". Executing controller action with signature "System.Threading.Tasks.Task`1[Microsoft.AspNetCore.Mvc.IActionResult] GetAllEmployees()" on controller "EmployeesController" ("MyApi").
2026-03-23 15:06:09 [Information] [TraceId: 86ba2e70457ff2ccfed20050ff6038b9] GetAllEmployees called.
2026-03-23 15:06:09 [Information] [TraceId: 86ba2e70457ff2ccfed20050ff6038b9] Fetching all employees from service.
2026-03-23 15:06:09 [Information] [TraceId: 86ba2e70457ff2ccfed20050ff6038b9] Employee list cache miss. Loading from repository.
2026-03-23 15:06:09 [Information] [TraceId: 86ba2e70457ff2ccfed20050ff6038b9] Fetching all employees from repository.
2026-03-23 15:06:09 [Information] [TraceId: 86ba2e70457ff2ccfed20050ff6038b9] Executed DbCommand ("21"ms) [Parameters=[""], CommandType='Text', CommandTimeout='30']"
""SELECT [e].[Id], [e].[DepartmentId], [e].[Email], [e].[HmacSecret], [e].[ManagerId], [e].[Name], [e].[PasswordHash], [e].[Salary], [e].[role], [d].[Id], [d].[CompanyId], [d].[ManagerId], [d].[Name], [e0].[Id], [e0].[DepartmentId], [e0].[Email], [e0].[HmacSecret], [e0].[ManagerId], [e0].[Name], [e0].[PasswordHash], [e0].[Salary], [e0].[role]
FROM [Employees] AS [e]
INNER JOIN [Departments] AS [d] ON [e].[DepartmentId] = [d].[Id]
LEFT JOIN [Employees] AS [e0] ON [e].[ManagerId] = [e0].[Id]"
2026-03-23 15:06:09 [Information] [TraceId: 86ba2e70457ff2ccfed20050ff6038b9] Employee list cached with 8 records.
2026-03-23 15:06:09 [Information] [TraceId: 86ba2e70457ff2ccfed20050ff6038b9] Executing "OkObjectResult", writing value of type '"System.Collections.Generic.List`1[[MyApi.DTO.Employee.Reademployeedto, MyApi, Version=1.0.0.0, Culture=neutral, PublicKeyToken=null]]"'.
2026-03-23 15:06:09 [Information] [TraceId: 86ba2e70457ff2ccfed20050ff6038b9] Executed action "EmployeesController.GetAllEmployees (MyApi)" in 286.5716ms
2026-03-23 15:06:09 [Information] [TraceId: 86ba2e70457ff2ccfed20050ff6038b9] Executed endpoint '"EmployeesController.GetAllEmployees (MyApi)"'
2026-03-23 15:06:09 [Information] [TraceId: 86ba2e70457ff2ccfed20050ff6038b9] Request finished "HTTP/1.1" "GET" "http"://"localhost:5062""""/api/Employees/all""" - 200 null "application/json; charset=utf-8" 321.6443ms
2026-03-23 15:06:20 [Information] [TraceId: 9cadc2ac283c193b27caf3bb54ed9773] Request starting "HTTP/1.1" "GET" "http"://"localhost:5062""""/api/Employees/1008""" - null null
2026-03-23 15:06:20 [Information] [TraceId: 9cadc2ac283c193b27caf3bb54ed9773] Executing endpoint '"EmployeesController.GetEmployee (MyApi)"'
2026-03-23 15:06:20 [Information] [TraceId: 9cadc2ac283c193b27caf3bb54ed9773] Route matched with "{action = \"GetEmployee\", controller = \"Employees\"}". Executing controller action with signature "System.Threading.Tasks.Task`1[Microsoft.AspNetCore.Mvc.IActionResult] GetEmployee(Int32)" on controller "EmployeesController" ("MyApi").
2026-03-23 15:06:20 [Information] [TraceId: 9cadc2ac283c193b27caf3bb54ed9773] GetEmployee called (id=1008).
2026-03-23 15:06:20 [Information] [TraceId: 9cadc2ac283c193b27caf3bb54ed9773] Fetching employee by id from service (id=1008).
2026-03-23 15:06:20 [Information] [TraceId: 9cadc2ac283c193b27caf3bb54ed9773] Fetching employee by id from repository (id=1008).
2026-03-23 15:06:20 [Information] [TraceId: 9cadc2ac283c193b27caf3bb54ed9773] Executed DbCommand ("21"ms) [Parameters=["@__id_0='1008'"], CommandType='Text', CommandTimeout='30']"
""SELECT TOP(1) [e].[Id], [e].[DepartmentId], [e].[Email], [e].[HmacSecret], [e].[ManagerId], [e].[Name], [e].[PasswordHash], [e].[Salary], [e].[role], [d].[Id], [d].[CompanyId], [d].[ManagerId], [d].[Name], [e0].[Id], [e0].[DepartmentId], [e0].[Email], [e0].[HmacSecret], [e0].[ManagerId], [e0].[Name], [e0].[PasswordHash], [e0].[Salary], [e0].[role]
FROM [Employees] AS [e]
INNER JOIN [Departments] AS [d] ON [e].[DepartmentId] = [d].[Id]
LEFT JOIN [Employees] AS [e0] ON [e].[ManagerId] = [e0].[Id]
WHERE [e].[Id] = @__id_0"
2026-03-23 15:06:20 [Warning] [TraceId: 9cadc2ac283c193b27caf3bb54ed9773] Employee not found in service (id=1008).
2026-03-23 15:06:20 [Warning] [TraceId: 9cadc2ac283c193b27caf3bb54ed9773] GetEmployee not found (id=1008).
2026-03-23 15:06:20 [Information] [TraceId: 9cadc2ac283c193b27caf3bb54ed9773] Executing "ObjectResult", writing value of type '"Microsoft.AspNetCore.Mvc.ProblemDetails"'.
2026-03-23 15:06:20 [Information] [TraceId: 9cadc2ac283c193b27caf3bb54ed9773] Executed action "EmployeesController.GetEmployee (MyApi)" in 86.8876ms
2026-03-23 15:06:20 [Information] [TraceId: 9cadc2ac283c193b27caf3bb54ed9773] Executed endpoint '"EmployeesController.GetEmployee (MyApi)"'
2026-03-23 15:06:20 [Information] [TraceId: 9cadc2ac283c193b27caf3bb54ed9773] Request finished "HTTP/1.1" "GET" "http"://"localhost:5062""""/api/Employees/1008""" - 404 null "application/problem+json; charset=utf-8" 100.6001ms
2026-03-23 15:06:25 [Information] [TraceId: 735e488ba1c3f7e1ee2cfe30424869bd] Request starting "HTTP/1.1" "GET" "http"://"localhost:5062""""/api/Employees/7""" - null null
2026-03-23 15:06:25 [Information] [TraceId: 735e488ba1c3f7e1ee2cfe30424869bd] Executing endpoint '"EmployeesController.GetEmployee (MyApi)"'
2026-03-23 15:06:25 [Information] [TraceId: 735e488ba1c3f7e1ee2cfe30424869bd] Route matched with "{action = \"GetEmployee\", controller = \"Employees\"}". Executing controller action with signature "System.Threading.Tasks.Task`1[Microsoft.AspNetCore.Mvc.IActionResult] GetEmployee(Int32)" on controller "EmployeesController" ("MyApi").
2026-03-23 15:06:25 [Information] [TraceId: 735e488ba1c3f7e1ee2cfe30424869bd] GetEmployee called (id=7).
2026-03-23 15:06:25 [Information] [TraceId: 735e488ba1c3f7e1ee2cfe30424869bd] Fetching employee by id from service (id=7).
2026-03-23 15:06:25 [Information] [TraceId: 735e488ba1c3f7e1ee2cfe30424869bd] Fetching employee by id from repository (id=7).
2026-03-23 15:06:25 [Information] [TraceId: 735e488ba1c3f7e1ee2cfe30424869bd] Executed DbCommand ("86"ms) [Parameters=["@__id_0='7'"], CommandType='Text', CommandTimeout='30']"
""SELECT TOP(1) [e].[Id], [e].[DepartmentId], [e].[Email], [e].[HmacSecret], [e].[ManagerId], [e].[Name], [e].[PasswordHash], [e].[Salary], [e].[role], [d].[Id], [d].[CompanyId], [d].[ManagerId], [d].[Name], [e0].[Id], [e0].[DepartmentId], [e0].[Email], [e0].[HmacSecret], [e0].[ManagerId], [e0].[Name], [e0].[PasswordHash], [e0].[Salary], [e0].[role]
FROM [Employees] AS [e]
INNER JOIN [Departments] AS [d] ON [e].[DepartmentId] = [d].[Id]
LEFT JOIN [Employees] AS [e0] ON [e].[ManagerId] = [e0].[Id]
WHERE [e].[Id] = @__id_0"
2026-03-23 15:06:25 [Information] [TraceId: 735e488ba1c3f7e1ee2cfe30424869bd] Executing "OkObjectResult", writing value of type '"MyApi.DTO.Employee.Reademployeedto"'.
2026-03-23 15:06:25 [Information] [TraceId: 735e488ba1c3f7e1ee2cfe30424869bd] Executed action "EmployeesController.GetEmployee (MyApi)" in 118.8489ms
2026-03-23 15:06:25 [Information] [TraceId: 735e488ba1c3f7e1ee2cfe30424869bd] Executed endpoint '"EmployeesController.GetEmployee (MyApi)"'
2026-03-23 15:06:25 [Information] [TraceId: 735e488ba1c3f7e1ee2cfe30424869bd] Request finished "HTTP/1.1" "GET" "http"://"localhost:5062""""/api/Employees/7""" - 200 null "application/json; charset=utf-8" 121.4002ms
2026-03-23 15:06:35 [Information] [TraceId: 18c24a2e006af674ea32129f57c18415] Request starting "HTTP/1.1" "GET" "http"://"localhost:5062""""/api/Employees/me""" - null null
2026-03-23 15:06:35 [Information] [TraceId: 18c24a2e006af674ea32129f57c18415] Executing endpoint '"EmployeesController.GetLoggedInUser (MyApi)"'
2026-03-23 15:06:35 [Information] [TraceId: 18c24a2e006af674ea32129f57c18415] Route matched with "{action = \"GetLoggedInUser\", controller = \"Employees\"}". Executing controller action with signature "Microsoft.AspNetCore.Mvc.IActionResult GetLoggedInUser()" on controller "EmployeesController" ("MyApi").
2026-03-23 15:06:35 [Information] [TraceId: 18c24a2e006af674ea32129f57c18415] GetLoggedInUser called (userId="1015", email="user56@gmail.com", role="Admin").
2026-03-23 15:06:35 [Information] [TraceId: 18c24a2e006af674ea32129f57c18415] Executing "OkObjectResult", writing value of type '"<>f__AnonymousType2`3[[System.String, System.Private.CoreLib, Version=8.0.0.0, Culture=neutral, PublicKeyToken=7cec85d7bea7798e],[System.String, System.Private.CoreLib, Version=8.0.0.0, Culture=neutral, PublicKeyToken=7cec85d7bea7798e],[System.String, System.Private.CoreLib, Version=8.0.0.0, Culture=neutral, PublicKeyToken=7cec85d7bea7798e]]"'.
2026-03-23 15:06:35 [Information] [TraceId: 18c24a2e006af674ea32129f57c18415] Executed action "EmployeesController.GetLoggedInUser (MyApi)" in 8.5407ms
2026-03-23 15:06:35 [Information] [TraceId: 18c24a2e006af674ea32129f57c18415] Executed endpoint '"EmployeesController.GetLoggedInUser (MyApi)"'
2026-03-23 15:06:35 [Information] [TraceId: 18c24a2e006af674ea32129f57c18415] Request finished "HTTP/1.1" "GET" "http"://"localhost:5062""""/api/Employees/me""" - 200 null "application/json; charset=utf-8" 29.0146ms
2026-03-23 15:11:48 [Information] [TraceId: c86f4d49c99cacf6553ee76f156f9cb3] Request starting "HTTP/1.1" "GET" "http"://"localhost:5062""""/swagger/index.html""" - null null
2026-03-23 15:11:48 [Information] [TraceId: c86f4d49c99cacf6553ee76f156f9cb3] Request finished "HTTP/1.1" "GET" "http"://"localhost:5062""""/swagger/index.html""" - 200 null "text/html;charset=utf-8" 0.8998ms
2026-03-23 15:11:48 [Information] [TraceId: fa1748db3c8dcfc0102d8244d2351555] Request starting "HTTP/1.1" "GET" "http"://"localhost:5062""""/_framework/aspnetcore-browser-refresh.js""" - null null
2026-03-23 15:11:48 [Information] [TraceId: fa1748db3c8dcfc0102d8244d2351555] Request finished "HTTP/1.1" "GET" "http"://"localhost:5062""""/_framework/aspnetcore-browser-refresh.js""" - 200 16547 "application/javascript; charset=utf-8" 4.7876ms
2026-03-23 15:11:49 [Information] [TraceId: 90c4a98f46529d76628e066b3de0d408] Request starting "HTTP/1.1" "GET" "http"://"localhost:5062""""/swagger/v1/swagger.json""" - null null
2026-03-23 15:11:49 [Information] [TraceId: 90c4a98f46529d76628e066b3de0d408] Request finished "HTTP/1.1" "GET" "http"://"localhost:5062""""/swagger/v1/swagger.json""" - 200 null "application/json;charset=utf-8" 7.0748ms
2026-03-23 15:26:48 [Information] [TraceId: 073655768b7b4e971f62be597f3ce8ad] Request starting "HTTP/1.1" "GET" "http"://"localhost:5062""""/swagger/index.html""" - null null
2026-03-23 15:26:48 [Information] [TraceId: 073655768b7b4e971f62be597f3ce8ad] Request finished "HTTP/1.1" "GET" "http"://"localhost:5062""""/swagger/index.html""" - 200 null "text/html;charset=utf-8" 4.0691ms
2026-03-23 15:26:48 [Information] [TraceId: cac1efae98f66ef210050e14716f2d5d] Request starting "HTTP/1.1" "GET" "http"://"localhost:5062""""/_framework/aspnetcore-browser-refresh.js""" - null null
2026-03-23 15:26:48 [Information] [TraceId: cac1efae98f66ef210050e14716f2d5d] Request finished "HTTP/1.1" "GET" "http"://"localhost:5062""""/_framework/aspnetcore-browser-refresh.js""" - 200 16547 "application/javascript; charset=utf-8" 4.6986ms
2026-03-23 15:26:48 [Information] [TraceId: f97ea3279e52867b39091e12e1d010a3] Request starting "HTTP/1.1" "GET" "http"://"localhost:5062""""/swagger/v1/swagger.json""" - null null
2026-03-23 15:26:48 [Information] [TraceId: f97ea3279e52867b39091e12e1d010a3] Request finished "HTTP/1.1" "GET" "http"://"localhost:5062""""/swagger/v1/swagger.json""" - 200 null "application/json;charset=utf-8" 12.4941ms
2026-03-23 15:26:51 [Information] [TraceId: ] Server laptop-2j11tsn1:78304:58f8828d caught stopping signal...
2026-03-23 15:26:51 [Information] [TraceId: ] Application is shutting down...
2026-03-23 15:26:52 [Information] [TraceId: ] Server laptop-2j11tsn1:78304:58f8828d caught stopped signal...
2026-03-23 15:26:52 [Information] [TraceId: ] Server laptop-2j11tsn1:78304:58f8828d All dispatchers stopped
2026-03-23 15:26:52 [Information] [TraceId: ] Server laptop-2j11tsn1:78304:58f8828d successfully reported itself as stopped in 9.0654 ms
2026-03-23 15:26:52 [Information] [TraceId: ] Server laptop-2j11tsn1:78304:58f8828d has been stopped in total 823.7182 ms
2026-03-23 15:50:58 [Information] [TraceId: ] Start installing Hangfire SQL objects...
2026-03-23 15:51:07 [Information] [TraceId: ] Start installing Hangfire SQL objects...
2026-03-23 15:51:09 [Information] [TraceId: ] Hangfire SQL objects installed.
2026-03-23 15:51:09 [Information] [TraceId: ] User profile is available. Using '"C:\Users\HP\AppData\Local\ASP.NET\DataProtection-Keys"' as key repository and Windows DPAPI to encrypt keys at rest.
2026-03-23 15:51:09 [Information] [TraceId: ] Now listening on: "http://localhost:5062"
2026-03-23 15:51:09 [Information] [TraceId: ] Starting Hangfire Server using job storage: 'SQL Server: LAPTOP-2J11TSN1@employeeDb'
2026-03-23 15:51:09 [Information] [TraceId: ] Using the following options for SQL Server job storage: Queue poll interval: 00:00:00.
2026-03-23 15:51:09 [Information] [TraceId: ] Using the following options for Hangfire Server:
    Worker count: 20
    Listening queues: 'default'
    Shutdown timeout: 00:00:15
    Schedule polling interval: 00:00:15
2026-03-23 15:51:09 [Information] [TraceId: ] Application started. Press Ctrl+C to shut down.
2026-03-23 15:51:09 [Information] [TraceId: ] Hosting environment: "Development"
2026-03-23 15:51:09 [Information] [TraceId: ] Content root path: "C:\Users\HP\Desktop\asp.net\MyApi"
2026-03-23 15:51:09 [Information] [TraceId: ] Server laptop-2j11tsn1:82660:c0bd43b5 successfully announced in 140.2831 ms
2026-03-23 15:51:09 [Information] [TraceId: ] Server laptop-2j11tsn1:82660:c0bd43b5 is starting the registered dispatchers: ServerWatchdog, ServerJobCancellationWatcher, SqlServerHeartbeatProcess, ExpirationManager, CountersAggregator, Worker, DelayedJobScheduler, RecurringJobScheduler...
2026-03-23 15:51:09 [Information] [TraceId: ] Server laptop-2j11tsn1:82660:c0bd43b5 all the dispatchers started
2026-03-23 15:51:10 [Information] [TraceId: ebd8c7bdc2094da96ca7703486ceb721] Request starting "HTTP/1.1" "GET" "http"://"localhost:5062""""/""" - null null
2026-03-23 15:51:10 [Warning] [TraceId: ebd8c7bdc2094da96ca7703486ceb721] Failed to determine the https port for redirect.
2026-03-23 15:51:10 [Information] [TraceId: ebd8c7bdc2094da96ca7703486ceb721] Request finished "HTTP/1.1" "GET" "http"://"localhost:5062""""/""" - 404 null null 319.2819ms
2026-03-23 15:51:10 [Information] [TraceId: ebd8c7bdc2094da96ca7703486ceb721] Request reached the end of the middleware pipeline without being handled by application code. Request path: "GET" "http"://"localhost:5062""""/", Response status code: 404
2026-03-23 15:51:14 [Information] [TraceId: e69bec4fc661b02a2441aa5050e45672] Request starting "HTTP/1.1" "GET" "http"://"localhost:5062""""/swagger/index.html""" - null null
2026-03-23 15:51:14 [Information] [TraceId: e69bec4fc661b02a2441aa5050e45672] Request finished "HTTP/1.1" "GET" "http"://"localhost:5062""""/swagger/index.html""" - 200 null "text/html;charset=utf-8" 263.3429ms
2026-03-23 15:51:14 [Information] [TraceId: 794cad2d14b84e42b5e08f8017537e94] Request starting "HTTP/1.1" "GET" "http"://"localhost:5062""""/_framework/aspnetcore-browser-refresh.js""" - null null
2026-03-23 15:51:14 [Information] [TraceId: 794cad2d14b84e42b5e08f8017537e94] Request finished "HTTP/1.1" "GET" "http"://"localhost:5062""""/_framework/aspnetcore-browser-refresh.js""" - 200 16547 "application/javascript; charset=utf-8" 2.6005ms
2026-03-23 15:51:14 [Information] [TraceId: 4e0cac50b73ecc3c4add5053626fdbf9] Request starting "HTTP/1.1" "GET" "http"://"localhost:5062""""/swagger/v1/swagger.json""" - null null
2026-03-23 15:51:15 [Information] [TraceId: 4e0cac50b73ecc3c4add5053626fdbf9] Request finished "HTTP/1.1" "GET" "http"://"localhost:5062""""/swagger/v1/swagger.json""" - 200 null "application/json;charset=utf-8" 214.0182ms
2026-03-23 15:52:24 [Information] [TraceId: ffa8aa5e1a4463a10030162e59ea9edd] Request starting "HTTP/1.1" "GET" "http"://"localhost:5062""""/api/dapper-employees/all""" - null null
2026-03-23 15:52:24 [Information] [TraceId: ffa8aa5e1a4463a10030162e59ea9edd] Authorization failed. "These requirements were not met:
DenyAnonymousAuthorizationRequirement: Requires an authenticated user."
2026-03-23 15:52:24 [Information] [TraceId: ffa8aa5e1a4463a10030162e59ea9edd] AuthenticationScheme: "Bearer" was challenged.
2026-03-23 15:52:24 [Information] [TraceId: ffa8aa5e1a4463a10030162e59ea9edd] Request finished "HTTP/1.1" "GET" "http"://"localhost:5062""""/api/dapper-employees/all""" - 401 0 null 41.2872ms
2026-03-23 15:52:39 [Information] [TraceId: 63e959e080594cc4702b22c1c1b55ff5] Request starting "HTTP/1.1" "POST" "http"://"localhost:5062""""/api/Auth/login""" - "application/json" 57
2026-03-23 15:52:39 [Information] [TraceId: 63e959e080594cc4702b22c1c1b55ff5] Executing endpoint '"AuthController.Login (MyApi)"'
2026-03-23 15:52:39 [Information] [TraceId: 63e959e080594cc4702b22c1c1b55ff5] Route matched with "{action = \"Login\", controller = \"Auth\"}". Executing controller action with signature "System.Threading.Tasks.Task`1[Microsoft.AspNetCore.Mvc.IActionResult] Login(MyApi.DTO.Employee.Logindto)" on controller "AuthController" ("MyApi").
2026-03-23 15:52:39 [Information] [TraceId: 63e959e080594cc4702b22c1c1b55ff5] Login requested for email "user56@gmail.com".
2026-03-23 15:52:39 [Information] [TraceId: 63e959e080594cc4702b22c1c1b55ff5] Fetching employee by email from repository (email="user56@gmail.com").
2026-03-23 15:52:40 [Warning] [TraceId: 63e959e080594cc4702b22c1c1b55ff5] Sensitive data logging is enabled. Log entries and exception messages may include sensitive application data; this mode should only be enabled during development.
2026-03-23 15:52:42 [Information] [TraceId: 63e959e080594cc4702b22c1c1b55ff5] Executed DbCommand ("41"ms) [Parameters=["@__email_0='user56@gmail.com' (Size = 450)"], CommandType='Text', CommandTimeout='30']"
""SELECT TOP(1) [e].[Id], [e].[DepartmentId], [e].[Email], [e].[HmacSecret], [e].[ManagerId], [e].[Name], [e].[PasswordHash], [e].[Salary], [e].[role], [d].[Id], [d].[CompanyId], [d].[ManagerId], [d].[Name], [e0].[Id], [e0].[DepartmentId], [e0].[Email], [e0].[HmacSecret], [e0].[ManagerId], [e0].[Name], [e0].[PasswordHash], [e0].[Salary], [e0].[role]
FROM [Employees] AS [e]
INNER JOIN [Departments] AS [d] ON [e].[DepartmentId] = [d].[Id]
LEFT JOIN [Employees] AS [e0] ON [e].[ManagerId] = [e0].[Id]
WHERE [e].[Email] = @__email_0"
2026-03-23 15:52:43 [Information] [TraceId: 63e959e080594cc4702b22c1c1b55ff5] Creating access token for employee (id=1015, email="user56@gmail.com").
2026-03-23 15:52:43 [Information] [TraceId: 63e959e080594cc4702b22c1c1b55ff5] Generating refresh token.
2026-03-23 15:52:43 [Information] [TraceId: 63e959e080594cc4702b22c1c1b55ff5] Creating refresh token entity for employee (id=1015).
2026-03-23 15:52:43 [Information] [TraceId: 63e959e080594cc4702b22c1c1b55ff5] Hashing refresh token.
2026-03-23 15:52:43 [Information] [TraceId: 63e959e080594cc4702b22c1c1b55ff5] Persisting refresh token for employee (employeeId=1015, expires=03/30/2026 10:22:43).
2026-03-23 15:52:43 [Information] [TraceId: 63e959e080594cc4702b22c1c1b55ff5] Executed DbCommand ("11"ms) [Parameters=["@p0='1015', @p1='2026-03-30T10:22:43.1716934Z', @p2='False', @p3='ugmQujUjxQ2MQW8tq8LZ1zl26wOEOICOpJsB6B4on+A=' (Nullable = false) (Size = 4000)"], CommandType='Text', CommandTimeout='30']"
""SET IMPLICIT_TRANSACTIONS OFF;
SET NOCOUNT ON;
INSERT INTO [RefreshTokens] ([EmployeeId], [Expires], [IsRevoked], [Token])
OUTPUT INSERTED.[Id]
VALUES (@p0, @p1, @p2, @p3);"
2026-03-23 15:52:43 [Information] [TraceId: 63e959e080594cc4702b22c1c1b55ff5] Login succeeded for employee (id=1015, email="user56@gmail.com").
2026-03-23 15:52:43 [Information] [TraceId: 63e959e080594cc4702b22c1c1b55ff5] Executing "OkObjectResult", writing value of type '"<>f__AnonymousType0`2[[System.String, System.Private.CoreLib, Version=8.0.0.0, Culture=neutral, PublicKeyToken=7cec85d7bea7798e],[System.String, System.Private.CoreLib, Version=8.0.0.0, Culture=neutral, PublicKeyToken=7cec85d7bea7798e]]"'.
2026-03-23 15:52:43 [Information] [TraceId: 63e959e080594cc4702b22c1c1b55ff5] Executed action "AuthController.Login (MyApi)" in 4153.2525ms
2026-03-23 15:52:43 [Information] [TraceId: 63e959e080594cc4702b22c1c1b55ff5] Executed endpoint '"AuthController.Login (MyApi)"'
2026-03-23 15:52:43 [Information] [TraceId: 63e959e080594cc4702b22c1c1b55ff5] Request finished "HTTP/1.1" "POST" "http"://"localhost:5062""""/api/Auth/login""" - 200 null "application/json; charset=utf-8" 4316.3397ms
2026-03-23 15:52:55 [Information] [TraceId: eef806b37bac77427f65fed61d3df852] Request starting "HTTP/1.1" "GET" "http"://"localhost:5062""""/api/dapper-employees/all""" - null null
2026-03-23 15:52:55 [Information] [TraceId: eef806b37bac77427f65fed61d3df852] Executing endpoint '"DapperEmployeesController.GetAllEmployees (MyApi)"'
2026-03-23 15:52:55 [Information] [TraceId: eef806b37bac77427f65fed61d3df852] Route matched with "{action = \"GetAllEmployees\", controller = \"DapperEmployees\"}". Executing controller action with signature "System.Threading.Tasks.Task`1[Microsoft.AspNetCore.Mvc.IActionResult] GetAllEmployees()" on controller "DapperEmployeesController" ("MyApi").
2026-03-23 15:52:55 [Information] [TraceId: eef806b37bac77427f65fed61d3df852] Dapper GetAllEmployees called.
2026-03-23 15:52:55 [Information] [TraceId: eef806b37bac77427f65fed61d3df852] Fetching all employees through Dapper service.
2026-03-23 15:52:55 [Information] [TraceId: eef806b37bac77427f65fed61d3df852] Fetching all employees with Dapper.
2026-03-23 15:52:55 [Information] [TraceId: eef806b37bac77427f65fed61d3df852] Executing "OkObjectResult", writing value of type '"System.Collections.Generic.List`1[[MyApi.DTO.Employee.Reademployeedto, MyApi, Version=1.0.0.0, Culture=neutral, PublicKeyToken=null]]"'.
2026-03-23 15:52:55 [Information] [TraceId: eef806b37bac77427f65fed61d3df852] Executed action "DapperEmployeesController.GetAllEmployees (MyApi)" in 145.6344ms
2026-03-23 15:52:55 [Information] [TraceId: eef806b37bac77427f65fed61d3df852] Executed endpoint '"DapperEmployeesController.GetAllEmployees (MyApi)"'
2026-03-23 15:52:55 [Information] [TraceId: eef806b37bac77427f65fed61d3df852] Request finished "HTTP/1.1" "GET" "http"://"localhost:5062""""/api/dapper-employees/all""" - 200 null "application/json; charset=utf-8" 289.6069ms
2026-03-23 15:53:15 [Information] [TraceId: 5a0efed5fa7c3b453784924ff813d14f] Request starting "HTTP/1.1" "GET" "http"://"localhost:5062""""/api/dapper-employees/1014""" - null null
2026-03-23 15:53:15 [Information] [TraceId: 5a0efed5fa7c3b453784924ff813d14f] Executing endpoint '"DapperEmployeesController.GetEmployee (MyApi)"'
2026-03-23 15:53:15 [Information] [TraceId: 5a0efed5fa7c3b453784924ff813d14f] Route matched with "{action = \"GetEmployee\", controller = \"DapperEmployees\"}". Executing controller action with signature "System.Threading.Tasks.Task`1[Microsoft.AspNetCore.Mvc.IActionResult] GetEmployee(Int32)" on controller "DapperEmployeesController" ("MyApi").
2026-03-23 15:53:15 [Information] [TraceId: 5a0efed5fa7c3b453784924ff813d14f] Dapper GetEmployee called (id=1014).
2026-03-23 15:53:15 [Information] [TraceId: 5a0efed5fa7c3b453784924ff813d14f] Fetching employee by id through Dapper service (id=1014).
2026-03-23 15:53:15 [Information] [TraceId: 5a0efed5fa7c3b453784924ff813d14f] Fetching employee by id with Dapper (id=1014).
2026-03-23 15:53:15 [Information] [TraceId: 5a0efed5fa7c3b453784924ff813d14f] Executing "ObjectResult", writing value of type '"Microsoft.AspNetCore.Mvc.ProblemDetails"'.
2026-03-23 15:53:15 [Information] [TraceId: 5a0efed5fa7c3b453784924ff813d14f] Executed action "DapperEmployeesController.GetEmployee (MyApi)" in 90.4877ms
2026-03-23 15:53:15 [Information] [TraceId: 5a0efed5fa7c3b453784924ff813d14f] Executed endpoint '"DapperEmployeesController.GetEmployee (MyApi)"'
2026-03-23 15:53:15 [Information] [TraceId: 5a0efed5fa7c3b453784924ff813d14f] Request finished "HTTP/1.1" "GET" "http"://"localhost:5062""""/api/dapper-employees/1014""" - 404 null "application/problem+json; charset=utf-8" 124.2242ms
2026-03-23 15:53:22 [Information] [TraceId: 4b05fa4e228e48036626fadb2cf87ad7] Request starting "HTTP/1.1" "GET" "http"://"localhost:5062""""/api/dapper-employees/1013""" - null null
2026-03-23 15:53:22 [Information] [TraceId: 4b05fa4e228e48036626fadb2cf87ad7] Executing endpoint '"DapperEmployeesController.GetEmployee (MyApi)"'
2026-03-23 15:53:22 [Information] [TraceId: 4b05fa4e228e48036626fadb2cf87ad7] Route matched with "{action = \"GetEmployee\", controller = \"DapperEmployees\"}". Executing controller action with signature "System.Threading.Tasks.Task`1[Microsoft.AspNetCore.Mvc.IActionResult] GetEmployee(Int32)" on controller "DapperEmployeesController" ("MyApi").
2026-03-23 15:53:22 [Information] [TraceId: 4b05fa4e228e48036626fadb2cf87ad7] Dapper GetEmployee called (id=1013).
2026-03-23 15:53:22 [Information] [TraceId: 4b05fa4e228e48036626fadb2cf87ad7] Fetching employee by id through Dapper service (id=1013).
2026-03-23 15:53:22 [Information] [TraceId: 4b05fa4e228e48036626fadb2cf87ad7] Fetching employee by id with Dapper (id=1013).
2026-03-23 15:53:22 [Information] [TraceId: 4b05fa4e228e48036626fadb2cf87ad7] Executing "OkObjectResult", writing value of type '"MyApi.DTO.Employee.Reademployeedto"'.
2026-03-23 15:53:22 [Information] [TraceId: 4b05fa4e228e48036626fadb2cf87ad7] Executed action "DapperEmployeesController.GetEmployee (MyApi)" in 47.5119ms
2026-03-23 15:53:22 [Information] [TraceId: 4b05fa4e228e48036626fadb2cf87ad7] Executed endpoint '"DapperEmployeesController.GetEmployee (MyApi)"'
2026-03-23 15:53:22 [Information] [TraceId: 4b05fa4e228e48036626fadb2cf87ad7] Request finished "HTTP/1.1" "GET" "http"://"localhost:5062""""/api/dapper-employees/1013""" - 200 null "application/json; charset=utf-8" 56.8646ms
2026-03-23 16:49:21 [Information] [TraceId: 3a29fb80798fa1a2947c1af32159eec3] Request starting "HTTP/1.1" "POST" "http"://"localhost:5062""""/api/dapper-employees""" - "application/json" 148
2026-03-23 16:49:22 [Information] [TraceId: 3a29fb80798fa1a2947c1af32159eec3] Failed to validate the token.
Microsoft.IdentityModel.Tokens.SecurityTokenExpiredException: IDX10223: Lifetime validation failed. The token is expired. ValidTo (UTC): '23-03-2026 10:37:43', Current time (UTC): '23-03-2026 11:19:21'.
   at Microsoft.IdentityModel.Tokens.ValidatorUtilities.ValidateLifetime(Nullable`1 notBefore, Nullable`1 expires, SecurityToken securityToken, TokenValidationParameters validationParameters)
   at Microsoft.IdentityModel.Tokens.Validators.ValidateLifetime(Nullable`1 notBefore, Nullable`1 expires, SecurityToken securityToken, TokenValidationParameters validationParameters)
   at Microsoft.IdentityModel.JsonWebTokens.JsonWebTokenHandler.ValidateTokenPayloadAsync(JsonWebToken jsonWebToken, TokenValidationParameters validationParameters, BaseConfiguration configuration)
   at Microsoft.IdentityModel.JsonWebTokens.JsonWebTokenHandler.ValidateJWSAsync(JsonWebToken jsonWebToken, TokenValidationParameters validationParameters, BaseConfiguration configuration)
2026-03-23 16:49:22 [Information] [TraceId: 3a29fb80798fa1a2947c1af32159eec3] "Bearer" was not authenticated. Failure message: "IDX10223: Lifetime validation failed. The token is expired. ValidTo (UTC): '23-03-2026 10:37:43', Current time (UTC): '23-03-2026 11:19:21'."
2026-03-23 16:49:22 [Information] [TraceId: 3a29fb80798fa1a2947c1af32159eec3] Authorization failed. "These requirements were not met:
DenyAnonymousAuthorizationRequirement: Requires an authenticated user.
RolesAuthorizationRequirement:User.IsInRole must be true for one of the following roles: (Admin)"
2026-03-23 16:49:22 [Information] [TraceId: 3a29fb80798fa1a2947c1af32159eec3] AuthenticationScheme: "Bearer" was challenged.
2026-03-23 16:49:22 [Information] [TraceId: 3a29fb80798fa1a2947c1af32159eec3] Request finished "HTTP/1.1" "POST" "http"://"localhost:5062""""/api/dapper-employees""" - 401 0 null 277.9258ms
2026-03-23 16:49:29 [Information] [TraceId: 2052aeed8371eae74e08040e4c5943e3] Request starting "HTTP/1.1" "POST" "http"://"localhost:5062""""/api/Auth/login""" - "application/json" 57
2026-03-23 16:49:29 [Information] [TraceId: 2052aeed8371eae74e08040e4c5943e3] Failed to validate the token.
Microsoft.IdentityModel.Tokens.SecurityTokenExpiredException: IDX10223: Lifetime validation failed. The token is expired. ValidTo (UTC): '23-03-2026 10:37:43', Current time (UTC): '23-03-2026 11:19:29'.
   at Microsoft.IdentityModel.Tokens.ValidatorUtilities.ValidateLifetime(Nullable`1 notBefore, Nullable`1 expires, SecurityToken securityToken, TokenValidationParameters validationParameters)
   at Microsoft.IdentityModel.Tokens.Validators.ValidateLifetime(Nullable`1 notBefore, Nullable`1 expires, SecurityToken securityToken, TokenValidationParameters validationParameters)
   at Microsoft.IdentityModel.JsonWebTokens.JsonWebTokenHandler.ValidateTokenPayloadAsync(JsonWebToken jsonWebToken, TokenValidationParameters validationParameters, BaseConfiguration configuration)
   at Microsoft.IdentityModel.JsonWebTokens.JsonWebTokenHandler.ValidateJWSAsync(JsonWebToken jsonWebToken, TokenValidationParameters validationParameters, BaseConfiguration configuration)
2026-03-23 16:49:29 [Information] [TraceId: 2052aeed8371eae74e08040e4c5943e3] "Bearer" was not authenticated. Failure message: "IDX10223: Lifetime validation failed. The token is expired. ValidTo (UTC): '23-03-2026 10:37:43', Current time (UTC): '23-03-2026 11:19:29'."
2026-03-23 16:49:29 [Information] [TraceId: 2052aeed8371eae74e08040e4c5943e3] Executing endpoint '"AuthController.Login (MyApi)"'
2026-03-23 16:49:29 [Information] [TraceId: 2052aeed8371eae74e08040e4c5943e3] Route matched with "{action = \"Login\", controller = \"Auth\"}". Executing controller action with signature "System.Threading.Tasks.Task`1[Microsoft.AspNetCore.Mvc.IActionResult] Login(MyApi.DTO.Employee.Logindto)" on controller "AuthController" ("MyApi").
2026-03-23 16:49:29 [Information] [TraceId: 2052aeed8371eae74e08040e4c5943e3] Login requested for email "user56@gmail.com".
2026-03-23 16:49:29 [Information] [TraceId: 2052aeed8371eae74e08040e4c5943e3] Fetching employee by email from repository (email="user56@gmail.com").
2026-03-23 16:49:29 [Information] [TraceId: 2052aeed8371eae74e08040e4c5943e3] Executed DbCommand ("18"ms) [Parameters=["@__email_0='user56@gmail.com' (Size = 450)"], CommandType='Text', CommandTimeout='30']"
""SELECT TOP(1) [e].[Id], [e].[DepartmentId], [e].[Email], [e].[HmacSecret], [e].[ManagerId], [e].[Name], [e].[PasswordHash], [e].[Salary], [e].[role], [d].[Id], [d].[CompanyId], [d].[ManagerId], [d].[Name], [e0].[Id], [e0].[DepartmentId], [e0].[Email], [e0].[HmacSecret], [e0].[ManagerId], [e0].[Name], [e0].[PasswordHash], [e0].[Salary], [e0].[role]
FROM [Employees] AS [e]
INNER JOIN [Departments] AS [d] ON [e].[DepartmentId] = [d].[Id]
LEFT JOIN [Employees] AS [e0] ON [e].[ManagerId] = [e0].[Id]
WHERE [e].[Email] = @__email_0"
2026-03-23 16:49:29 [Information] [TraceId: 2052aeed8371eae74e08040e4c5943e3] Creating access token for employee (id=1015, email="user56@gmail.com").
2026-03-23 16:49:29 [Information] [TraceId: 2052aeed8371eae74e08040e4c5943e3] Generating refresh token.
2026-03-23 16:49:29 [Information] [TraceId: 2052aeed8371eae74e08040e4c5943e3] Creating refresh token entity for employee (id=1015).
2026-03-23 16:49:29 [Information] [TraceId: 2052aeed8371eae74e08040e4c5943e3] Hashing refresh token.
2026-03-23 16:49:29 [Information] [TraceId: 2052aeed8371eae74e08040e4c5943e3] Persisting refresh token for employee (employeeId=1015, expires=03/30/2026 11:19:29).
2026-03-23 16:49:29 [Information] [TraceId: 2052aeed8371eae74e08040e4c5943e3] Executed DbCommand ("10"ms) [Parameters=["@p0='1015', @p1='2026-03-30T11:19:29.9523271Z', @p2='False', @p3='EflozzLDs/tm3GoFTtZpNipJ5c8LMijoOtZM6eDm8Os=' (Nullable = false) (Size = 4000)"], CommandType='Text', CommandTimeout='30']"
""SET IMPLICIT_TRANSACTIONS OFF;
SET NOCOUNT ON;
INSERT INTO [RefreshTokens] ([EmployeeId], [Expires], [IsRevoked], [Token])
OUTPUT INSERTED.[Id]
VALUES (@p0, @p1, @p2, @p3);"
2026-03-23 16:49:29 [Information] [TraceId: 2052aeed8371eae74e08040e4c5943e3] Login succeeded for employee (id=1015, email="user56@gmail.com").
2026-03-23 16:49:29 [Information] [TraceId: 2052aeed8371eae74e08040e4c5943e3] Executing "OkObjectResult", writing value of type '"<>f__AnonymousType0`2[[System.String, System.Private.CoreLib, Version=8.0.0.0, Culture=neutral, PublicKeyToken=7cec85d7bea7798e],[System.String, System.Private.CoreLib, Version=8.0.0.0, Culture=neutral, PublicKeyToken=7cec85d7bea7798e]]"'.
2026-03-23 16:49:29 [Information] [TraceId: 2052aeed8371eae74e08040e4c5943e3] Executed action "AuthController.Login (MyApi)" in 590.2611ms
2026-03-23 16:49:29 [Information] [TraceId: 2052aeed8371eae74e08040e4c5943e3] Executed endpoint '"AuthController.Login (MyApi)"'
2026-03-23 16:49:29 [Information] [TraceId: 2052aeed8371eae74e08040e4c5943e3] Request finished "HTTP/1.1" "POST" "http"://"localhost:5062""""/api/Auth/login""" - 200 null "application/json; charset=utf-8" 631.7203ms
2026-03-23 16:49:43 [Information] [TraceId: d9addd03d30eea17ce3ff868885ef3e5] Request starting "HTTP/1.1" "POST" "http"://"localhost:5062""""/api/dapper-employees""" - "application/json" 148
2026-03-23 16:49:43 [Information] [TraceId: d9addd03d30eea17ce3ff868885ef3e5] Executing endpoint '"DapperEmployeesController.CreateEmployee (MyApi)"'
2026-03-23 16:49:43 [Information] [TraceId: d9addd03d30eea17ce3ff868885ef3e5] Route matched with "{action = \"CreateEmployee\", controller = \"DapperEmployees\"}". Executing controller action with signature "System.Threading.Tasks.Task`1[Microsoft.AspNetCore.Mvc.IActionResult] CreateEmployee(MyApi.DTO.Employee.Createemployeedto)" on controller "DapperEmployeesController" ("MyApi").
2026-03-23 16:49:43 [Information] [TraceId: d9addd03d30eea17ce3ff868885ef3e5] Dapper CreateEmployee called (email="xyz@example.com").
2026-03-23 16:49:43 [Information] [TraceId: d9addd03d30eea17ce3ff868885ef3e5] Creating employee through Dapper service (email="xyz@example.com", name="xyz").
2026-03-23 16:49:44 [Information] [TraceId: d9addd03d30eea17ce3ff868885ef3e5] Creating employee with Dapper (email="xyz@example.com", name="xyz").
2026-03-23 16:49:44 [Error] [TraceId: d9addd03d30eea17ce3ff868885ef3e5] Dapper CreateEmployee failed.
Microsoft.Data.SqlClient.SqlException (0x80131904): The INSERT statement conflicted with the FOREIGN KEY SAME TABLE constraint "FK_Employees_Employees_ManagerId". The conflict occurred in database "employeeDb", table "dbo.Employees", column 'Id'.
   at Microsoft.Data.SqlClient.SqlConnection.OnError(SqlException exception, Boolean breakConnection, Action`1 wrapCloseInAction)
   at Microsoft.Data.SqlClient.SqlInternalConnection.OnError(SqlException exception, Boolean breakConnection, Action`1 wrapCloseInAction)
   at Microsoft.Data.SqlClient.TdsParser.ThrowExceptionAndWarning(TdsParserStateObject stateObj, Boolean callerHasConnectionLock, Boolean asyncClose)
   at Microsoft.Data.SqlClient.TdsParser.TryRun(RunBehavior runBehavior, SqlCommand cmdHandler, SqlDataReader dataStream, BulkCopySimpleResultSet bulkCopyHandler, TdsParserStateObject stateObj, Boolean& dataReady)
   at Microsoft.Data.SqlClient.SqlDataReader.TryHasMoreRows(Boolean& moreRows)
   at Microsoft.Data.SqlClient.SqlDataReader.TryReadInternal(Boolean setTimeout, Boolean& more)
   at Microsoft.Data.SqlClient.SqlDataReader.ReadAsyncExecute(Task task, Object state)
   at Microsoft.Data.SqlClient.SqlDataReader.InvokeAsyncCall[T](SqlDataReaderBaseAsyncCallContext`1 context)
--- End of stack trace from previous location ---
   at Dapper.SqlMapper.ExecuteScalarImplAsync[T](IDbConnection cnn, CommandDefinition command) in /_/Dapper/SqlMapper.Async.cs:line 1242
   at MyApi.Repository.Implementation.DapperEmployeeRepository.CreateAsync(Createemployeedto dto, String passwordHash, String hmacSecret)
   at MyApi.Repository.Implementation.DapperEmployeeRepository.CreateAsync(Createemployeedto dto, String passwordHash, String hmacSecret)
   at MyApi.Service.Implementation.DapperEmployeeService.CreateEmployeeAsync(Createemployeedto dto)
   at DapperEmployeesController.CreateEmployee(Createemployeedto dto)
ClientConnectionId:77dbdb10-117e-4203-8fd2-b27909ef67e3
Error Number:547,State:0,Class:16
2026-03-23 16:49:44 [Information] [TraceId: d9addd03d30eea17ce3ff868885ef3e5] Executing "ObjectResult", writing value of type '"System.String"'.
2026-03-23 16:49:44 [Information] [TraceId: d9addd03d30eea17ce3ff868885ef3e5] Executed action "DapperEmployeesController.CreateEmployee (MyApi)" in 530.8177ms
2026-03-23 16:49:44 [Information] [TraceId: d9addd03d30eea17ce3ff868885ef3e5] Executed endpoint '"DapperEmployeesController.CreateEmployee (MyApi)"'
2026-03-23 16:49:44 [Information] [TraceId: d9addd03d30eea17ce3ff868885ef3e5] Request finished "HTTP/1.1" "POST" "http"://"localhost:5062""""/api/dapper-employees""" - 500 null "text/plain; charset=utf-8" 554.9744ms
2026-03-23 16:50:02 [Information] [TraceId: 224e02d08d5f4628e9baaa6960fa36ec] Request starting "HTTP/1.1" "GET" "http"://"localhost:5062""""/api/dapper-employees/1013""" - null null
2026-03-23 16:50:02 [Information] [TraceId: 224e02d08d5f4628e9baaa6960fa36ec] Executing endpoint '"DapperEmployeesController.GetEmployee (MyApi)"'
2026-03-23 16:50:02 [Information] [TraceId: 224e02d08d5f4628e9baaa6960fa36ec] Route matched with "{action = \"GetEmployee\", controller = \"DapperEmployees\"}". Executing controller action with signature "System.Threading.Tasks.Task`1[Microsoft.AspNetCore.Mvc.IActionResult] GetEmployee(Int32)" on controller "DapperEmployeesController" ("MyApi").
2026-03-23 16:50:02 [Information] [TraceId: 224e02d08d5f4628e9baaa6960fa36ec] Dapper GetEmployee called (id=1013).
2026-03-23 16:50:02 [Information] [TraceId: 224e02d08d5f4628e9baaa6960fa36ec] Fetching employee by id through Dapper service (id=1013).
2026-03-23 16:50:02 [Information] [TraceId: 224e02d08d5f4628e9baaa6960fa36ec] Fetching employee by id with Dapper (id=1013).
2026-03-23 16:50:02 [Information] [TraceId: 224e02d08d5f4628e9baaa6960fa36ec] Executing "OkObjectResult", writing value of type '"MyApi.DTO.Employee.Reademployeedto"'.
2026-03-23 16:50:02 [Information] [TraceId: 224e02d08d5f4628e9baaa6960fa36ec] Executed action "DapperEmployeesController.GetEmployee (MyApi)" in 65.3371ms
2026-03-23 16:50:02 [Information] [TraceId: 224e02d08d5f4628e9baaa6960fa36ec] Executed endpoint '"DapperEmployeesController.GetEmployee (MyApi)"'
2026-03-23 16:50:02 [Information] [TraceId: 224e02d08d5f4628e9baaa6960fa36ec] Request finished "HTTP/1.1" "GET" "http"://"localhost:5062""""/api/dapper-employees/1013""" - 200 null "application/json; charset=utf-8" 86.1527ms
2026-03-23 16:51:00 [Information] [TraceId: 5c6b04218987c245bc76afecbd94e4c4] Request starting "HTTP/1.1" "POST" "http"://"localhost:5062""""/api/dapper-employees""" - "application/json" 151
2026-03-23 16:51:00 [Information] [TraceId: 5c6b04218987c245bc76afecbd94e4c4] Executing endpoint '"DapperEmployeesController.CreateEmployee (MyApi)"'
2026-03-23 16:51:00 [Information] [TraceId: 5c6b04218987c245bc76afecbd94e4c4] Route matched with "{action = \"CreateEmployee\", controller = \"DapperEmployees\"}". Executing controller action with signature "System.Threading.Tasks.Task`1[Microsoft.AspNetCore.Mvc.IActionResult] CreateEmployee(MyApi.DTO.Employee.Createemployeedto)" on controller "DapperEmployeesController" ("MyApi").
2026-03-23 16:51:00 [Information] [TraceId: 5c6b04218987c245bc76afecbd94e4c4] Dapper CreateEmployee called (email="xyz@example.com").
2026-03-23 16:51:00 [Information] [TraceId: 5c6b04218987c245bc76afecbd94e4c4] Creating employee through Dapper service (email="xyz@example.com", name="xyz").
2026-03-23 16:51:01 [Information] [TraceId: 5c6b04218987c245bc76afecbd94e4c4] Creating employee with Dapper (email="xyz@example.com", name="xyz").
2026-03-23 16:51:01 [Information] [TraceId: 5c6b04218987c245bc76afecbd94e4c4] Fetching employee by id with Dapper (id=1018).
2026-03-23 16:51:01 [Information] [TraceId: 5c6b04218987c245bc76afecbd94e4c4] Executing "CreatedAtActionResult", writing value of type '"MyApi.DTO.Employee.Reademployeedto"'.
2026-03-23 16:51:01 [Information] [TraceId: 5c6b04218987c245bc76afecbd94e4c4] Executed action "DapperEmployeesController.CreateEmployee (MyApi)" in 963.2205ms
2026-03-23 16:51:01 [Information] [TraceId: 5c6b04218987c245bc76afecbd94e4c4] Executed endpoint '"DapperEmployeesController.CreateEmployee (MyApi)"'
2026-03-23 16:51:01 [Information] [TraceId: 5c6b04218987c245bc76afecbd94e4c4] Request finished "HTTP/1.1" "POST" "http"://"localhost:5062""""/api/dapper-employees""" - 201 null "application/json; charset=utf-8" 972.7689ms
2026-03-23 16:51:31 [Information] [TraceId: 5ed6171c2a3d51f1258c67f14194a29f] Request starting "HTTP/1.1" "GET" "http"://"localhost:5062""""/api/dapper-employees/all""" - null null
2026-03-23 16:51:31 [Information] [TraceId: 5ed6171c2a3d51f1258c67f14194a29f] Executing endpoint '"DapperEmployeesController.GetAllEmployees (MyApi)"'
2026-03-23 16:51:31 [Information] [TraceId: 5ed6171c2a3d51f1258c67f14194a29f] Route matched with "{action = \"GetAllEmployees\", controller = \"DapperEmployees\"}". Executing controller action with signature "System.Threading.Tasks.Task`1[Microsoft.AspNetCore.Mvc.IActionResult] GetAllEmployees()" on controller "DapperEmployeesController" ("MyApi").
2026-03-23 16:51:31 [Information] [TraceId: 5ed6171c2a3d51f1258c67f14194a29f] Dapper GetAllEmployees called.
2026-03-23 16:51:31 [Information] [TraceId: 5ed6171c2a3d51f1258c67f14194a29f] Fetching all employees through Dapper service.
2026-03-23 16:51:31 [Information] [TraceId: 5ed6171c2a3d51f1258c67f14194a29f] Fetching all employees with Dapper.
2026-03-23 16:51:31 [Information] [TraceId: 5ed6171c2a3d51f1258c67f14194a29f] Executing "OkObjectResult", writing value of type '"System.Collections.Generic.List`1[[MyApi.DTO.Employee.Reademployeedto, MyApi, Version=1.0.0.0, Culture=neutral, PublicKeyToken=null]]"'.
2026-03-23 16:51:31 [Information] [TraceId: 5ed6171c2a3d51f1258c67f14194a29f] Executed action "DapperEmployeesController.GetAllEmployees (MyApi)" in 12.9247ms
2026-03-23 16:51:31 [Information] [TraceId: 5ed6171c2a3d51f1258c67f14194a29f] Executed endpoint '"DapperEmployeesController.GetAllEmployees (MyApi)"'
2026-03-23 16:51:31 [Information] [TraceId: 5ed6171c2a3d51f1258c67f14194a29f] Request finished "HTTP/1.1" "GET" "http"://"localhost:5062""""/api/dapper-employees/all""" - 200 null "application/json; charset=utf-8" 37.7103ms
2026-03-23 16:56:54 [Information] [TraceId: 38296c2dcf4814ebabdc45b9c5b0aafb] Request starting "HTTP/1.1" "PUT" "http"://"localhost:5062""""/api/dapper-employees/1013""" - "application/json" 114
2026-03-23 16:56:54 [Information] [TraceId: 38296c2dcf4814ebabdc45b9c5b0aafb] Executing endpoint '"DapperEmployeesController.UpdateEmployee (MyApi)"'
2026-03-23 16:56:54 [Information] [TraceId: 38296c2dcf4814ebabdc45b9c5b0aafb] Route matched with "{action = \"UpdateEmployee\", controller = \"DapperEmployees\"}". Executing controller action with signature "System.Threading.Tasks.Task`1[Microsoft.AspNetCore.Mvc.IActionResult] UpdateEmployee(Int32, MyApi.DTO.Employee.Updateemployeedto)" on controller "DapperEmployeesController" ("MyApi").
2026-03-23 16:56:54 [Information] [TraceId: 38296c2dcf4814ebabdc45b9c5b0aafb] Dapper UpdateEmployee called (id=1013).
2026-03-23 16:56:54 [Information] [TraceId: 38296c2dcf4814ebabdc45b9c5b0aafb] Updating employee through Dapper service (id=1013).
2026-03-23 16:56:54 [Information] [TraceId: 38296c2dcf4814ebabdc45b9c5b0aafb] Fetching employee by id with Dapper (id=1013).
2026-03-23 16:56:54 [Information] [TraceId: 38296c2dcf4814ebabdc45b9c5b0aafb] Updating employee with Dapper (id=1013).
2026-03-23 16:56:54 [Information] [TraceId: 38296c2dcf4814ebabdc45b9c5b0aafb] Fetching employee by id with Dapper (id=1013).
2026-03-23 16:56:54 [Information] [TraceId: 38296c2dcf4814ebabdc45b9c5b0aafb] Executing "OkObjectResult", writing value of type '"MyApi.DTO.Employee.Reademployeedto"'.
2026-03-23 16:56:54 [Information] [TraceId: 38296c2dcf4814ebabdc45b9c5b0aafb] Executed action "DapperEmployeesController.UpdateEmployee (MyApi)" in 200.8104ms
2026-03-23 16:56:54 [Information] [TraceId: 38296c2dcf4814ebabdc45b9c5b0aafb] Executed endpoint '"DapperEmployeesController.UpdateEmployee (MyApi)"'
2026-03-23 16:56:54 [Information] [TraceId: 38296c2dcf4814ebabdc45b9c5b0aafb] Request finished "HTTP/1.1" "PUT" "http"://"localhost:5062""""/api/dapper-employees/1013""" - 200 null "application/json; charset=utf-8" 222.2402ms
2026-03-23 16:57:10 [Information] [TraceId: 74b96acad24142ce10f834aad822e866] Request starting "HTTP/1.1" "DELETE" "http"://"localhost:5062""""/api/dapper-employees/1013""" - null null
2026-03-23 16:57:10 [Information] [TraceId: 74b96acad24142ce10f834aad822e866] Fetching employee by id from repository (id=1015).
2026-03-23 16:57:10 [Information] [TraceId: 74b96acad24142ce10f834aad822e866] Executed DbCommand ("73"ms) [Parameters=["@__id_0='1015'"], CommandType='Text', CommandTimeout='30']"
""SELECT TOP(1) [e].[Id], [e].[DepartmentId], [e].[Email], [e].[HmacSecret], [e].[ManagerId], [e].[Name], [e].[PasswordHash], [e].[Salary], [e].[role], [d].[Id], [d].[CompanyId], [d].[ManagerId], [d].[Name], [e0].[Id], [e0].[DepartmentId], [e0].[Email], [e0].[HmacSecret], [e0].[ManagerId], [e0].[Name], [e0].[PasswordHash], [e0].[Salary], [e0].[role]
FROM [Employees] AS [e]
INNER JOIN [Departments] AS [d] ON [e].[DepartmentId] = [d].[Id]
LEFT JOIN [Employees] AS [e0] ON [e].[ManagerId] = [e0].[Id]
WHERE [e].[Id] = @__id_0"
2026-03-23 16:57:10 [Information] [TraceId: 74b96acad24142ce10f834aad822e866] Request finished "HTTP/1.1" "DELETE" "http"://"localhost:5062""""/api/dapper-employees/1013""" - 401 null null 592.0694ms
2026-03-23 17:11:53 [Information] [TraceId: ] Server laptop-2j11tsn1:82660:c0bd43b5 caught stopping signal...
2026-03-23 17:11:53 [Information] [TraceId: ] Application is shutting down...
2026-03-23 17:11:53 [Information] [TraceId: ] Server laptop-2j11tsn1:82660:c0bd43b5 All dispatchers stopped
2026-03-23 17:11:53 [Information] [TraceId: ] Server laptop-2j11tsn1:82660:c0bd43b5 successfully reported itself as stopped in 7.8468 ms
2026-03-23 17:11:53 [Information] [TraceId: ] Server laptop-2j11tsn1:82660:c0bd43b5 has been stopped in total 225.4056 ms
2026-03-23 17:12:09 [Information] [TraceId: ] Start installing Hangfire SQL objects...
2026-03-23 17:12:10 [Information] [TraceId: ] Hangfire SQL objects installed.
2026-03-23 17:12:10 [Information] [TraceId: ] User profile is available. Using '"C:\Users\HP\AppData\Local\ASP.NET\DataProtection-Keys"' as key repository and Windows DPAPI to encrypt keys at rest.
2026-03-23 17:12:10 [Information] [TraceId: ] Now listening on: "http://localhost:5062"
2026-03-23 17:12:10 [Information] [TraceId: ] Starting Hangfire Server using job storage: 'SQL Server: LAPTOP-2J11TSN1@employeeDb'
2026-03-23 17:12:10 [Information] [TraceId: ] Using the following options for SQL Server job storage: Queue poll interval: 00:00:00.
2026-03-23 17:12:10 [Information] [TraceId: ] Using the following options for Hangfire Server:
    Worker count: 20
    Listening queues: 'default'
    Shutdown timeout: 00:00:15
    Schedule polling interval: 00:00:15
2026-03-23 17:12:10 [Information] [TraceId: ] Application started. Press Ctrl+C to shut down.
2026-03-23 17:12:10 [Information] [TraceId: ] Hosting environment: "Development"
2026-03-23 17:12:10 [Information] [TraceId: ] Content root path: "C:\Users\HP\Desktop\asp.net\MyApi"
2026-03-23 17:12:10 [Information] [TraceId: ] Server laptop-2j11tsn1:96960:b7e5eb79 successfully announced in 163.5905 ms
2026-03-23 17:12:10 [Information] [TraceId: ] Server laptop-2j11tsn1:96960:b7e5eb79 is starting the registered dispatchers: ServerWatchdog, ServerJobCancellationWatcher, SqlServerHeartbeatProcess, ExpirationManager, CountersAggregator, Worker, DelayedJobScheduler, RecurringJobScheduler...
2026-03-23 17:12:10 [Information] [TraceId: ] Server laptop-2j11tsn1:96960:b7e5eb79 all the dispatchers started
2026-03-23 17:12:32 [Information] [TraceId: fed31b6667a5302b06c6f5e2df4fdf79] Request starting "HTTP/1.1" "GET" "http"://"localhost:5062""""/api/dapper-employees/all""" - null null
2026-03-23 17:12:34 [Warning] [TraceId: fed31b6667a5302b06c6f5e2df4fdf79] Failed to determine the https port for redirect.
2026-03-23 17:12:35 [Information] [TraceId: fed31b6667a5302b06c6f5e2df4fdf79] Failed to validate the token.
Microsoft.IdentityModel.Tokens.SecurityTokenExpiredException: IDX10223: Lifetime validation failed. The token is expired. ValidTo (UTC): '23-03-2026 11:34:29', Current time (UTC): '23-03-2026 11:42:35'.
   at Microsoft.IdentityModel.Tokens.ValidatorUtilities.ValidateLifetime(Nullable`1 notBefore, Nullable`1 expires, SecurityToken securityToken, TokenValidationParameters validationParameters)
   at Microsoft.IdentityModel.Tokens.Validators.ValidateLifetime(Nullable`1 notBefore, Nullable`1 expires, SecurityToken securityToken, TokenValidationParameters validationParameters)
   at Microsoft.IdentityModel.JsonWebTokens.JsonWebTokenHandler.ValidateTokenPayloadAsync(JsonWebToken jsonWebToken, TokenValidationParameters validationParameters, BaseConfiguration configuration)
   at Microsoft.IdentityModel.JsonWebTokens.JsonWebTokenHandler.ValidateJWSAsync(JsonWebToken jsonWebToken, TokenValidationParameters validationParameters, BaseConfiguration configuration)
2026-03-23 17:12:36 [Information] [TraceId: fed31b6667a5302b06c6f5e2df4fdf79] "Bearer" was not authenticated. Failure message: "IDX10223: Lifetime validation failed. The token is expired. ValidTo (UTC): '23-03-2026 11:34:29', Current time (UTC): '23-03-2026 11:42:35'."
2026-03-23 17:12:36 [Information] [TraceId: fed31b6667a5302b06c6f5e2df4fdf79] Authorization failed. "These requirements were not met:
DenyAnonymousAuthorizationRequirement: Requires an authenticated user."
2026-03-23 17:12:36 [Information] [TraceId: fed31b6667a5302b06c6f5e2df4fdf79] AuthenticationScheme: "Bearer" was challenged.
2026-03-23 17:12:36 [Information] [TraceId: fed31b6667a5302b06c6f5e2df4fdf79] Request finished "HTTP/1.1" "GET" "http"://"localhost:5062""""/api/dapper-employees/all""" - 401 0 null 4253.9213ms
2026-03-23 17:49:41 [Information] [TraceId: ] Server laptop-2j11tsn1:96960:b7e5eb79 caught stopping signal...
2026-03-23 17:49:41 [Information] [TraceId: ] Application is shutting down...
2026-03-23 17:49:41 [Information] [TraceId: ] Server laptop-2j11tsn1:96960:b7e5eb79 caught stopped signal...
2026-03-23 17:49:42 [Information] [TraceId: ] Server laptop-2j11tsn1:96960:b7e5eb79 All dispatchers stopped
2026-03-23 17:49:42 [Information] [TraceId: ] Server laptop-2j11tsn1:96960:b7e5eb79 successfully reported itself as stopped in 9.9585 ms
2026-03-23 17:49:42 [Information] [TraceId: ] Server laptop-2j11tsn1:96960:b7e5eb79 has been stopped in total 897.6204 ms
2026-03-23 17:50:02 [Information] [TraceId: ] Start installing Hangfire SQL objects...
2026-03-23 17:50:03 [Information] [TraceId: ] Hangfire SQL objects installed.
2026-03-23 17:50:03 [Information] [TraceId: ] User profile is available. Using '"C:\Users\HP\AppData\Local\ASP.NET\DataProtection-Keys"' as key repository and Windows DPAPI to encrypt keys at rest.
2026-03-23 17:50:03 [Information] [TraceId: ] Now listening on: "http://localhost:5062"
2026-03-23 17:50:03 [Information] [TraceId: ] Starting Hangfire Server using job storage: 'SQL Server: LAPTOP-2J11TSN1@employeeDb'
2026-03-23 17:50:03 [Information] [TraceId: ] Using the following options for SQL Server job storage: Queue poll interval: 00:00:00.
2026-03-23 17:50:03 [Information] [TraceId: ] Using the following options for Hangfire Server:
    Worker count: 20
    Listening queues: 'default'
    Shutdown timeout: 00:00:15
    Schedule polling interval: 00:00:15
2026-03-23 17:50:03 [Information] [TraceId: ] Application started. Press Ctrl+C to shut down.
2026-03-23 17:50:03 [Information] [TraceId: ] Hosting environment: "Development"
2026-03-23 17:50:03 [Information] [TraceId: ] Content root path: "C:\Users\HP\Desktop\asp.net\MyApi"
2026-03-23 17:50:04 [Information] [TraceId: ] Server laptop-2j11tsn1:86200:0f9e2956 successfully announced in 117.3358 ms
2026-03-23 17:50:04 [Information] [TraceId: ] Server laptop-2j11tsn1:86200:0f9e2956 is starting the registered dispatchers: ServerWatchdog, ServerJobCancellationWatcher, SqlServerHeartbeatProcess, ExpirationManager, CountersAggregator, Worker, DelayedJobScheduler, RecurringJobScheduler...
2026-03-23 17:50:04 [Information] [TraceId: ] Server laptop-2j11tsn1:86200:0f9e2956 all the dispatchers started
2026-03-23 17:50:04 [Information] [TraceId: d5ddde47d0d10865d9b8a368e33e2b1c] Request starting "HTTP/1.1" "GET" "http"://"localhost:5062""""/""" - null null
2026-03-23 17:50:04 [Warning] [TraceId: d5ddde47d0d10865d9b8a368e33e2b1c] Failed to determine the https port for redirect.
2026-03-23 17:50:04 [Information] [TraceId: d5ddde47d0d10865d9b8a368e33e2b1c] Request finished "HTTP/1.1" "GET" "http"://"localhost:5062""""/""" - 404 null null 237.7109ms
2026-03-23 17:50:04 [Information] [TraceId: d5ddde47d0d10865d9b8a368e33e2b1c] Request reached the end of the middleware pipeline without being handled by application code. Request path: "GET" "http"://"localhost:5062""""/", Response status code: 404
2026-03-23 17:50:12 [Information] [TraceId: c64caa8021416500715359e2e2df6be5] Request starting "HTTP/1.1" "GET" "http"://"localhost:5062""""/swagger/index.html""" - null null
2026-03-23 17:50:12 [Information] [TraceId: c64caa8021416500715359e2e2df6be5] Request finished "HTTP/1.1" "GET" "http"://"localhost:5062""""/swagger/index.html""" - 200 null "text/html;charset=utf-8" 209.4896ms
2026-03-23 17:50:12 [Information] [TraceId: 5453a5e1d5fb7aefd8227379bf85cf1a] Request starting "HTTP/1.1" "GET" "http"://"localhost:5062""""/_framework/aspnetcore-browser-refresh.js""" - null null
2026-03-23 17:50:12 [Information] [TraceId: 5453a5e1d5fb7aefd8227379bf85cf1a] Request finished "HTTP/1.1" "GET" "http"://"localhost:5062""""/_framework/aspnetcore-browser-refresh.js""" - 200 16547 "application/javascript; charset=utf-8" 2.5804ms
2026-03-23 17:50:12 [Information] [TraceId: 5350e363bbea8d52cdccd8e56a1c78e5] Request starting "HTTP/1.1" "GET" "http"://"localhost:5062""""/swagger/v1/swagger.json""" - null null
2026-03-23 17:50:12 [Information] [TraceId: 5350e363bbea8d52cdccd8e56a1c78e5] Request finished "HTTP/1.1" "GET" "http"://"localhost:5062""""/swagger/v1/swagger.json""" - 200 null "application/json;charset=utf-8" 222.9771ms
2026-03-23 17:50:36 [Information] [TraceId: d20f78b31d19b6bb2761c4e74cb74206] Request starting "HTTP/1.1" "POST" "http"://"localhost:5062""""/api/Auth/login""" - "application/json" 57
2026-03-23 17:50:36 [Information] [TraceId: d20f78b31d19b6bb2761c4e74cb74206] Executing endpoint '"AuthController.Login (MyApi)"'
2026-03-23 17:50:36 [Information] [TraceId: d20f78b31d19b6bb2761c4e74cb74206] Route matched with "{action = \"Login\", controller = \"Auth\"}". Executing controller action with signature "System.Threading.Tasks.Task`1[Microsoft.AspNetCore.Mvc.IActionResult] Login(MyApi.DTO.Employee.Logindto)" on controller "AuthController" ("MyApi").
2026-03-23 17:50:36 [Information] [TraceId: d20f78b31d19b6bb2761c4e74cb74206] Login requested for email "user56@gmail.com".
2026-03-23 17:50:36 [Information] [TraceId: d20f78b31d19b6bb2761c4e74cb74206] Fetching employee by email from repository (email="user56@gmail.com").
2026-03-23 17:50:37 [Warning] [TraceId: d20f78b31d19b6bb2761c4e74cb74206] Sensitive data logging is enabled. Log entries and exception messages may include sensitive application data; this mode should only be enabled during development.
2026-03-23 17:50:39 [Information] [TraceId: d20f78b31d19b6bb2761c4e74cb74206] Executed DbCommand ("69"ms) [Parameters=["@__email_0='user56@gmail.com' (Size = 450)"], CommandType='Text', CommandTimeout='30']"
""SELECT TOP(1) [e].[Id], [e].[DepartmentId], [e].[Email], [e].[HmacSecret], [e].[ManagerId], [e].[Name], [e].[PasswordHash], [e].[Salary], [e].[role], [d].[Id], [d].[CompanyId], [d].[ManagerId], [d].[Name], [e0].[Id], [e0].[DepartmentId], [e0].[Email], [e0].[HmacSecret], [e0].[ManagerId], [e0].[Name], [e0].[PasswordHash], [e0].[Salary], [e0].[role]
FROM [Employees] AS [e]
INNER JOIN [Departments] AS [d] ON [e].[DepartmentId] = [d].[Id]
LEFT JOIN [Employees] AS [e0] ON [e].[ManagerId] = [e0].[Id]
WHERE [e].[Email] = @__email_0"
2026-03-23 17:50:39 [Information] [TraceId: d20f78b31d19b6bb2761c4e74cb74206] Creating access token for employee (id=1015, email="user56@gmail.com").
2026-03-23 17:50:39 [Information] [TraceId: d20f78b31d19b6bb2761c4e74cb74206] Generating refresh token.
2026-03-23 17:50:39 [Information] [TraceId: d20f78b31d19b6bb2761c4e74cb74206] Creating refresh token entity for employee (id=1015).
2026-03-23 17:50:39 [Information] [TraceId: d20f78b31d19b6bb2761c4e74cb74206] Hashing refresh token.
2026-03-23 17:50:39 [Information] [TraceId: d20f78b31d19b6bb2761c4e74cb74206] Persisting refresh token for employee (employeeId=1015, expires=03/30/2026 12:20:39).
2026-03-23 17:50:40 [Information] [TraceId: d20f78b31d19b6bb2761c4e74cb74206] Executed DbCommand ("18"ms) [Parameters=["@p0='1015', @p1='2026-03-30T12:20:39.8836088Z', @p2='False', @p3='9RFiQ+3HqtTaDJsZyipfe96t8aB2a/TkwFHfWHh2Nns=' (Nullable = false) (Size = 4000)"], CommandType='Text', CommandTimeout='30']"
""SET IMPLICIT_TRANSACTIONS OFF;
SET NOCOUNT ON;
INSERT INTO [RefreshTokens] ([EmployeeId], [Expires], [IsRevoked], [Token])
OUTPUT INSERTED.[Id]
VALUES (@p0, @p1, @p2, @p3);"
2026-03-23 17:50:40 [Information] [TraceId: d20f78b31d19b6bb2761c4e74cb74206] Login succeeded for employee (id=1015, email="user56@gmail.com").
2026-03-23 17:50:40 [Information] [TraceId: d20f78b31d19b6bb2761c4e74cb74206] Executing "OkObjectResult", writing value of type '"<>f__AnonymousType0`2[[System.String, System.Private.CoreLib, Version=8.0.0.0, Culture=neutral, PublicKeyToken=7cec85d7bea7798e],[System.String, System.Private.CoreLib, Version=8.0.0.0, Culture=neutral, PublicKeyToken=7cec85d7bea7798e]]"'.
2026-03-23 17:50:40 [Information] [TraceId: d20f78b31d19b6bb2761c4e74cb74206] Executed action "AuthController.Login (MyApi)" in 3747.9208ms
2026-03-23 17:50:40 [Information] [TraceId: d20f78b31d19b6bb2761c4e74cb74206] Executed endpoint '"AuthController.Login (MyApi)"'
2026-03-23 17:50:40 [Information] [TraceId: d20f78b31d19b6bb2761c4e74cb74206] Request finished "HTTP/1.1" "POST" "http"://"localhost:5062""""/api/Auth/login""" - 200 null "application/json; charset=utf-8" 3909.8344ms
2026-03-23 17:51:26 [Information] [TraceId: 33f446120e75be21f03610a12a19d7a3] Request starting "HTTP/1.1" "POST" "http"://"localhost:5062""""/api/dapper-employees""" - "application/json" 152
2026-03-23 17:51:26 [Information] [TraceId: 33f446120e75be21f03610a12a19d7a3] Executing endpoint '"DapperEmployeesController.CreateEmployee (MyApi)"'
2026-03-23 17:51:26 [Information] [TraceId: 33f446120e75be21f03610a12a19d7a3] Route matched with "{action = \"CreateEmployee\", controller = \"DapperEmployees\"}". Executing controller action with signature "System.Threading.Tasks.Task`1[Microsoft.AspNetCore.Mvc.IActionResult] CreateEmployee(MyApi.DTO.Employee.Createemployeedto)" on controller "DapperEmployeesController" ("MyApi").
2026-03-23 17:51:26 [Information] [TraceId: 33f446120e75be21f03610a12a19d7a3] Dapper CreateEmployee called (email="user@example.com").
2026-03-23 17:51:26 [Information] [TraceId: 33f446120e75be21f03610a12a19d7a3] Creating employee through Dapper service (email="user@example.com", name="string").
2026-03-23 17:51:27 [Information] [TraceId: 33f446120e75be21f03610a12a19d7a3] Creating employee using stored procedure (email="user@example.com", name="string").
2026-03-23 17:51:27 [Error] [TraceId: 33f446120e75be21f03610a12a19d7a3] Dapper CreateEmployee failed.
Microsoft.Data.SqlClient.SqlException (0x80131904): Could not find stored procedure 'sp_CreateEmployee'.
   at Microsoft.Data.SqlClient.SqlConnection.OnError(SqlException exception, Boolean breakConnection, Action`1 wrapCloseInAction)
   at Microsoft.Data.SqlClient.SqlInternalConnection.OnError(SqlException exception, Boolean breakConnection, Action`1 wrapCloseInAction)
   at Microsoft.Data.SqlClient.TdsParser.ThrowExceptionAndWarning(TdsParserStateObject stateObj, Boolean callerHasConnectionLock, Boolean asyncClose)
   at Microsoft.Data.SqlClient.TdsParser.TryRun(RunBehavior runBehavior, SqlCommand cmdHandler, SqlDataReader dataStream, BulkCopySimpleResultSet bulkCopyHandler, TdsParserStateObject stateObj, Boolean& dataReady)
   at Microsoft.Data.SqlClient.SqlDataReader.TryConsumeMetaData()
   at Microsoft.Data.SqlClient.SqlCommand.FinishExecuteReader(SqlDataReader ds, RunBehavior runBehavior, String resetOptionsString, Boolean isInternal, Boolean forDescribeParameterEncryption, Boolean shouldCacheForAlwaysEncrypted)
   at Microsoft.Data.SqlClient.SqlCommand.CompleteAsyncExecuteReader(Boolean isInternal, Boolean forDescribeParameterEncryption)
   at Microsoft.Data.SqlClient.SqlCommand.InternalEndExecuteReader(IAsyncResult asyncResult, Boolean isInternal, String endMethod)
   at Microsoft.Data.SqlClient.SqlCommand.EndExecuteReaderInternal(IAsyncResult asyncResult)
   at Microsoft.Data.SqlClient.SqlCommand.EndExecuteReaderAsync(IAsyncResult asyncResult)
   at Microsoft.Data.SqlClient.SqlCommand.EndExecuteReaderAsyncCallback(IAsyncResult asyncResult)
   at System.Threading.Tasks.TaskFactory`1.FromAsyncCoreLogic(IAsyncResult iar, Func`2 endFunction, Action`1 endAction, Task`1 promise, Boolean requiresSynchronization)
--- End of stack trace from previous location ---
   at Dapper.SqlMapper.ExecuteScalarImplAsync[T](IDbConnection cnn, CommandDefinition command) in /_/Dapper/SqlMapper.Async.cs:line 1242
   at MyApi.Repository.Implementation.DapperEmployeeRepository.CreateAsync(Createemployeedto dto, String passwordHash, String hmacSecret) in C:\Users\HP\Desktop\asp.net\MyApi\Repository\Implementation\Dapperrepo.cs:line 91
   at MyApi.Repository.Implementation.DapperEmployeeRepository.CreateAsync(Createemployeedto dto, String passwordHash, String hmacSecret) in C:\Users\HP\Desktop\asp.net\MyApi\Repository\Implementation\Dapperrepo.cs:line 91
   at MyApi.Service.Implementation.DapperEmployeeService.CreateEmployeeAsync(Createemployeedto dto) in C:\Users\HP\Desktop\asp.net\MyApi\Service\Implementation\Dapperservice.cs:line 48
   at DapperEmployeesController.CreateEmployee(Createemployeedto dto) in C:\Users\HP\Desktop\asp.net\MyApi\Controllers\DapperController.cs:line 71
ClientConnectionId:76b95774-6f0c-42c7-af1b-0fe471b8ca4a
Error Number:2812,State:62,Class:16
2026-03-23 17:51:27 [Information] [TraceId: 33f446120e75be21f03610a12a19d7a3] Executing "ObjectResult", writing value of type '"System.String"'.
2026-03-23 17:51:27 [Information] [TraceId: 33f446120e75be21f03610a12a19d7a3] Executed action "DapperEmployeesController.CreateEmployee (MyApi)" in 659.6983ms
2026-03-23 17:51:27 [Information] [TraceId: 33f446120e75be21f03610a12a19d7a3] Executed endpoint '"DapperEmployeesController.CreateEmployee (MyApi)"'
2026-03-23 17:51:27 [Information] [TraceId: 33f446120e75be21f03610a12a19d7a3] Request finished "HTTP/1.1" "POST" "http"://"localhost:5062""""/api/dapper-employees""" - 500 null "text/plain; charset=utf-8" 798.5644ms
2026-03-23 17:56:04 [Information] [TraceId: 873f042ce0f8ac494bf4c6c8daffec1a] Request starting "HTTP/1.1" "GET" "http"://"localhost:5062""""/swagger/index.html""" - null null
2026-03-23 17:56:04 [Information] [TraceId: 873f042ce0f8ac494bf4c6c8daffec1a] Request finished "HTTP/1.1" "GET" "http"://"localhost:5062""""/swagger/index.html""" - 200 null "text/html;charset=utf-8" 1.4372ms
2026-03-23 17:56:04 [Information] [TraceId: 420bfb99759e27e94fbb47c7271fd644] Request starting "HTTP/1.1" "GET" "http"://"localhost:5062""""/_framework/aspnetcore-browser-refresh.js""" - null null
2026-03-23 17:56:04 [Information] [TraceId: 420bfb99759e27e94fbb47c7271fd644] Request finished "HTTP/1.1" "GET" "http"://"localhost:5062""""/_framework/aspnetcore-browser-refresh.js""" - 200 16547 "application/javascript; charset=utf-8" 2.2291ms
2026-03-23 17:56:06 [Information] [TraceId: e3c9a141ef545add6e0d1bd5ed853596] Request starting "HTTP/1.1" "GET" "http"://"localhost:5062""""/swagger/v1/swagger.json""" - null null
2026-03-23 17:56:06 [Information] [TraceId: e3c9a141ef545add6e0d1bd5ed853596] Request finished "HTTP/1.1" "GET" "http"://"localhost:5062""""/swagger/v1/swagger.json""" - 200 null "application/json;charset=utf-8" 32.7844ms
2026-03-23 18:00:06 [Information] [TraceId: ] Server laptop-2j11tsn1:86200:0f9e2956 caught stopping signal...
2026-03-23 18:00:06 [Information] [TraceId: ] Application is shutting down...
2026-03-23 18:00:07 [Information] [TraceId: ] Server laptop-2j11tsn1:86200:0f9e2956 caught stopped signal...
2026-03-23 18:00:07 [Information] [TraceId: ] Server laptop-2j11tsn1:86200:0f9e2956 All dispatchers stopped
2026-03-23 18:00:07 [Information] [TraceId: ] Server laptop-2j11tsn1:86200:0f9e2956 successfully reported itself as stopped in 31.016 ms
2026-03-23 18:00:07 [Information] [TraceId: ] Server laptop-2j11tsn1:86200:0f9e2956 has been stopped in total 884.1738 ms
2026-03-23 18:00:24 [Information] [TraceId: ] Start installing Hangfire SQL objects...
2026-03-23 18:00:26 [Information] [TraceId: ] Hangfire SQL objects installed.
2026-03-23 18:00:26 [Information] [TraceId: ] User profile is available. Using '"C:\Users\HP\AppData\Local\ASP.NET\DataProtection-Keys"' as key repository and Windows DPAPI to encrypt keys at rest.
2026-03-23 18:00:26 [Information] [TraceId: ] Now listening on: "http://localhost:5062"
2026-03-23 18:00:26 [Information] [TraceId: ] Starting Hangfire Server using job storage: 'SQL Server: LAPTOP-2J11TSN1@employeeDb'
2026-03-23 18:00:26 [Information] [TraceId: ] Using the following options for SQL Server job storage: Queue poll interval: 00:00:00.
2026-03-23 18:00:26 [Information] [TraceId: ] Using the following options for Hangfire Server:
    Worker count: 20
    Listening queues: 'default'
    Shutdown timeout: 00:00:15
    Schedule polling interval: 00:00:15
2026-03-23 18:00:26 [Information] [TraceId: ] Application started. Press Ctrl+C to shut down.
2026-03-23 18:00:26 [Information] [TraceId: ] Hosting environment: "Development"
2026-03-23 18:00:26 [Information] [TraceId: ] Content root path: "C:\Users\HP\Desktop\asp.net\MyApi"
2026-03-23 18:00:26 [Information] [TraceId: ] Server laptop-2j11tsn1:108104:d521bbf4 successfully announced in 87.7619 ms
2026-03-23 18:00:26 [Information] [TraceId: ] Server laptop-2j11tsn1:108104:d521bbf4 is starting the registered dispatchers: ServerWatchdog, ServerJobCancellationWatcher, SqlServerHeartbeatProcess, ExpirationManager, CountersAggregator, Worker, DelayedJobScheduler, RecurringJobScheduler...
2026-03-23 18:00:26 [Information] [TraceId: ] Server laptop-2j11tsn1:108104:d521bbf4 all the dispatchers started
2026-03-23 18:00:26 [Information] [TraceId: 7e0d1aa4643330e639f8b223e7d2bd8c] Request starting "HTTP/1.1" "GET" "http"://"localhost:5062""""/""" - null null
2026-03-23 18:00:26 [Warning] [TraceId: 7e0d1aa4643330e639f8b223e7d2bd8c] Failed to determine the https port for redirect.
2026-03-23 18:00:27 [Information] [TraceId: 7e0d1aa4643330e639f8b223e7d2bd8c] Request finished "HTTP/1.1" "GET" "http"://"localhost:5062""""/""" - 404 null null 173.145ms
2026-03-23 18:00:27 [Information] [TraceId: 7e0d1aa4643330e639f8b223e7d2bd8c] Request reached the end of the middleware pipeline without being handled by application code. Request path: "GET" "http"://"localhost:5062""""/", Response status code: 404
2026-03-23 18:00:40 [Information] [TraceId: 58bd713aa11fd3fb70238eef2758b894] Request starting "HTTP/1.1" "GET" "http"://"localhost:5062""""/swagger/index.html""" - null null
2026-03-23 18:00:41 [Information] [TraceId: 58bd713aa11fd3fb70238eef2758b894] Request finished "HTTP/1.1" "GET" "http"://"localhost:5062""""/swagger/index.html""" - 200 null "text/html;charset=utf-8" 251.8812ms
2026-03-23 18:00:41 [Information] [TraceId: 260dee27aa7f9caa2d446f5525cd6a11] Request starting "HTTP/1.1" "GET" "http"://"localhost:5062""""/_framework/aspnetcore-browser-refresh.js""" - null null
2026-03-23 18:00:41 [Information] [TraceId: 260dee27aa7f9caa2d446f5525cd6a11] Request finished "HTTP/1.1" "GET" "http"://"localhost:5062""""/_framework/aspnetcore-browser-refresh.js""" - 200 16547 "application/javascript; charset=utf-8" 3.0037ms
2026-03-23 18:00:41 [Information] [TraceId: e4922897fbf8954bc15f5fc43907f311] Request starting "HTTP/1.1" "GET" "http"://"localhost:5062""""/swagger/v1/swagger.json""" - null null
2026-03-23 18:00:41 [Information] [TraceId: e4922897fbf8954bc15f5fc43907f311] Request finished "HTTP/1.1" "GET" "http"://"localhost:5062""""/swagger/v1/swagger.json""" - 200 null "application/json;charset=utf-8" 205.005ms
2026-03-23 18:00:52 [Information] [TraceId: e9baa8262adfe5808f03517b9f30fb0d] Request starting "HTTP/1.1" "POST" "http"://"localhost:5062""""/api/Auth/login""" - "application/json" 57
2026-03-23 18:00:52 [Information] [TraceId: e9baa8262adfe5808f03517b9f30fb0d] Executing endpoint '"AuthController.Login (MyApi)"'
2026-03-23 18:00:53 [Information] [TraceId: e9baa8262adfe5808f03517b9f30fb0d] Route matched with "{action = \"Login\", controller = \"Auth\"}". Executing controller action with signature "System.Threading.Tasks.Task`1[Microsoft.AspNetCore.Mvc.IActionResult] Login(MyApi.DTO.Employee.Logindto)" on controller "AuthController" ("MyApi").
2026-03-23 18:00:53 [Information] [TraceId: e9baa8262adfe5808f03517b9f30fb0d] Login requested for email "user56@gmail.com".
2026-03-23 18:00:53 [Information] [TraceId: e9baa8262adfe5808f03517b9f30fb0d] Fetching employee by email from repository (email="user56@gmail.com").
2026-03-23 18:00:54 [Warning] [TraceId: e9baa8262adfe5808f03517b9f30fb0d] Sensitive data logging is enabled. Log entries and exception messages may include sensitive application data; this mode should only be enabled during development.
2026-03-23 18:00:55 [Information] [TraceId: e9baa8262adfe5808f03517b9f30fb0d] Executed DbCommand ("40"ms) [Parameters=["@__email_0='user56@gmail.com' (Size = 450)"], CommandType='Text', CommandTimeout='30']"
""SELECT TOP(1) [e].[Id], [e].[DepartmentId], [e].[Email], [e].[HmacSecret], [e].[ManagerId], [e].[Name], [e].[PasswordHash], [e].[Salary], [e].[role], [d].[Id], [d].[CompanyId], [d].[ManagerId], [d].[Name], [e0].[Id], [e0].[DepartmentId], [e0].[Email], [e0].[HmacSecret], [e0].[ManagerId], [e0].[Name], [e0].[PasswordHash], [e0].[Salary], [e0].[role]
FROM [Employees] AS [e]
INNER JOIN [Departments] AS [d] ON [e].[DepartmentId] = [d].[Id]
LEFT JOIN [Employees] AS [e0] ON [e].[ManagerId] = [e0].[Id]
WHERE [e].[Email] = @__email_0"
2026-03-23 18:00:56 [Information] [TraceId: e9baa8262adfe5808f03517b9f30fb0d] Creating access token for employee (id=1015, email="user56@gmail.com").
2026-03-23 18:00:56 [Information] [TraceId: e9baa8262adfe5808f03517b9f30fb0d] Generating refresh token.
2026-03-23 18:00:56 [Information] [TraceId: e9baa8262adfe5808f03517b9f30fb0d] Creating refresh token entity for employee (id=1015).
2026-03-23 18:00:56 [Information] [TraceId: e9baa8262adfe5808f03517b9f30fb0d] Hashing refresh token.
2026-03-23 18:00:56 [Information] [TraceId: e9baa8262adfe5808f03517b9f30fb0d] Persisting refresh token for employee (employeeId=1015, expires=03/30/2026 12:30:56).
2026-03-23 18:00:56 [Information] [TraceId: e9baa8262adfe5808f03517b9f30fb0d] Executed DbCommand ("12"ms) [Parameters=["@p0='1015', @p1='2026-03-30T12:30:56.4043702Z', @p2='False', @p3='hxNw9n6sm9D8VubOZXXmjbwg0Cdu0elLbPJKPf5ksAk=' (Nullable = false) (Size = 4000)"], CommandType='Text', CommandTimeout='30']"
""SET IMPLICIT_TRANSACTIONS OFF;
SET NOCOUNT ON;
INSERT INTO [RefreshTokens] ([EmployeeId], [Expires], [IsRevoked], [Token])
OUTPUT INSERTED.[Id]
VALUES (@p0, @p1, @p2, @p3);"
2026-03-23 18:00:56 [Information] [TraceId: e9baa8262adfe5808f03517b9f30fb0d] Login succeeded for employee (id=1015, email="user56@gmail.com").
2026-03-23 18:00:56 [Information] [TraceId: e9baa8262adfe5808f03517b9f30fb0d] Executing "OkObjectResult", writing value of type '"<>f__AnonymousType0`2[[System.String, System.Private.CoreLib, Version=8.0.0.0, Culture=neutral, PublicKeyToken=7cec85d7bea7798e],[System.String, System.Private.CoreLib, Version=8.0.0.0, Culture=neutral, PublicKeyToken=7cec85d7bea7798e]]"'.
2026-03-23 18:00:56 [Information] [TraceId: e9baa8262adfe5808f03517b9f30fb0d] Executed action "AuthController.Login (MyApi)" in 3848.106ms
2026-03-23 18:00:56 [Information] [TraceId: e9baa8262adfe5808f03517b9f30fb0d] Executed endpoint '"AuthController.Login (MyApi)"'
2026-03-23 18:00:56 [Information] [TraceId: e9baa8262adfe5808f03517b9f30fb0d] Request finished "HTTP/1.1" "POST" "http"://"localhost:5062""""/api/Auth/login""" - 200 null "application/json; charset=utf-8" 4063.6799ms
2026-03-23 18:01:30 [Information] [TraceId: 4802045005d2f7c0635385dea5c05dce] Request starting "HTTP/1.1" "POST" "http"://"localhost:5062""""/api/dapper-employees""" - "application/json" 155
2026-03-23 18:01:30 [Information] [TraceId: 4802045005d2f7c0635385dea5c05dce] Executing endpoint '"DapperEmployeesController.CreateEmployee (MyApi)"'
2026-03-23 18:01:30 [Information] [TraceId: 4802045005d2f7c0635385dea5c05dce] Route matched with "{action = \"CreateEmployee\", controller = \"DapperEmployees\"}". Executing controller action with signature "System.Threading.Tasks.Task`1[Microsoft.AspNetCore.Mvc.IActionResult] CreateEmployee(MyApi.DTO.Employee.Createemployeedto)" on controller "DapperEmployeesController" ("MyApi").
2026-03-23 18:01:30 [Information] [TraceId: 4802045005d2f7c0635385dea5c05dce] Dapper CreateEmployee called (email="user@example.com").
2026-03-23 18:01:30 [Information] [TraceId: 4802045005d2f7c0635385dea5c05dce] Creating employee through Dapper service (email="user@example.com", name="string123").
2026-03-23 18:01:31 [Information] [TraceId: 4802045005d2f7c0635385dea5c05dce] Creating employee using stored procedure (email="user@example.com", name="string123").
2026-03-23 18:01:31 [Information] [TraceId: 4802045005d2f7c0635385dea5c05dce] Fetching employee by id with Dapper (id=1019).
2026-03-23 18:01:31 [Information] [TraceId: 4802045005d2f7c0635385dea5c05dce] Executing "CreatedAtActionResult", writing value of type '"MyApi.DTO.Employee.Reademployeedto"'.
2026-03-23 18:01:31 [Information] [TraceId: 4802045005d2f7c0635385dea5c05dce] Executed action "DapperEmployeesController.CreateEmployee (MyApi)" in 717.9952ms
2026-03-23 18:01:31 [Information] [TraceId: 4802045005d2f7c0635385dea5c05dce] Executed endpoint '"DapperEmployeesController.CreateEmployee (MyApi)"'
2026-03-23 18:01:31 [Information] [TraceId: 4802045005d2f7c0635385dea5c05dce] Request finished "HTTP/1.1" "POST" "http"://"localhost:5062""""/api/dapper-employees""" - 201 null "application/json; charset=utf-8" 873.1449ms
2026-03-23 18:01:45 [Information] [TraceId: ebfe73b7c109e4f0d7ad1da2afadace3] Request starting "HTTP/1.1" "GET" "http"://"localhost:5062""""/api/dapper-employees/1019""" - null null
2026-03-23 18:01:45 [Information] [TraceId: ebfe73b7c109e4f0d7ad1da2afadace3] Executing endpoint '"DapperEmployeesController.GetEmployee (MyApi)"'
2026-03-23 18:01:45 [Information] [TraceId: ebfe73b7c109e4f0d7ad1da2afadace3] Route matched with "{action = \"GetEmployee\", controller = \"DapperEmployees\"}". Executing controller action with signature "System.Threading.Tasks.Task`1[Microsoft.AspNetCore.Mvc.IActionResult] GetEmployee(Int32)" on controller "DapperEmployeesController" ("MyApi").
2026-03-23 18:01:45 [Information] [TraceId: ebfe73b7c109e4f0d7ad1da2afadace3] Dapper GetEmployee called (id=1019).
2026-03-23 18:01:45 [Information] [TraceId: ebfe73b7c109e4f0d7ad1da2afadace3] Fetching employee by id through Dapper service (id=1019).
2026-03-23 18:01:45 [Information] [TraceId: ebfe73b7c109e4f0d7ad1da2afadace3] Fetching employee by id with Dapper (id=1019).
2026-03-23 18:01:45 [Information] [TraceId: ebfe73b7c109e4f0d7ad1da2afadace3] Executing "OkObjectResult", writing value of type '"MyApi.DTO.Employee.Reademployeedto"'.
2026-03-23 18:01:45 [Information] [TraceId: ebfe73b7c109e4f0d7ad1da2afadace3] Executed action "DapperEmployeesController.GetEmployee (MyApi)" in 14.2771ms
2026-03-23 18:01:45 [Information] [TraceId: ebfe73b7c109e4f0d7ad1da2afadace3] Executed endpoint '"DapperEmployeesController.GetEmployee (MyApi)"'
2026-03-23 18:01:45 [Information] [TraceId: ebfe73b7c109e4f0d7ad1da2afadace3] Request finished "HTTP/1.1" "GET" "http"://"localhost:5062""""/api/dapper-employees/1019""" - 200 null "application/json; charset=utf-8" 27.2982ms
2026-03-23 18:01:54 [Information] [TraceId: 17a44beb42cf449a29e9cffd75ef88ee] Request starting "HTTP/1.1" "GET" "http"://"localhost:5062""""/api/Employees/me""" - null null
2026-03-23 18:01:54 [Information] [TraceId: 17a44beb42cf449a29e9cffd75ef88ee] Executing endpoint '"EmployeesController.GetLoggedInUser (MyApi)"'
2026-03-23 18:01:54 [Information] [TraceId: 17a44beb42cf449a29e9cffd75ef88ee] Route matched with "{action = \"GetLoggedInUser\", controller = \"Employees\"}". Executing controller action with signature "Microsoft.AspNetCore.Mvc.IActionResult GetLoggedInUser()" on controller "EmployeesController" ("MyApi").
2026-03-23 18:01:54 [Information] [TraceId: 17a44beb42cf449a29e9cffd75ef88ee] GetLoggedInUser called (userId="1015", email="user56@gmail.com", role="Admin").
2026-03-23 18:01:54 [Information] [TraceId: 17a44beb42cf449a29e9cffd75ef88ee] Executing "OkObjectResult", writing value of type '"<>f__AnonymousType2`3[[System.String, System.Private.CoreLib, Version=8.0.0.0, Culture=neutral, PublicKeyToken=7cec85d7bea7798e],[System.String, System.Private.CoreLib, Version=8.0.0.0, Culture=neutral, PublicKeyToken=7cec85d7bea7798e],[System.String, System.Private.CoreLib, Version=8.0.0.0, Culture=neutral, PublicKeyToken=7cec85d7bea7798e]]"'.
2026-03-23 18:01:54 [Information] [TraceId: 17a44beb42cf449a29e9cffd75ef88ee] Executed action "EmployeesController.GetLoggedInUser (MyApi)" in 156.6964ms
2026-03-23 18:01:54 [Information] [TraceId: 17a44beb42cf449a29e9cffd75ef88ee] Executed endpoint '"EmployeesController.GetLoggedInUser (MyApi)"'
2026-03-23 18:01:54 [Information] [TraceId: 17a44beb42cf449a29e9cffd75ef88ee] Request finished "HTTP/1.1" "GET" "http"://"localhost:5062""""/api/Employees/me""" - 200 null "application/json; charset=utf-8" 168.7485ms
2026-03-23 18:03:42 [Information] [TraceId: d281ec5e5b47acb72a55d61335b1d23a] Request starting "HTTP/1.1" "POST" "http"://"localhost:5062""""/api/Auth/login""" - "application/json" 57
2026-03-23 18:03:42 [Information] [TraceId: d281ec5e5b47acb72a55d61335b1d23a] Executing endpoint '"AuthController.Login (MyApi)"'
2026-03-23 18:03:42 [Information] [TraceId: d281ec5e5b47acb72a55d61335b1d23a] Route matched with "{action = \"Login\", controller = \"Auth\"}". Executing controller action with signature "System.Threading.Tasks.Task`1[Microsoft.AspNetCore.Mvc.IActionResult] Login(MyApi.DTO.Employee.Logindto)" on controller "AuthController" ("MyApi").
2026-03-23 18:03:42 [Information] [TraceId: d281ec5e5b47acb72a55d61335b1d23a] Login requested for email "user56@gmail.com".
2026-03-23 18:03:42 [Information] [TraceId: d281ec5e5b47acb72a55d61335b1d23a] Fetching employee by email from repository (email="user56@gmail.com").
2026-03-23 18:03:42 [Information] [TraceId: d281ec5e5b47acb72a55d61335b1d23a] Executed DbCommand ("29"ms) [Parameters=["@__email_0='user56@gmail.com' (Size = 450)"], CommandType='Text', CommandTimeout='30']"
""SELECT TOP(1) [e].[Id], [e].[DepartmentId], [e].[Email], [e].[HmacSecret], [e].[ManagerId], [e].[Name], [e].[PasswordHash], [e].[Salary], [e].[role], [d].[Id], [d].[CompanyId], [d].[ManagerId], [d].[Name], [e0].[Id], [e0].[DepartmentId], [e0].[Email], [e0].[HmacSecret], [e0].[ManagerId], [e0].[Name], [e0].[PasswordHash], [e0].[Salary], [e0].[role]
FROM [Employees] AS [e]
INNER JOIN [Departments] AS [d] ON [e].[DepartmentId] = [d].[Id]
LEFT JOIN [Employees] AS [e0] ON [e].[ManagerId] = [e0].[Id]
WHERE [e].[Email] = @__email_0"
2026-03-23 18:03:43 [Information] [TraceId: d281ec5e5b47acb72a55d61335b1d23a] Creating access token for employee (id=1015, email="user56@gmail.com").
2026-03-23 18:03:43 [Information] [TraceId: d281ec5e5b47acb72a55d61335b1d23a] Generating refresh token.
2026-03-23 18:03:43 [Information] [TraceId: d281ec5e5b47acb72a55d61335b1d23a] Creating refresh token entity for employee (id=1015).
2026-03-23 18:03:43 [Information] [TraceId: d281ec5e5b47acb72a55d61335b1d23a] Hashing refresh token.
2026-03-23 18:03:43 [Information] [TraceId: d281ec5e5b47acb72a55d61335b1d23a] Persisting refresh token for employee (employeeId=1015, expires=03/30/2026 12:33:43).
2026-03-23 18:03:43 [Information] [TraceId: d281ec5e5b47acb72a55d61335b1d23a] Executed DbCommand ("9"ms) [Parameters=["@p0='1015', @p1='2026-03-30T12:33:43.1252766Z', @p2='False', @p3='YWCif8hz7DwqFg71WWSRsidJHlM8MtyzFylP+j0xlyg=' (Nullable = false) (Size = 4000)"], CommandType='Text', CommandTimeout='30']"
""SET IMPLICIT_TRANSACTIONS OFF;
SET NOCOUNT ON;
INSERT INTO [RefreshTokens] ([EmployeeId], [Expires], [IsRevoked], [Token])
OUTPUT INSERTED.[Id]
VALUES (@p0, @p1, @p2, @p3);"
2026-03-23 18:03:43 [Information] [TraceId: d281ec5e5b47acb72a55d61335b1d23a] Login succeeded for employee (id=1015, email="user56@gmail.com").
2026-03-23 18:03:43 [Information] [TraceId: d281ec5e5b47acb72a55d61335b1d23a] Executing "OkObjectResult", writing value of type '"<>f__AnonymousType0`2[[System.String, System.Private.CoreLib, Version=8.0.0.0, Culture=neutral, PublicKeyToken=7cec85d7bea7798e],[System.String, System.Private.CoreLib, Version=8.0.0.0, Culture=neutral, PublicKeyToken=7cec85d7bea7798e]]"'.
2026-03-23 18:03:43 [Information] [TraceId: d281ec5e5b47acb72a55d61335b1d23a] Executed action "AuthController.Login (MyApi)" in 337.7332ms
2026-03-23 18:03:43 [Information] [TraceId: d281ec5e5b47acb72a55d61335b1d23a] Executed endpoint '"AuthController.Login (MyApi)"'
2026-03-23 18:03:43 [Information] [TraceId: d281ec5e5b47acb72a55d61335b1d23a] Request finished "HTTP/1.1" "POST" "http"://"localhost:5062""""/api/Auth/login""" - 200 null "application/json; charset=utf-8" 347.871ms
2026-03-23 18:03:44 [Information] [TraceId: ae0abd58a044744895723116f5ed6f48] Request starting "HTTP/1.1" "POST" "http"://"localhost:5062""""/api/Auth/login""" - "application/json" 57
2026-03-23 18:03:44 [Information] [TraceId: ae0abd58a044744895723116f5ed6f48] Executing endpoint '"AuthController.Login (MyApi)"'
2026-03-23 18:03:44 [Information] [TraceId: ae0abd58a044744895723116f5ed6f48] Route matched with "{action = \"Login\", controller = \"Auth\"}". Executing controller action with signature "System.Threading.Tasks.Task`1[Microsoft.AspNetCore.Mvc.IActionResult] Login(MyApi.DTO.Employee.Logindto)" on controller "AuthController" ("MyApi").
2026-03-23 18:03:44 [Information] [TraceId: ae0abd58a044744895723116f5ed6f48] Login requested for email "user56@gmail.com".
2026-03-23 18:03:44 [Information] [TraceId: ae0abd58a044744895723116f5ed6f48] Fetching employee by email from repository (email="user56@gmail.com").
2026-03-23 18:03:44 [Information] [TraceId: ae0abd58a044744895723116f5ed6f48] Executed DbCommand ("11"ms) [Parameters=["@__email_0='user56@gmail.com' (Size = 450)"], CommandType='Text', CommandTimeout='30']"
""SELECT TOP(1) [e].[Id], [e].[DepartmentId], [e].[Email], [e].[HmacSecret], [e].[ManagerId], [e].[Name], [e].[PasswordHash], [e].[Salary], [e].[role], [d].[Id], [d].[CompanyId], [d].[ManagerId], [d].[Name], [e0].[Id], [e0].[DepartmentId], [e0].[Email], [e0].[HmacSecret], [e0].[ManagerId], [e0].[Name], [e0].[PasswordHash], [e0].[Salary], [e0].[role]
FROM [Employees] AS [e]
INNER JOIN [Departments] AS [d] ON [e].[DepartmentId] = [d].[Id]
LEFT JOIN [Employees] AS [e0] ON [e].[ManagerId] = [e0].[Id]
WHERE [e].[Email] = @__email_0"
2026-03-23 18:03:44 [Information] [TraceId: ae0abd58a044744895723116f5ed6f48] Creating access token for employee (id=1015, email="user56@gmail.com").
2026-03-23 18:03:44 [Information] [TraceId: ae0abd58a044744895723116f5ed6f48] Generating refresh token.
2026-03-23 18:03:44 [Information] [TraceId: ae0abd58a044744895723116f5ed6f48] Creating refresh token entity for employee (id=1015).
2026-03-23 18:03:44 [Information] [TraceId: ae0abd58a044744895723116f5ed6f48] Hashing refresh token.
2026-03-23 18:03:44 [Information] [TraceId: ae0abd58a044744895723116f5ed6f48] Persisting refresh token for employee (employeeId=1015, expires=03/30/2026 12:33:44).
2026-03-23 18:03:44 [Information] [TraceId: ae0abd58a044744895723116f5ed6f48] Executed DbCommand ("7"ms) [Parameters=["@p0='1015', @p1='2026-03-30T12:33:44.6801916Z', @p2='False', @p3='EyP5dgOWIlN/QNBhXMXHj4nAN7g/MalAInJT1QLGrzM=' (Nullable = false) (Size = 4000)"], CommandType='Text', CommandTimeout='30']"
""SET IMPLICIT_TRANSACTIONS OFF;
SET NOCOUNT ON;
INSERT INTO [RefreshTokens] ([EmployeeId], [Expires], [IsRevoked], [Token])
OUTPUT INSERTED.[Id]
VALUES (@p0, @p1, @p2, @p3);"
2026-03-23 18:03:44 [Information] [TraceId: ae0abd58a044744895723116f5ed6f48] Login succeeded for employee (id=1015, email="user56@gmail.com").
2026-03-23 18:03:44 [Information] [TraceId: ae0abd58a044744895723116f5ed6f48] Executing "OkObjectResult", writing value of type '"<>f__AnonymousType0`2[[System.String, System.Private.CoreLib, Version=8.0.0.0, Culture=neutral, PublicKeyToken=7cec85d7bea7798e],[System.String, System.Private.CoreLib, Version=8.0.0.0, Culture=neutral, PublicKeyToken=7cec85d7bea7798e]]"'.
2026-03-23 18:03:44 [Information] [TraceId: ae0abd58a044744895723116f5ed6f48] Executed action "AuthController.Login (MyApi)" in 436.4981ms
2026-03-23 18:03:44 [Information] [TraceId: ae0abd58a044744895723116f5ed6f48] Executed endpoint '"AuthController.Login (MyApi)"'
2026-03-23 18:03:44 [Information] [TraceId: ae0abd58a044744895723116f5ed6f48] Request finished "HTTP/1.1" "POST" "http"://"localhost:5062""""/api/Auth/login""" - 200 null "application/json; charset=utf-8" 440.6423ms
2026-03-23 18:03:45 [Information] [TraceId: a330efd5e328644170e3696ba9d3722e] Request starting "HTTP/1.1" "POST" "http"://"localhost:5062""""/api/Auth/login""" - "application/json" 57
2026-03-23 18:03:45 [Information] [TraceId: a330efd5e328644170e3696ba9d3722e] Executing endpoint '"AuthController.Login (MyApi)"'
2026-03-23 18:03:45 [Information] [TraceId: a330efd5e328644170e3696ba9d3722e] Route matched with "{action = \"Login\", controller = \"Auth\"}". Executing controller action with signature "System.Threading.Tasks.Task`1[Microsoft.AspNetCore.Mvc.IActionResult] Login(MyApi.DTO.Employee.Logindto)" on controller "AuthController" ("MyApi").
2026-03-23 18:03:45 [Information] [TraceId: a330efd5e328644170e3696ba9d3722e] Login requested for email "user56@gmail.com".
2026-03-23 18:03:45 [Information] [TraceId: a330efd5e328644170e3696ba9d3722e] Fetching employee by email from repository (email="user56@gmail.com").
2026-03-23 18:03:45 [Information] [TraceId: a330efd5e328644170e3696ba9d3722e] Executed DbCommand ("48"ms) [Parameters=["@__email_0='user56@gmail.com' (Size = 450)"], CommandType='Text', CommandTimeout='30']"
""SELECT TOP(1) [e].[Id], [e].[DepartmentId], [e].[Email], [e].[HmacSecret], [e].[ManagerId], [e].[Name], [e].[PasswordHash], [e].[Salary], [e].[role], [d].[Id], [d].[CompanyId], [d].[ManagerId], [d].[Name], [e0].[Id], [e0].[DepartmentId], [e0].[Email], [e0].[HmacSecret], [e0].[ManagerId], [e0].[Name], [e0].[PasswordHash], [e0].[Salary], [e0].[role]
FROM [Employees] AS [e]
INNER JOIN [Departments] AS [d] ON [e].[DepartmentId] = [d].[Id]
LEFT JOIN [Employees] AS [e0] ON [e].[ManagerId] = [e0].[Id]
WHERE [e].[Email] = @__email_0"
2026-03-23 18:03:45 [Information] [TraceId: a330efd5e328644170e3696ba9d3722e] Creating access token for employee (id=1015, email="user56@gmail.com").
2026-03-23 18:03:45 [Information] [TraceId: a330efd5e328644170e3696ba9d3722e] Generating refresh token.
2026-03-23 18:03:45 [Information] [TraceId: a330efd5e328644170e3696ba9d3722e] Creating refresh token entity for employee (id=1015).
2026-03-23 18:03:45 [Information] [TraceId: a330efd5e328644170e3696ba9d3722e] Hashing refresh token.
2026-03-23 18:03:45 [Information] [TraceId: a330efd5e328644170e3696ba9d3722e] Persisting refresh token for employee (employeeId=1015, expires=03/30/2026 12:33:45).
2026-03-23 18:03:45 [Information] [TraceId: a330efd5e328644170e3696ba9d3722e] Executed DbCommand ("27"ms) [Parameters=["@p0='1015', @p1='2026-03-30T12:33:45.4312635Z', @p2='False', @p3='7mP9prhU7q5JXRrJAc/QURihe9hV+KOqPRg8gv9WdD8=' (Nullable = false) (Size = 4000)"], CommandType='Text', CommandTimeout='30']"
""SET IMPLICIT_TRANSACTIONS OFF;
SET NOCOUNT ON;
INSERT INTO [RefreshTokens] ([EmployeeId], [Expires], [IsRevoked], [Token])
OUTPUT INSERTED.[Id]
VALUES (@p0, @p1, @p2, @p3);"
2026-03-23 18:03:45 [Information] [TraceId: a330efd5e328644170e3696ba9d3722e] Login succeeded for employee (id=1015, email="user56@gmail.com").
2026-03-23 18:03:45 [Information] [TraceId: a330efd5e328644170e3696ba9d3722e] Executing "OkObjectResult", writing value of type '"<>f__AnonymousType0`2[[System.String, System.Private.CoreLib, Version=8.0.0.0, Culture=neutral, PublicKeyToken=7cec85d7bea7798e],[System.String, System.Private.CoreLib, Version=8.0.0.0, Culture=neutral, PublicKeyToken=7cec85d7bea7798e]]"'.
2026-03-23 18:03:45 [Information] [TraceId: a330efd5e328644170e3696ba9d3722e] Executed action "AuthController.Login (MyApi)" in 368.4406ms
2026-03-23 18:03:45 [Information] [TraceId: a330efd5e328644170e3696ba9d3722e] Executed endpoint '"AuthController.Login (MyApi)"'
2026-03-23 18:03:45 [Information] [TraceId: a330efd5e328644170e3696ba9d3722e] Request finished "HTTP/1.1" "POST" "http"://"localhost:5062""""/api/Auth/login""" - 200 null "application/json; charset=utf-8" 371.5612ms
2026-03-23 18:03:45 [Information] [TraceId: 185a02b1a3a6d3addbe1e380d2e568c1] Request starting "HTTP/1.1" "POST" "http"://"localhost:5062""""/api/Auth/login""" - "application/json" 57
2026-03-23 18:03:45 [Information] [TraceId: 185a02b1a3a6d3addbe1e380d2e568c1] Executing endpoint '"AuthController.Login (MyApi)"'
2026-03-23 18:03:45 [Information] [TraceId: 185a02b1a3a6d3addbe1e380d2e568c1] Route matched with "{action = \"Login\", controller = \"Auth\"}". Executing controller action with signature "System.Threading.Tasks.Task`1[Microsoft.AspNetCore.Mvc.IActionResult] Login(MyApi.DTO.Employee.Logindto)" on controller "AuthController" ("MyApi").
2026-03-23 18:03:45 [Information] [TraceId: 185a02b1a3a6d3addbe1e380d2e568c1] Login requested for email "user56@gmail.com".
2026-03-23 18:03:45 [Information] [TraceId: 185a02b1a3a6d3addbe1e380d2e568c1] Fetching employee by email from repository (email="user56@gmail.com").
2026-03-23 18:03:45 [Information] [TraceId: 185a02b1a3a6d3addbe1e380d2e568c1] Executed DbCommand ("24"ms) [Parameters=["@__email_0='user56@gmail.com' (Size = 450)"], CommandType='Text', CommandTimeout='30']"
""SELECT TOP(1) [e].[Id], [e].[DepartmentId], [e].[Email], [e].[HmacSecret], [e].[ManagerId], [e].[Name], [e].[PasswordHash], [e].[Salary], [e].[role], [d].[Id], [d].[CompanyId], [d].[ManagerId], [d].[Name], [e0].[Id], [e0].[DepartmentId], [e0].[Email], [e0].[HmacSecret], [e0].[ManagerId], [e0].[Name], [e0].[PasswordHash], [e0].[Salary], [e0].[role]
FROM [Employees] AS [e]
INNER JOIN [Departments] AS [d] ON [e].[DepartmentId] = [d].[Id]
LEFT JOIN [Employees] AS [e0] ON [e].[ManagerId] = [e0].[Id]
WHERE [e].[Email] = @__email_0"
2026-03-23 18:03:46 [Information] [TraceId: 185a02b1a3a6d3addbe1e380d2e568c1] Creating access token for employee (id=1015, email="user56@gmail.com").
2026-03-23 18:03:46 [Information] [TraceId: 185a02b1a3a6d3addbe1e380d2e568c1] Generating refresh token.
2026-03-23 18:03:46 [Information] [TraceId: 185a02b1a3a6d3addbe1e380d2e568c1] Creating refresh token entity for employee (id=1015).
2026-03-23 18:03:46 [Information] [TraceId: 185a02b1a3a6d3addbe1e380d2e568c1] Hashing refresh token.
2026-03-23 18:03:46 [Information] [TraceId: 185a02b1a3a6d3addbe1e380d2e568c1] Persisting refresh token for employee (employeeId=1015, expires=03/30/2026 12:33:46).
2026-03-23 18:03:46 [Information] [TraceId: 185a02b1a3a6d3addbe1e380d2e568c1] Executed DbCommand ("35"ms) [Parameters=["@p0='1015', @p1='2026-03-30T12:33:46.0965341Z', @p2='False', @p3='lnc/Gh3bObSFGZI/NG7KyPyDJrn3kf4R/kt3yuyYl2k=' (Nullable = false) (Size = 4000)"], CommandType='Text', CommandTimeout='30']"
""SET IMPLICIT_TRANSACTIONS OFF;
SET NOCOUNT ON;
INSERT INTO [RefreshTokens] ([EmployeeId], [Expires], [IsRevoked], [Token])
OUTPUT INSERTED.[Id]
VALUES (@p0, @p1, @p2, @p3);"
2026-03-23 18:03:46 [Information] [TraceId: 185a02b1a3a6d3addbe1e380d2e568c1] Login succeeded for employee (id=1015, email="user56@gmail.com").
2026-03-23 18:03:46 [Information] [TraceId: 185a02b1a3a6d3addbe1e380d2e568c1] Executing "OkObjectResult", writing value of type '"<>f__AnonymousType0`2[[System.String, System.Private.CoreLib, Version=8.0.0.0, Culture=neutral, PublicKeyToken=7cec85d7bea7798e],[System.String, System.Private.CoreLib, Version=8.0.0.0, Culture=neutral, PublicKeyToken=7cec85d7bea7798e]]"'.
2026-03-23 18:03:46 [Information] [TraceId: 185a02b1a3a6d3addbe1e380d2e568c1] Executed action "AuthController.Login (MyApi)" in 305.5434ms
2026-03-23 18:03:46 [Information] [TraceId: 185a02b1a3a6d3addbe1e380d2e568c1] Executed endpoint '"AuthController.Login (MyApi)"'
2026-03-23 18:03:46 [Information] [TraceId: 185a02b1a3a6d3addbe1e380d2e568c1] Request finished "HTTP/1.1" "POST" "http"://"localhost:5062""""/api/Auth/login""" - 200 null "application/json; charset=utf-8" 309.0224ms
2026-03-23 18:03:46 [Information] [TraceId: 02b774642b26d671c3b78bbf17d69447] Request starting "HTTP/1.1" "POST" "http"://"localhost:5062""""/api/Auth/login""" - "application/json" 57
2026-03-23 18:03:46 [Information] [TraceId: 02b774642b26d671c3b78bbf17d69447] Executing endpoint '"AuthController.Login (MyApi)"'
2026-03-23 18:03:46 [Information] [TraceId: 02b774642b26d671c3b78bbf17d69447] Route matched with "{action = \"Login\", controller = \"Auth\"}". Executing controller action with signature "System.Threading.Tasks.Task`1[Microsoft.AspNetCore.Mvc.IActionResult] Login(MyApi.DTO.Employee.Logindto)" on controller "AuthController" ("MyApi").
2026-03-23 18:03:46 [Information] [TraceId: 02b774642b26d671c3b78bbf17d69447] Login requested for email "user56@gmail.com".
2026-03-23 18:03:46 [Information] [TraceId: 02b774642b26d671c3b78bbf17d69447] Fetching employee by email from repository (email="user56@gmail.com").
2026-03-23 18:03:46 [Information] [TraceId: 02b774642b26d671c3b78bbf17d69447] Executed DbCommand ("37"ms) [Parameters=["@__email_0='user56@gmail.com' (Size = 450)"], CommandType='Text', CommandTimeout='30']"
""SELECT TOP(1) [e].[Id], [e].[DepartmentId], [e].[Email], [e].[HmacSecret], [e].[ManagerId], [e].[Name], [e].[PasswordHash], [e].[Salary], [e].[role], [d].[Id], [d].[CompanyId], [d].[ManagerId], [d].[Name], [e0].[Id], [e0].[DepartmentId], [e0].[Email], [e0].[HmacSecret], [e0].[ManagerId], [e0].[Name], [e0].[PasswordHash], [e0].[Salary], [e0].[role]
FROM [Employees] AS [e]
INNER JOIN [Departments] AS [d] ON [e].[DepartmentId] = [d].[Id]
LEFT JOIN [Employees] AS [e0] ON [e].[ManagerId] = [e0].[Id]
WHERE [e].[Email] = @__email_0"
2026-03-23 18:03:46 [Information] [TraceId: 02b774642b26d671c3b78bbf17d69447] Creating access token for employee (id=1015, email="user56@gmail.com").
2026-03-23 18:03:46 [Information] [TraceId: 02b774642b26d671c3b78bbf17d69447] Generating refresh token.
2026-03-23 18:03:46 [Information] [TraceId: 02b774642b26d671c3b78bbf17d69447] Creating refresh token entity for employee (id=1015).
2026-03-23 18:03:46 [Information] [TraceId: 02b774642b26d671c3b78bbf17d69447] Hashing refresh token.
2026-03-23 18:03:46 [Information] [TraceId: 02b774642b26d671c3b78bbf17d69447] Persisting refresh token for employee (employeeId=1015, expires=03/30/2026 12:33:46).
2026-03-23 18:03:46 [Information] [TraceId: 02b774642b26d671c3b78bbf17d69447] Executed DbCommand ("25"ms) [Parameters=["@p0='1015', @p1='2026-03-30T12:33:46.7163592Z', @p2='False', @p3='ynCOn8rFAarIExAY1s5XZC4GTXOfBEA629ksM44QDVg=' (Nullable = false) (Size = 4000)"], CommandType='Text', CommandTimeout='30']"
""SET IMPLICIT_TRANSACTIONS OFF;
SET NOCOUNT ON;
INSERT INTO [RefreshTokens] ([EmployeeId], [Expires], [IsRevoked], [Token])
OUTPUT INSERTED.[Id]
VALUES (@p0, @p1, @p2, @p3);"
2026-03-23 18:03:46 [Information] [TraceId: 02b774642b26d671c3b78bbf17d69447] Login succeeded for employee (id=1015, email="user56@gmail.com").
2026-03-23 18:03:46 [Information] [TraceId: 02b774642b26d671c3b78bbf17d69447] Executing "OkObjectResult", writing value of type '"<>f__AnonymousType0`2[[System.String, System.Private.CoreLib, Version=8.0.0.0, Culture=neutral, PublicKeyToken=7cec85d7bea7798e],[System.String, System.Private.CoreLib, Version=8.0.0.0, Culture=neutral, PublicKeyToken=7cec85d7bea7798e]]"'.
2026-03-23 18:03:46 [Information] [TraceId: 02b774642b26d671c3b78bbf17d69447] Executed action "AuthController.Login (MyApi)" in 325.2271ms
2026-03-23 18:03:46 [Information] [TraceId: 02b774642b26d671c3b78bbf17d69447] Executed endpoint '"AuthController.Login (MyApi)"'
2026-03-23 18:03:46 [Information] [TraceId: 02b774642b26d671c3b78bbf17d69447] Request finished "HTTP/1.1" "POST" "http"://"localhost:5062""""/api/Auth/login""" - 200 null "application/json; charset=utf-8" 328.0673ms
2026-03-23 18:03:46 [Information] [TraceId: 1d1b8346fcaaa89caf86f8bc35ee8f82] Request starting "HTTP/1.1" "POST" "http"://"localhost:5062""""/api/Auth/login""" - "application/json" 57
2026-03-23 18:03:46 [Information] [TraceId: 1d1b8346fcaaa89caf86f8bc35ee8f82] Request finished "HTTP/1.1" "POST" "http"://"localhost:5062""""/api/Auth/login""" - 503 0 null 3.567ms
2026-03-23 18:03:52 [Information] [TraceId: ] Server laptop-2j11tsn1:108104:d521bbf4 caught stopping signal...
2026-03-23 18:03:52 [Information] [TraceId: ] Application is shutting down...
2026-03-23 18:03:53 [Information] [TraceId: ] Server laptop-2j11tsn1:108104:d521bbf4 caught stopped signal...
2026-03-23 18:03:53 [Information] [TraceId: ] Server laptop-2j11tsn1:108104:d521bbf4 All dispatchers stopped
2026-03-23 18:03:53 [Information] [TraceId: ] Server laptop-2j11tsn1:108104:d521bbf4 successfully reported itself as stopped in 29.0617 ms
2026-03-23 18:03:53 [Information] [TraceId: ] Server laptop-2j11tsn1:108104:d521bbf4 has been stopped in total 1024.8988 ms
2026-03-24 22:46:56 [Information] [TraceId: ] Start installing Hangfire SQL objects...
2026-03-24 22:47:03 [Information] [TraceId: ] Hangfire SQL objects installed.
2026-03-24 22:47:05 [Information] [TraceId: ] User profile is available. Using '"C:\Users\HP\AppData\Local\ASP.NET\DataProtection-Keys"' as key repository and Windows DPAPI to encrypt keys at rest.
2026-03-24 22:47:06 [Information] [TraceId: ] Now listening on: "http://localhost:5062"
2026-03-24 22:47:06 [Information] [TraceId: ] Starting Hangfire Server using job storage: 'SQL Server: LAPTOP-2J11TSN1@employeeDb'
2026-03-24 22:47:06 [Information] [TraceId: ] Using the following options for SQL Server job storage: Queue poll interval: 00:00:00.
2026-03-24 22:47:06 [Information] [TraceId: ] Using the following options for Hangfire Server:
    Worker count: 20
    Listening queues: 'default'
    Shutdown timeout: 00:00:15
    Schedule polling interval: 00:00:15
2026-03-24 22:47:06 [Information] [TraceId: ] Application started. Press Ctrl+C to shut down.
2026-03-24 22:47:06 [Information] [TraceId: ] Hosting environment: "Development"
2026-03-24 22:47:06 [Information] [TraceId: ] Content root path: "C:\Users\HP\Desktop\asp.net\MyApi"
2026-03-24 22:47:07 [Information] [TraceId: ] Server laptop-2j11tsn1:130140:7133c2bc successfully announced in 441.0545 ms
2026-03-24 22:47:07 [Information] [TraceId: ] Server laptop-2j11tsn1:130140:7133c2bc is starting the registered dispatchers: ServerWatchdog, ServerJobCancellationWatcher, SqlServerHeartbeatProcess, ExpirationManager, CountersAggregator, Worker, DelayedJobScheduler, RecurringJobScheduler...
2026-03-24 22:47:07 [Information] [TraceId: ] Server laptop-2j11tsn1:130140:7133c2bc all the dispatchers started
2026-03-24 22:47:26 [Information] [TraceId: dd55304922f928abecad821a39ff363e] Request starting "HTTP/1.1" "GET" "http"://"localhost:5062""""/""" - null null
2026-03-24 22:47:27 [Warning] [TraceId: dd55304922f928abecad821a39ff363e] Failed to determine the https port for redirect.
2026-03-24 22:47:28 [Information] [TraceId: dd55304922f928abecad821a39ff363e] Request finished "HTTP/1.1" "GET" "http"://"localhost:5062""""/""" - 404 0 null 1946.4149ms
2026-03-24 22:47:28 [Information] [TraceId: dd55304922f928abecad821a39ff363e] Request reached the end of the middleware pipeline without being handled by application code. Request path: "GET" "http"://"localhost:5062""""/", Response status code: 404
2026-03-24 22:47:31 [Information] [TraceId: 76c29efafb4e9b94329a36161f0b792f] Request starting "HTTP/1.1" "GET" "http"://"localhost:5062""""/swagger/index.html""" - null null
2026-03-24 22:47:32 [Information] [TraceId: 76c29efafb4e9b94329a36161f0b792f] Request finished "HTTP/1.1" "GET" "http"://"localhost:5062""""/swagger/index.html""" - 200 null "text/html;charset=utf-8" 504.7147ms
2026-03-24 22:47:32 [Information] [TraceId: 251e2acf1c75d2a2c64d6d4d3c8db5cf] Request starting "HTTP/1.1" "GET" "http"://"localhost:5062""""/swagger/v1/swagger.json""" - null null
2026-03-24 22:47:33 [Information] [TraceId: 251e2acf1c75d2a2c64d6d4d3c8db5cf] Request finished "HTTP/1.1" "GET" "http"://"localhost:5062""""/swagger/v1/swagger.json""" - 200 null "application/json;charset=utf-8" 763.3677ms
2026-03-24 22:47:49 [Information] [TraceId: 72142a8285cd78bd96bfb964f80bbcf0] Request starting "HTTP/1.1" "POST" "http"://"localhost:5062""""/api/Auth/login""" - "application/json" 57
2026-03-24 22:47:49 [Information] [TraceId: 72142a8285cd78bd96bfb964f80bbcf0] Executing endpoint '"AuthController.Login (MyApi)"'
2026-03-24 22:47:49 [Information] [TraceId: 72142a8285cd78bd96bfb964f80bbcf0] Route matched with "{action = \"Login\", controller = \"Auth\"}". Executing controller action with signature "System.Threading.Tasks.Task`1[Microsoft.AspNetCore.Mvc.IActionResult] Login(MyApi.DTO.Employee.Logindto)" on controller "AuthController" ("MyApi").
2026-03-24 22:47:49 [Information] [TraceId: 72142a8285cd78bd96bfb964f80bbcf0] Login requested for email "user56@gmail.com".
2026-03-24 22:47:49 [Information] [TraceId: 72142a8285cd78bd96bfb964f80bbcf0] Fetching employee by email from repository (email="user56@gmail.com").
2026-03-24 22:47:50 [Warning] [TraceId: 72142a8285cd78bd96bfb964f80bbcf0] Sensitive data logging is enabled. Log entries and exception messages may include sensitive application data; this mode should only be enabled during development.
2026-03-24 22:47:52 [Information] [TraceId: 72142a8285cd78bd96bfb964f80bbcf0] Executed DbCommand ("50"ms) [Parameters=["@__email_0='user56@gmail.com' (Size = 450)"], CommandType='Text', CommandTimeout='30']"
""SELECT TOP(1) [e].[Id], [e].[DepartmentId], [e].[Email], [e].[HmacSecret], [e].[ManagerId], [e].[Name], [e].[PasswordHash], [e].[Salary], [e].[role], [d].[Id], [d].[CompanyId], [d].[ManagerId], [d].[Name], [e0].[Id], [e0].[DepartmentId], [e0].[Email], [e0].[HmacSecret], [e0].[ManagerId], [e0].[Name], [e0].[PasswordHash], [e0].[Salary], [e0].[role]
FROM [Employees] AS [e]
INNER JOIN [Departments] AS [d] ON [e].[DepartmentId] = [d].[Id]
LEFT JOIN [Employees] AS [e0] ON [e].[ManagerId] = [e0].[Id]
WHERE [e].[Email] = @__email_0"
2026-03-24 22:47:53 [Information] [TraceId: 72142a8285cd78bd96bfb964f80bbcf0] Creating access token for employee (id=1015, email="user56@gmail.com").
2026-03-24 22:47:53 [Information] [TraceId: 72142a8285cd78bd96bfb964f80bbcf0] Generating refresh token.
2026-03-24 22:47:53 [Information] [TraceId: 72142a8285cd78bd96bfb964f80bbcf0] Creating refresh token entity for employee (id=1015).
2026-03-24 22:47:53 [Information] [TraceId: 72142a8285cd78bd96bfb964f80bbcf0] Hashing refresh token.
2026-03-24 22:47:53 [Information] [TraceId: 72142a8285cd78bd96bfb964f80bbcf0] Persisting refresh token for employee (employeeId=1015, expires=03/31/2026 17:17:53).
2026-03-24 22:47:54 [Information] [TraceId: 72142a8285cd78bd96bfb964f80bbcf0] Executed DbCommand ("30"ms) [Parameters=["@p0='1015', @p1='2026-03-31T17:17:53.7840166Z', @p2='False', @p3='tsroP6CXZ2Av7vC8fQPR/yCpa9jNGFgXHLI9O/HcEFg=' (Nullable = false) (Size = 4000)"], CommandType='Text', CommandTimeout='30']"
""SET IMPLICIT_TRANSACTIONS OFF;
SET NOCOUNT ON;
INSERT INTO [RefreshTokens] ([EmployeeId], [Expires], [IsRevoked], [Token])
OUTPUT INSERTED.[Id]
VALUES (@p0, @p1, @p2, @p3);"
2026-03-24 22:47:54 [Information] [TraceId: 72142a8285cd78bd96bfb964f80bbcf0] Login succeeded for employee (id=1015, email="user56@gmail.com").
2026-03-24 22:47:54 [Information] [TraceId: 72142a8285cd78bd96bfb964f80bbcf0] Executing "OkObjectResult", writing value of type '"<>f__AnonymousType0`2[[System.String, System.Private.CoreLib, Version=8.0.0.0, Culture=neutral, PublicKeyToken=7cec85d7bea7798e],[System.String, System.Private.CoreLib, Version=8.0.0.0, Culture=neutral, PublicKeyToken=7cec85d7bea7798e]]"'.
2026-03-24 22:47:54 [Information] [TraceId: 72142a8285cd78bd96bfb964f80bbcf0] Executed action "AuthController.Login (MyApi)" in 4826.8521ms
2026-03-24 22:47:54 [Information] [TraceId: 72142a8285cd78bd96bfb964f80bbcf0] Executed endpoint '"AuthController.Login (MyApi)"'
2026-03-24 22:47:54 [Information] [TraceId: 72142a8285cd78bd96bfb964f80bbcf0] Request finished "HTTP/1.1" "POST" "http"://"localhost:5062""""/api/Auth/login""" - 200 null "application/json; charset=utf-8" 5042.4641ms
2026-03-24 22:48:08 [Information] [TraceId: 83ca86ce0921ecb59dd4b6cc9005ef9c] Request starting "HTTP/1.1" "GET" "http"://"localhost:5062""""/api/dapper-employees/all""" - null null
2026-03-24 22:48:08 [Information] [TraceId: 83ca86ce0921ecb59dd4b6cc9005ef9c] Executing endpoint '"DapperEmployeesController.GetAllEmployees (MyApi)"'
2026-03-24 22:48:08 [Information] [TraceId: 83ca86ce0921ecb59dd4b6cc9005ef9c] Route matched with "{action = \"GetAllEmployees\", controller = \"DapperEmployees\"}". Executing controller action with signature "System.Threading.Tasks.Task`1[Microsoft.AspNetCore.Mvc.IActionResult] GetAllEmployees()" on controller "DapperEmployeesController" ("MyApi").
2026-03-24 22:48:08 [Information] [TraceId: 83ca86ce0921ecb59dd4b6cc9005ef9c] Dapper GetAllEmployees called.
2026-03-24 22:48:08 [Information] [TraceId: 83ca86ce0921ecb59dd4b6cc9005ef9c] Fetching all employees through Dapper service.
2026-03-24 22:48:08 [Information] [TraceId: 83ca86ce0921ecb59dd4b6cc9005ef9c] Fetching all employees with Dapper.
2026-03-24 22:48:08 [Information] [TraceId: 83ca86ce0921ecb59dd4b6cc9005ef9c] Executing "OkObjectResult", writing value of type '"System.Collections.Generic.List`1[[MyApi.DTO.Employee.Reademployeedto, MyApi, Version=1.0.0.0, Culture=neutral, PublicKeyToken=null]]"'.
2026-03-24 22:48:08 [Information] [TraceId: 83ca86ce0921ecb59dd4b6cc9005ef9c] Executed action "DapperEmployeesController.GetAllEmployees (MyApi)" in 134.1238ms
2026-03-24 22:48:08 [Information] [TraceId: 83ca86ce0921ecb59dd4b6cc9005ef9c] Executed endpoint '"DapperEmployeesController.GetAllEmployees (MyApi)"'
2026-03-24 22:48:08 [Information] [TraceId: 83ca86ce0921ecb59dd4b6cc9005ef9c] Request finished "HTTP/1.1" "GET" "http"://"localhost:5062""""/api/dapper-employees/all""" - 200 null "application/json; charset=utf-8" 294.2869ms
2026-03-24 23:38:08 [Information] [TraceId: ] Server laptop-2j11tsn1:130140:7133c2bc caught stopping signal...
2026-03-24 23:38:08 [Information] [TraceId: ] Application is shutting down...
2026-03-24 23:38:09 [Information] [TraceId: ] Server laptop-2j11tsn1:130140:7133c2bc All dispatchers stopped
2026-03-24 23:38:09 [Information] [TraceId: ] Server laptop-2j11tsn1:130140:7133c2bc successfully reported itself as stopped in 88.9031 ms
2026-03-24 23:38:09 [Information] [TraceId: ] Server laptop-2j11tsn1:130140:7133c2bc has been stopped in total 604.1994 ms
2026-03-24 23:38:27 [Information] [TraceId: ] Start installing Hangfire SQL objects...
2026-03-24 23:38:28 [Information] [TraceId: ] Hangfire SQL objects installed.
2026-03-24 23:38:28 [Information] [TraceId: ] User profile is available. Using '"C:\Users\HP\AppData\Local\ASP.NET\DataProtection-Keys"' as key repository and Windows DPAPI to encrypt keys at rest.
2026-03-24 23:38:28 [Information] [TraceId: ] Now listening on: "http://localhost:5062"
2026-03-24 23:38:28 [Information] [TraceId: ] Starting Hangfire Server using job storage: 'SQL Server: LAPTOP-2J11TSN1@employeeDb'
2026-03-24 23:38:28 [Information] [TraceId: ] Using the following options for SQL Server job storage: Queue poll interval: 00:00:00.
2026-03-24 23:38:28 [Information] [TraceId: ] Using the following options for Hangfire Server:
    Worker count: 20
    Listening queues: 'default'
    Shutdown timeout: 00:00:15
    Schedule polling interval: 00:00:15
2026-03-24 23:38:28 [Information] [TraceId: ] Application started. Press Ctrl+C to shut down.
2026-03-24 23:38:28 [Information] [TraceId: ] Hosting environment: "Development"
2026-03-24 23:38:28 [Information] [TraceId: ] Content root path: "C:\Users\HP\Desktop\asp.net\MyApi"
2026-03-24 23:38:29 [Information] [TraceId: ] Server laptop-2j11tsn1:128208:85c1a5b3 successfully announced in 140.9251 ms
2026-03-24 23:38:29 [Information] [TraceId: ] Server laptop-2j11tsn1:128208:85c1a5b3 is starting the registered dispatchers: ServerWatchdog, ServerJobCancellationWatcher, SqlServerHeartbeatProcess, ExpirationManager, CountersAggregator, Worker, DelayedJobScheduler, RecurringJobScheduler...
2026-03-24 23:38:29 [Information] [TraceId: ] Server laptop-2j11tsn1:128208:85c1a5b3 all the dispatchers started
2026-03-24 23:38:35 [Information] [TraceId: cbe1f00dc85a27aac3997e75db9432f5] Request starting "HTTP/1.1" "GET" "http"://"localhost:5062""""/""" - null null
2026-03-24 23:38:35 [Warning] [TraceId: cbe1f00dc85a27aac3997e75db9432f5] Failed to determine the https port for redirect.
2026-03-24 23:38:36 [Information] [TraceId: cbe1f00dc85a27aac3997e75db9432f5] Request finished "HTTP/1.1" "GET" "http"://"localhost:5062""""/""" - 404 0 null 499.2765ms
2026-03-24 23:38:36 [Information] [TraceId: cbe1f00dc85a27aac3997e75db9432f5] Request reached the end of the middleware pipeline without being handled by application code. Request path: "GET" "http"://"localhost:5062""""/", Response status code: 404
2026-03-24 23:38:40 [Information] [TraceId: 9f854f6b2b7b606eeee28ee1a98881b5] Request starting "HTTP/1.1" "GET" "http"://"localhost:5062""""/swagger/index.html""" - null null
2026-03-24 23:38:40 [Information] [TraceId: 9f854f6b2b7b606eeee28ee1a98881b5] Request finished "HTTP/1.1" "GET" "http"://"localhost:5062""""/swagger/index.html""" - 200 null "text/html;charset=utf-8" 200.3466ms
2026-03-24 23:38:40 [Information] [TraceId: d104229b01b59997c64019375a458bbe] Request starting "HTTP/1.1" "GET" "http"://"localhost:5062""""/swagger/v1/swagger.json""" - null null
2026-03-24 23:38:41 [Information] [TraceId: d104229b01b59997c64019375a458bbe] Request finished "HTTP/1.1" "GET" "http"://"localhost:5062""""/swagger/v1/swagger.json""" - 200 null "application/json;charset=utf-8" 147.3878ms
2026-03-24 23:38:53 [Information] [TraceId: 4e0622b023a9d86193077dac97eca2e6] Request starting "HTTP/1.1" "POST" "http"://"localhost:5062""""/api/Auth/login""" - "application/json" 57
2026-03-24 23:38:53 [Information] [TraceId: 4e0622b023a9d86193077dac97eca2e6] Executing endpoint '"AuthController.Login (MyApi)"'
2026-03-24 23:38:53 [Information] [TraceId: 4e0622b023a9d86193077dac97eca2e6] Route matched with "{action = \"Login\", controller = \"Auth\"}". Executing controller action with signature "System.Threading.Tasks.Task`1[Microsoft.AspNetCore.Mvc.IActionResult] Login(MyApi.DTO.Employee.Logindto)" on controller "AuthController" ("MyApi").
2026-03-24 23:38:53 [Information] [TraceId: 4e0622b023a9d86193077dac97eca2e6] Login requested for email "user56@gmail.com".
2026-03-24 23:38:53 [Information] [TraceId: 4e0622b023a9d86193077dac97eca2e6] Fetching employee by email from repository (email="user56@gmail.com").
2026-03-24 23:38:54 [Warning] [TraceId: 4e0622b023a9d86193077dac97eca2e6] Sensitive data logging is enabled. Log entries and exception messages may include sensitive application data; this mode should only be enabled during development.
2026-03-24 23:38:56 [Information] [TraceId: 4e0622b023a9d86193077dac97eca2e6] Executed DbCommand ("36"ms) [Parameters=["@__email_0='user56@gmail.com' (Size = 450)"], CommandType='Text', CommandTimeout='30']"
""SELECT TOP(1) [e].[Id], [e].[DepartmentId], [e].[Email], [e].[HmacSecret], [e].[ManagerId], [e].[Name], [e].[PasswordHash], [e].[Salary], [e].[role], [d].[Id], [d].[CompanyId], [d].[ManagerId], [d].[Name], [e0].[Id], [e0].[DepartmentId], [e0].[Email], [e0].[HmacSecret], [e0].[ManagerId], [e0].[Name], [e0].[PasswordHash], [e0].[Salary], [e0].[role]
FROM [Employees] AS [e]
INNER JOIN [Departments] AS [d] ON [e].[DepartmentId] = [d].[Id]
LEFT JOIN [Employees] AS [e0] ON [e].[ManagerId] = [e0].[Id]
WHERE [e].[Email] = @__email_0"
2026-03-24 23:38:56 [Information] [TraceId: 4e0622b023a9d86193077dac97eca2e6] Creating access token for employee (id=1015, email="user56@gmail.com").
2026-03-24 23:38:56 [Information] [TraceId: 4e0622b023a9d86193077dac97eca2e6] Generating refresh token.
2026-03-24 23:38:56 [Information] [TraceId: 4e0622b023a9d86193077dac97eca2e6] Creating refresh token entity for employee (id=1015).
2026-03-24 23:38:56 [Information] [TraceId: 4e0622b023a9d86193077dac97eca2e6] Hashing refresh token.
2026-03-24 23:38:56 [Information] [TraceId: 4e0622b023a9d86193077dac97eca2e6] Persisting refresh token for employee (employeeId=1015, expires=03/31/2026 18:08:56).
2026-03-24 23:38:56 [Information] [TraceId: 4e0622b023a9d86193077dac97eca2e6] Executed DbCommand ("12"ms) [Parameters=["@p0='1015', @p1='2026-03-31T18:08:56.6502391Z', @p2='False', @p3='pu5y0zoQQri+90qOExsRLKrOa8KmoYyOVHIVVEVyUBs=' (Nullable = false) (Size = 4000)"], CommandType='Text', CommandTimeout='30']"
""SET IMPLICIT_TRANSACTIONS OFF;
SET NOCOUNT ON;
INSERT INTO [RefreshTokens] ([EmployeeId], [Expires], [IsRevoked], [Token])
OUTPUT INSERTED.[Id]
VALUES (@p0, @p1, @p2, @p3);"
2026-03-24 23:38:56 [Information] [TraceId: 4e0622b023a9d86193077dac97eca2e6] Login succeeded for employee (id=1015, email="user56@gmail.com").
2026-03-24 23:38:57 [Information] [TraceId: 4e0622b023a9d86193077dac97eca2e6] Executing "OkObjectResult", writing value of type '"<>f__AnonymousType0`2[[System.String, System.Private.CoreLib, Version=8.0.0.0, Culture=neutral, PublicKeyToken=7cec85d7bea7798e],[System.String, System.Private.CoreLib, Version=8.0.0.0, Culture=neutral, PublicKeyToken=7cec85d7bea7798e]]"'.
2026-03-24 23:38:57 [Information] [TraceId: 4e0622b023a9d86193077dac97eca2e6] Executed action "AuthController.Login (MyApi)" in 3414.3901ms
2026-03-24 23:38:57 [Information] [TraceId: 4e0622b023a9d86193077dac97eca2e6] Executed endpoint '"AuthController.Login (MyApi)"'
2026-03-24 23:38:57 [Information] [TraceId: 4e0622b023a9d86193077dac97eca2e6] Request finished "HTTP/1.1" "POST" "http"://"localhost:5062""""/api/Auth/login""" - 200 null "application/json; charset=utf-8" 3718.2349ms
2026-03-24 23:39:12 [Information] [TraceId: 2b53e9d92bda5c84b0ea6f8e3b218a69] Request starting "HTTP/1.1" "GET" "http"://"localhost:5062""""/api/dapper-employees/with-projects""" - null null
2026-03-24 23:39:13 [Information] [TraceId: 2b53e9d92bda5c84b0ea6f8e3b218a69] Executing endpoint '"DapperEmployeesController.GetEmployeesWithProjects (MyApi)"'
2026-03-24 23:39:13 [Information] [TraceId: 2b53e9d92bda5c84b0ea6f8e3b218a69] Route matched with "{action = \"GetEmployeesWithProjects\", controller = \"DapperEmployees\"}". Executing controller action with signature "System.Threading.Tasks.Task`1[Microsoft.AspNetCore.Mvc.IActionResult] GetEmployeesWithProjects()" on controller "DapperEmployeesController" ("MyApi").
2026-03-24 23:39:13 [Information] [TraceId: 2b53e9d92bda5c84b0ea6f8e3b218a69] Fetching employees with projects (many-to-many)
2026-03-24 23:39:13 [Information] [TraceId: 2b53e9d92bda5c84b0ea6f8e3b218a69] Executing "OkObjectResult", writing value of type '"System.Collections.Generic.Dictionary`2+ValueCollection[[System.Int32, System.Private.CoreLib, Version=8.0.0.0, Culture=neutral, PublicKeyToken=7cec85d7bea7798e],[MyApi.DTO.Employee.Reademployeedto, MyApi, Version=1.0.0.0, Culture=neutral, PublicKeyToken=null]]"'.
2026-03-24 23:39:13 [Information] [TraceId: 2b53e9d92bda5c84b0ea6f8e3b218a69] Executed action "DapperEmployeesController.GetEmployeesWithProjects (MyApi)" in 201.7423ms
2026-03-24 23:39:13 [Information] [TraceId: 2b53e9d92bda5c84b0ea6f8e3b218a69] Executed endpoint '"DapperEmployeesController.GetEmployeesWithProjects (MyApi)"'
2026-03-24 23:39:13 [Information] [TraceId: 2b53e9d92bda5c84b0ea6f8e3b218a69] Request finished "HTTP/1.1" "GET" "http"://"localhost:5062""""/api/dapper-employees/with-projects""" - 200 null "application/json; charset=utf-8" 407.0217ms
2026-03-24 23:39:30 [Information] [TraceId: 14a92e2417cee5297fc5f9d80966b3ca] Request starting "HTTP/1.1" "GET" "http"://"localhost:5062""""/api/dapper-employees/all""" - null null
2026-03-24 23:39:30 [Information] [TraceId: 14a92e2417cee5297fc5f9d80966b3ca] Executing endpoint '"DapperEmployeesController.GetAllEmployees (MyApi)"'
2026-03-24 23:39:30 [Information] [TraceId: 14a92e2417cee5297fc5f9d80966b3ca] Route matched with "{action = \"GetAllEmployees\", controller = \"DapperEmployees\"}". Executing controller action with signature "System.Threading.Tasks.Task`1[Microsoft.AspNetCore.Mvc.IActionResult] GetAllEmployees()" on controller "DapperEmployeesController" ("MyApi").
2026-03-24 23:39:30 [Information] [TraceId: 14a92e2417cee5297fc5f9d80966b3ca] Dapper GetAllEmployees called.
2026-03-24 23:39:30 [Information] [TraceId: 14a92e2417cee5297fc5f9d80966b3ca] Fetching all employees through Dapper service.
2026-03-24 23:39:30 [Information] [TraceId: 14a92e2417cee5297fc5f9d80966b3ca] Fetching all employees with Dapper.
2026-03-24 23:39:30 [Information] [TraceId: 14a92e2417cee5297fc5f9d80966b3ca] Executing "OkObjectResult", writing value of type '"System.Collections.Generic.List`1[[MyApi.DTO.Employee.Reademployeedto, MyApi, Version=1.0.0.0, Culture=neutral, PublicKeyToken=null]]"'.
2026-03-24 23:39:30 [Information] [TraceId: 14a92e2417cee5297fc5f9d80966b3ca] Executed action "DapperEmployeesController.GetAllEmployees (MyApi)" in 115.0453ms
2026-03-24 23:39:30 [Information] [TraceId: 14a92e2417cee5297fc5f9d80966b3ca] Executed endpoint '"DapperEmployeesController.GetAllEmployees (MyApi)"'
2026-03-24 23:39:30 [Information] [TraceId: 14a92e2417cee5297fc5f9d80966b3ca] Request finished "HTTP/1.1" "GET" "http"://"localhost:5062""""/api/dapper-employees/all""" - 200 null "application/json; charset=utf-8" 198.6194ms
2026-03-24 23:42:10 [Information] [TraceId: 9a6b1811767783939daf482eaf8bbc5d] Request starting "HTTP/1.1" "GET" "http"://"localhost:5062""""/api/dapper-employees/all""" - null null
2026-03-24 23:42:10 [Information] [TraceId: 9a6b1811767783939daf482eaf8bbc5d] Executing endpoint '"DapperEmployeesController.GetAllEmployees (MyApi)"'
2026-03-24 23:42:10 [Information] [TraceId: 9a6b1811767783939daf482eaf8bbc5d] Route matched with "{action = \"GetAllEmployees\", controller = \"DapperEmployees\"}". Executing controller action with signature "System.Threading.Tasks.Task`1[Microsoft.AspNetCore.Mvc.IActionResult] GetAllEmployees()" on controller "DapperEmployeesController" ("MyApi").
2026-03-24 23:42:10 [Information] [TraceId: 9a6b1811767783939daf482eaf8bbc5d] Dapper GetAllEmployees called.
2026-03-24 23:42:10 [Information] [TraceId: 9a6b1811767783939daf482eaf8bbc5d] Fetching all employees through Dapper service.
2026-03-24 23:42:10 [Information] [TraceId: 9a6b1811767783939daf482eaf8bbc5d] Fetching all employees with Dapper.
2026-03-24 23:42:10 [Information] [TraceId: 9a6b1811767783939daf482eaf8bbc5d] Executing "OkObjectResult", writing value of type '"System.Collections.Generic.List`1[[MyApi.DTO.Employee.Reademployeedto, MyApi, Version=1.0.0.0, Culture=neutral, PublicKeyToken=null]]"'.
2026-03-24 23:42:10 [Information] [TraceId: 9a6b1811767783939daf482eaf8bbc5d] Executed action "DapperEmployeesController.GetAllEmployees (MyApi)" in 28.2482ms
2026-03-24 23:42:10 [Information] [TraceId: 9a6b1811767783939daf482eaf8bbc5d] Executed endpoint '"DapperEmployeesController.GetAllEmployees (MyApi)"'
2026-03-24 23:42:10 [Information] [TraceId: 9a6b1811767783939daf482eaf8bbc5d] Request finished "HTTP/1.1" "GET" "http"://"localhost:5062""""/api/dapper-employees/all""" - 200 null "application/json; charset=utf-8" 73.9602ms
2026-03-24 23:42:17 [Information] [TraceId: 07e7063dca0db66c8d8179e0d04ffc46] Request starting "HTTP/1.1" "GET" "http"://"localhost:5062""""/api/dapper-employees/with-projects""" - null null
2026-03-24 23:42:17 [Information] [TraceId: 07e7063dca0db66c8d8179e0d04ffc46] Executing endpoint '"DapperEmployeesController.GetEmployeesWithProjects (MyApi)"'
2026-03-24 23:42:17 [Information] [TraceId: 07e7063dca0db66c8d8179e0d04ffc46] Route matched with "{action = \"GetEmployeesWithProjects\", controller = \"DapperEmployees\"}". Executing controller action with signature "System.Threading.Tasks.Task`1[Microsoft.AspNetCore.Mvc.IActionResult] GetEmployeesWithProjects()" on controller "DapperEmployeesController" ("MyApi").
2026-03-24 23:42:17 [Information] [TraceId: 07e7063dca0db66c8d8179e0d04ffc46] Fetching employees with projects (many-to-many)
2026-03-24 23:42:17 [Information] [TraceId: 07e7063dca0db66c8d8179e0d04ffc46] Executing "OkObjectResult", writing value of type '"System.Collections.Generic.Dictionary`2+ValueCollection[[System.Int32, System.Private.CoreLib, Version=8.0.0.0, Culture=neutral, PublicKeyToken=7cec85d7bea7798e],[MyApi.DTO.Employee.Reademployeedto, MyApi, Version=1.0.0.0, Culture=neutral, PublicKeyToken=null]]"'.
2026-03-24 23:42:17 [Information] [TraceId: 07e7063dca0db66c8d8179e0d04ffc46] Executed action "DapperEmployeesController.GetEmployeesWithProjects (MyApi)" in 32.5314ms
2026-03-24 23:42:17 [Information] [TraceId: 07e7063dca0db66c8d8179e0d04ffc46] Executed endpoint '"DapperEmployeesController.GetEmployeesWithProjects (MyApi)"'
2026-03-24 23:42:17 [Information] [TraceId: 07e7063dca0db66c8d8179e0d04ffc46] Request finished "HTTP/1.1" "GET" "http"://"localhost:5062""""/api/dapper-employees/with-projects""" - 200 null "application/json; charset=utf-8" 233.1408ms
2026-03-24 23:42:28 [Information] [TraceId: ] Server laptop-2j11tsn1:128208:85c1a5b3 caught stopping signal...
2026-03-24 23:42:28 [Information] [TraceId: ] Application is shutting down...
2026-03-24 23:42:28 [Information] [TraceId: ] Server laptop-2j11tsn1:128208:85c1a5b3 caught stopped signal...
2026-03-24 23:42:29 [Information] [TraceId: ] Server laptop-2j11tsn1:128208:85c1a5b3 All dispatchers stopped
2026-03-24 23:42:29 [Information] [TraceId: ] Server laptop-2j11tsn1:128208:85c1a5b3 successfully reported itself as stopped in 11.7532 ms
2026-03-24 23:42:29 [Information] [TraceId: ] Server laptop-2j11tsn1:128208:85c1a5b3 has been stopped in total 1188.0138 ms
2026-03-24 23:42:43 [Information] [TraceId: ] Start installing Hangfire SQL objects...
2026-03-24 23:42:45 [Information] [TraceId: ] Hangfire SQL objects installed.
2026-03-24 23:42:45 [Information] [TraceId: ] User profile is available. Using '"C:\Users\HP\AppData\Local\ASP.NET\DataProtection-Keys"' as key repository and Windows DPAPI to encrypt keys at rest.
2026-03-24 23:42:45 [Information] [TraceId: ] Now listening on: "http://localhost:5062"
2026-03-24 23:42:45 [Information] [TraceId: ] Starting Hangfire Server using job storage: 'SQL Server: LAPTOP-2J11TSN1@employeeDb'
2026-03-24 23:42:45 [Information] [TraceId: ] Using the following options for SQL Server job storage: Queue poll interval: 00:00:00.
2026-03-24 23:42:45 [Information] [TraceId: ] Using the following options for Hangfire Server:
    Worker count: 20
    Listening queues: 'default'
    Shutdown timeout: 00:00:15
    Schedule polling interval: 00:00:15
2026-03-24 23:42:46 [Information] [TraceId: ] Application started. Press Ctrl+C to shut down.
2026-03-24 23:42:46 [Information] [TraceId: ] Hosting environment: "Development"
2026-03-24 23:42:46 [Information] [TraceId: ] Content root path: "C:\Users\HP\Desktop\asp.net\MyApi"
2026-03-24 23:42:46 [Information] [TraceId: ] Server laptop-2j11tsn1:138540:d791cf14 successfully announced in 247.3205 ms
2026-03-24 23:42:46 [Information] [TraceId: ] Server laptop-2j11tsn1:138540:d791cf14 is starting the registered dispatchers: ServerWatchdog, ServerJobCancellationWatcher, SqlServerHeartbeatProcess, ExpirationManager, CountersAggregator, Worker, DelayedJobScheduler, RecurringJobScheduler...
2026-03-24 23:42:46 [Information] [TraceId: ] Server laptop-2j11tsn1:138540:d791cf14 all the dispatchers started
2026-03-24 23:45:16 [Information] [TraceId: d7888dd0b313b7e65a51f1601f46e0c6] Request starting "HTTP/1.1" "GET" "http"://"localhost:5062""""/swagger/index.html""" - null null
2026-03-24 23:45:16 [Information] [TraceId: d7888dd0b313b7e65a51f1601f46e0c6] Request finished "HTTP/1.1" "GET" "http"://"localhost:5062""""/swagger/index.html""" - 200 null "text/html;charset=utf-8" 312.3047ms
2026-03-24 23:45:16 [Information] [TraceId: 52b501da78a089da6b125642f2eac782] Request starting "HTTP/1.1" "GET" "http"://"localhost:5062""""/swagger/v1/swagger.json""" - null null
2026-03-24 23:45:16 [Information] [TraceId: 52b501da78a089da6b125642f2eac782] Request finished "HTTP/1.1" "GET" "http"://"localhost:5062""""/swagger/v1/swagger.json""" - 200 null "application/json;charset=utf-8" 212.0403ms
2026-03-24 23:45:31 [Information] [TraceId: b283c60fc12772130462a5862c0060eb] Request starting "HTTP/1.1" "POST" "http"://"localhost:5062""""/api/Auth/login""" - "application/json" 57
2026-03-24 23:45:31 [Warning] [TraceId: b283c60fc12772130462a5862c0060eb] Failed to determine the https port for redirect.
2026-03-24 23:45:32 [Information] [TraceId: b283c60fc12772130462a5862c0060eb] Executing endpoint '"AuthController.Login (MyApi)"'
2026-03-24 23:45:32 [Information] [TraceId: b283c60fc12772130462a5862c0060eb] Route matched with "{action = \"Login\", controller = \"Auth\"}". Executing controller action with signature "System.Threading.Tasks.Task`1[Microsoft.AspNetCore.Mvc.IActionResult] Login(MyApi.DTO.Employee.Logindto)" on controller "AuthController" ("MyApi").
2026-03-24 23:45:32 [Information] [TraceId: b283c60fc12772130462a5862c0060eb] Login requested for email "user56@gmail.com".
2026-03-24 23:45:32 [Information] [TraceId: b283c60fc12772130462a5862c0060eb] Fetching employee by email from repository (email="user56@gmail.com").
2026-03-24 23:45:33 [Warning] [TraceId: b283c60fc12772130462a5862c0060eb] Sensitive data logging is enabled. Log entries and exception messages may include sensitive application data; this mode should only be enabled during development.
2026-03-24 23:45:34 [Information] [TraceId: b283c60fc12772130462a5862c0060eb] Executed DbCommand ("52"ms) [Parameters=["@__email_0='user56@gmail.com' (Size = 450)"], CommandType='Text', CommandTimeout='30']"
""SELECT TOP(1) [e].[Id], [e].[DepartmentId], [e].[Email], [e].[HmacSecret], [e].[ManagerId], [e].[Name], [e].[PasswordHash], [e].[Salary], [e].[role], [d].[Id], [d].[CompanyId], [d].[ManagerId], [d].[Name], [e0].[Id], [e0].[DepartmentId], [e0].[Email], [e0].[HmacSecret], [e0].[ManagerId], [e0].[Name], [e0].[PasswordHash], [e0].[Salary], [e0].[role]
FROM [Employees] AS [e]
INNER JOIN [Departments] AS [d] ON [e].[DepartmentId] = [d].[Id]
LEFT JOIN [Employees] AS [e0] ON [e].[ManagerId] = [e0].[Id]
WHERE [e].[Email] = @__email_0"
2026-03-24 23:45:35 [Information] [TraceId: b283c60fc12772130462a5862c0060eb] Creating access token for employee (id=1015, email="user56@gmail.com").
2026-03-24 23:45:35 [Information] [TraceId: b283c60fc12772130462a5862c0060eb] Generating refresh token.
2026-03-24 23:45:35 [Information] [TraceId: b283c60fc12772130462a5862c0060eb] Creating refresh token entity for employee (id=1015).
2026-03-24 23:45:35 [Information] [TraceId: b283c60fc12772130462a5862c0060eb] Hashing refresh token.
2026-03-24 23:45:35 [Information] [TraceId: b283c60fc12772130462a5862c0060eb] Persisting refresh token for employee (employeeId=1015, expires=03/31/2026 18:15:35).
2026-03-24 23:45:35 [Information] [TraceId: b283c60fc12772130462a5862c0060eb] Executed DbCommand ("14"ms) [Parameters=["@p0='1015', @p1='2026-03-31T18:15:35.4977628Z', @p2='False', @p3='kjY+1McAjUpaenHWKI3T0QW7DLJ9e1FsnA9wdCvACp4=' (Nullable = false) (Size = 4000)"], CommandType='Text', CommandTimeout='30']"
""SET IMPLICIT_TRANSACTIONS OFF;
SET NOCOUNT ON;
INSERT INTO [RefreshTokens] ([EmployeeId], [Expires], [IsRevoked], [Token])
OUTPUT INSERTED.[Id]
VALUES (@p0, @p1, @p2, @p3);"
2026-03-24 23:45:35 [Information] [TraceId: b283c60fc12772130462a5862c0060eb] Login succeeded for employee (id=1015, email="user56@gmail.com").
2026-03-24 23:45:35 [Information] [TraceId: b283c60fc12772130462a5862c0060eb] Executing "OkObjectResult", writing value of type '"<>f__AnonymousType0`2[[System.String, System.Private.CoreLib, Version=8.0.0.0, Culture=neutral, PublicKeyToken=7cec85d7bea7798e],[System.String, System.Private.CoreLib, Version=8.0.0.0, Culture=neutral, PublicKeyToken=7cec85d7bea7798e]]"'.
2026-03-24 23:45:36 [Information] [TraceId: b283c60fc12772130462a5862c0060eb] Executed action "AuthController.Login (MyApi)" in 3636.467ms
2026-03-24 23:45:36 [Information] [TraceId: b283c60fc12772130462a5862c0060eb] Executed endpoint '"AuthController.Login (MyApi)"'
2026-03-24 23:45:36 [Information] [TraceId: b283c60fc12772130462a5862c0060eb] Request finished "HTTP/1.1" "POST" "http"://"localhost:5062""""/api/Auth/login""" - 200 null "application/json; charset=utf-8" 4418.7968ms
2026-03-24 23:45:50 [Information] [TraceId: 9dcaaa2fd5f8812c79bdd06ca75a8d0c] Request starting "HTTP/1.1" "GET" "http"://"localhost:5062""""/api/dapper-employees/with-projects""" - null null
2026-03-24 23:45:50 [Information] [TraceId: 9dcaaa2fd5f8812c79bdd06ca75a8d0c] Executing endpoint '"DapperEmployeesController.GetEmployeesWithProjects (MyApi)"'
2026-03-24 23:45:50 [Information] [TraceId: 9dcaaa2fd5f8812c79bdd06ca75a8d0c] Route matched with "{action = \"GetEmployeesWithProjects\", controller = \"DapperEmployees\"}". Executing controller action with signature "System.Threading.Tasks.Task`1[Microsoft.AspNetCore.Mvc.IActionResult] GetEmployeesWithProjects()" on controller "DapperEmployeesController" ("MyApi").
2026-03-24 23:45:50 [Information] [TraceId: 9dcaaa2fd5f8812c79bdd06ca75a8d0c] Fetching employees with projects (many-to-many)
2026-03-24 23:45:50 [Information] [TraceId: 9dcaaa2fd5f8812c79bdd06ca75a8d0c] Executing "OkObjectResult", writing value of type '"System.Collections.Generic.Dictionary`2+ValueCollection[[System.Int32, System.Private.CoreLib, Version=8.0.0.0, Culture=neutral, PublicKeyToken=7cec85d7bea7798e],[MyApi.DTO.Employee.Reademployeedto, MyApi, Version=1.0.0.0, Culture=neutral, PublicKeyToken=null]]"'.
2026-03-24 23:45:50 [Information] [TraceId: 9dcaaa2fd5f8812c79bdd06ca75a8d0c] Executed action "DapperEmployeesController.GetEmployeesWithProjects (MyApi)" in 221.8337ms
2026-03-24 23:45:50 [Information] [TraceId: 9dcaaa2fd5f8812c79bdd06ca75a8d0c] Executed endpoint '"DapperEmployeesController.GetEmployeesWithProjects (MyApi)"'
2026-03-24 23:45:50 [Information] [TraceId: 9dcaaa2fd5f8812c79bdd06ca75a8d0c] Request finished "HTTP/1.1" "GET" "http"://"localhost:5062""""/api/dapper-employees/with-projects""" - 200 null "application/json; charset=utf-8" 463.2208ms
2026-03-24 23:45:59 [Information] [TraceId: 82cf7dffd6f36732fe3f07c00b8c6965] Request starting "HTTP/1.1" "GET" "http"://"localhost:5062""""/api/dapper-employees/all""" - null null
2026-03-24 23:45:59 [Information] [TraceId: 82cf7dffd6f36732fe3f07c00b8c6965] Executing endpoint '"DapperEmployeesController.GetAllEmployees (MyApi)"'
2026-03-24 23:45:59 [Information] [TraceId: 82cf7dffd6f36732fe3f07c00b8c6965] Route matched with "{action = \"GetAllEmployees\", controller = \"DapperEmployees\"}". Executing controller action with signature "System.Threading.Tasks.Task`1[Microsoft.AspNetCore.Mvc.IActionResult] GetAllEmployees()" on controller "DapperEmployeesController" ("MyApi").
2026-03-24 23:45:59 [Information] [TraceId: 82cf7dffd6f36732fe3f07c00b8c6965] Dapper GetAllEmployees called.
2026-03-24 23:45:59 [Information] [TraceId: 82cf7dffd6f36732fe3f07c00b8c6965] Fetching all employees through Dapper service.
2026-03-24 23:45:59 [Information] [TraceId: 82cf7dffd6f36732fe3f07c00b8c6965] Fetching all employees with Dapper.
2026-03-24 23:45:59 [Information] [TraceId: 82cf7dffd6f36732fe3f07c00b8c6965] Executing "OkObjectResult", writing value of type '"System.Collections.Generic.List`1[[MyApi.DTO.Employee.Reademployeedto, MyApi, Version=1.0.0.0, Culture=neutral, PublicKeyToken=null]]"'.
2026-03-24 23:45:59 [Information] [TraceId: 82cf7dffd6f36732fe3f07c00b8c6965] Executed action "DapperEmployeesController.GetAllEmployees (MyApi)" in 57.5234ms
2026-03-24 23:45:59 [Information] [TraceId: 82cf7dffd6f36732fe3f07c00b8c6965] Executed endpoint '"DapperEmployeesController.GetAllEmployees (MyApi)"'
2026-03-24 23:45:59 [Information] [TraceId: 82cf7dffd6f36732fe3f07c00b8c6965] Request finished "HTTP/1.1" "GET" "http"://"localhost:5062""""/api/dapper-employees/all""" - 200 null "application/json; charset=utf-8" 162.6358ms
2026-03-24 23:51:45 [Information] [TraceId: ] Server laptop-2j11tsn1:138540:d791cf14 caught stopping signal...
2026-03-24 23:51:45 [Information] [TraceId: ] Application is shutting down...
2026-03-24 23:51:46 [Information] [TraceId: ] Server laptop-2j11tsn1:138540:d791cf14 All dispatchers stopped
2026-03-24 23:51:46 [Information] [TraceId: ] Server laptop-2j11tsn1:138540:d791cf14 successfully reported itself as stopped in 11.106 ms
2026-03-24 23:51:46 [Information] [TraceId: ] Server laptop-2j11tsn1:138540:d791cf14 has been stopped in total 329.8712 ms
2026-03-24 23:58:58 [Information] [TraceId: ] Start installing Hangfire SQL objects...
2026-03-24 23:58:59 [Information] [TraceId: ] Hangfire SQL objects installed.
2026-03-24 23:58:59 [Information] [TraceId: ] User profile is available. Using '"C:\Users\HP\AppData\Local\ASP.NET\DataProtection-Keys"' as key repository and Windows DPAPI to encrypt keys at rest.
2026-03-24 23:59:00 [Information] [TraceId: ] Now listening on: "http://localhost:5062"
2026-03-24 23:59:00 [Information] [TraceId: ] Starting Hangfire Server using job storage: 'SQL Server: LAPTOP-2J11TSN1@employeeDb'
2026-03-24 23:59:00 [Information] [TraceId: ] Using the following options for SQL Server job storage: Queue poll interval: 00:00:00.
2026-03-24 23:59:00 [Information] [TraceId: ] Using the following options for Hangfire Server:
    Worker count: 20
    Listening queues: 'default'
    Shutdown timeout: 00:00:15
    Schedule polling interval: 00:00:15
2026-03-24 23:59:00 [Information] [TraceId: ] Application started. Press Ctrl+C to shut down.
2026-03-24 23:59:00 [Information] [TraceId: ] Hosting environment: "Development"
2026-03-24 23:59:00 [Information] [TraceId: ] Content root path: "C:\Users\HP\Desktop\asp.net\MyApi"
2026-03-24 23:59:00 [Information] [TraceId: ] Server laptop-2j11tsn1:147932:85bc2ff0 successfully announced in 123.3902 ms
2026-03-24 23:59:00 [Information] [TraceId: ] Server laptop-2j11tsn1:147932:85bc2ff0 is starting the registered dispatchers: ServerWatchdog, ServerJobCancellationWatcher, SqlServerHeartbeatProcess, ExpirationManager, CountersAggregator, Worker, DelayedJobScheduler, RecurringJobScheduler...
2026-03-24 23:59:00 [Information] [TraceId: ] Server laptop-2j11tsn1:147932:85bc2ff0 all the dispatchers started
2026-03-24 23:59:03 [Information] [TraceId: 709bc5b76d940430241019edcd7faf33] Request starting "HTTP/1.1" "GET" "http"://"localhost:5062""""/""" - null null
2026-03-24 23:59:03 [Warning] [TraceId: 709bc5b76d940430241019edcd7faf33] Failed to determine the https port for redirect.
2026-03-24 23:59:03 [Information] [TraceId: 709bc5b76d940430241019edcd7faf33] Request finished "HTTP/1.1" "GET" "http"://"localhost:5062""""/""" - 404 0 null 711.3554ms
2026-03-24 23:59:03 [Information] [TraceId: 709bc5b76d940430241019edcd7faf33] Request reached the end of the middleware pipeline without being handled by application code. Request path: "GET" "http"://"localhost:5062""""/", Response status code: 404
2026-03-24 23:59:08 [Information] [TraceId: c46f0420b33b97f733ff61221f771c26] Request starting "HTTP/1.1" "GET" "http"://"localhost:5062""""/swagger/index.html""" - null null
2026-03-24 23:59:08 [Information] [TraceId: c46f0420b33b97f733ff61221f771c26] Request finished "HTTP/1.1" "GET" "http"://"localhost:5062""""/swagger/index.html""" - 200 null "text/html;charset=utf-8" 231.4929ms
2026-03-24 23:59:08 [Information] [TraceId: 45f2fa03c9dd52fbe2b5d23b80a0326a] Request starting "HTTP/1.1" "GET" "http"://"localhost:5062""""/swagger/v1/swagger.json""" - null null
2026-03-24 23:59:08 [Information] [TraceId: 45f2fa03c9dd52fbe2b5d23b80a0326a] Request finished "HTTP/1.1" "GET" "http"://"localhost:5062""""/swagger/v1/swagger.json""" - 200 null "application/json;charset=utf-8" 249.2478ms
2026-03-24 23:59:38 [Information] [TraceId: f5dbb77959926271dd9a36fc3b026227] Request starting "HTTP/1.1" "GET" "http"://"localhost:5062""""/api/Employees/all""" - null null
2026-03-24 23:59:38 [Information] [TraceId: f5dbb77959926271dd9a36fc3b026227] Executing endpoint '"EmployeesController.GetAllEmployees (MyApi)"'
2026-03-24 23:59:38 [Information] [TraceId: f5dbb77959926271dd9a36fc3b026227] Route matched with "{action = \"GetAllEmployees\", controller = \"Employees\"}". Executing controller action with signature "System.Threading.Tasks.Task`1[Microsoft.AspNetCore.Mvc.IActionResult] GetAllEmployees()" on controller "EmployeesController" ("MyApi").
2026-03-24 23:59:38 [Information] [TraceId: f5dbb77959926271dd9a36fc3b026227] GetAllEmployees called.
2026-03-24 23:59:38 [Information] [TraceId: f5dbb77959926271dd9a36fc3b026227] Fetching all employees from service.
2026-03-24 23:59:38 [Information] [TraceId: f5dbb77959926271dd9a36fc3b026227] Employee list cache miss. Loading from repository.
2026-03-24 23:59:38 [Information] [TraceId: f5dbb77959926271dd9a36fc3b026227] Fetching all employees from repository.
2026-03-24 23:59:39 [Warning] [TraceId: f5dbb77959926271dd9a36fc3b026227] Sensitive data logging is enabled. Log entries and exception messages may include sensitive application data; this mode should only be enabled during development.
2026-03-24 23:59:40 [Information] [TraceId: f5dbb77959926271dd9a36fc3b026227] Executed DbCommand ("40"ms) [Parameters=[""], CommandType='Text', CommandTimeout='30']"
""SELECT [e].[Id], [e].[DepartmentId], [e].[Email], [e].[HmacSecret], [e].[ManagerId], [e].[Name], [e].[PasswordHash], [e].[Salary], [e].[role], [d].[Id], [d].[CompanyId], [d].[ManagerId], [d].[Name], [e0].[Id], [e0].[DepartmentId], [e0].[Email], [e0].[HmacSecret], [e0].[ManagerId], [e0].[Name], [e0].[PasswordHash], [e0].[Salary], [e0].[role]
FROM [Employees] AS [e]
INNER JOIN [Departments] AS [d] ON [e].[DepartmentId] = [d].[Id]
LEFT JOIN [Employees] AS [e0] ON [e].[ManagerId] = [e0].[Id]"
2026-03-24 23:59:40 [Information] [TraceId: f5dbb77959926271dd9a36fc3b026227] Employee list cached with 10 records.
2026-03-24 23:59:40 [Information] [TraceId: f5dbb77959926271dd9a36fc3b026227] Executing "OkObjectResult", writing value of type '"System.Collections.Generic.List`1[[MyApi.DTO.Employee.Reademployeedto, MyApi, Version=1.0.0.0, Culture=neutral, PublicKeyToken=null]]"'.
2026-03-24 23:59:41 [Information] [TraceId: f5dbb77959926271dd9a36fc3b026227] Executed action "EmployeesController.GetAllEmployees (MyApi)" in 2556.1416ms
2026-03-24 23:59:41 [Information] [TraceId: f5dbb77959926271dd9a36fc3b026227] Executed endpoint '"EmployeesController.GetAllEmployees (MyApi)"'
2026-03-24 23:59:41 [Information] [TraceId: f5dbb77959926271dd9a36fc3b026227] Request finished "HTTP/1.1" "GET" "http"://"localhost:5062""""/api/Employees/all""" - 200 null "application/json; charset=utf-8" 2848.7731ms
2026-03-25 00:07:55 [Information] [TraceId: ] Server laptop-2j11tsn1:147932:85bc2ff0 caught stopping signal...
2026-03-25 00:07:55 [Information] [TraceId: ] Application is shutting down...
2026-03-25 00:07:55 [Information] [TraceId: ] Server laptop-2j11tsn1:147932:85bc2ff0 All dispatchers stopped
2026-03-25 00:07:55 [Information] [TraceId: ] Server laptop-2j11tsn1:147932:85bc2ff0 successfully reported itself as stopped in 9.0589 ms
2026-03-25 00:07:55 [Information] [TraceId: ] Server laptop-2j11tsn1:147932:85bc2ff0 has been stopped in total 43.9393 ms
2026-03-25 10:04:56 [Information] [TraceId: ] Start installing Hangfire SQL objects...
2026-03-25 10:04:57 [Information] [TraceId: ] Hangfire SQL objects installed.
2026-03-25 10:04:57 [Information] [TraceId: ] User profile is available. Using '"C:\Users\HP\AppData\Local\ASP.NET\DataProtection-Keys"' as key repository and Windows DPAPI to encrypt keys at rest.
2026-03-25 10:04:57 [Information] [TraceId: ] Now listening on: "http://localhost:5062"
2026-03-25 10:04:57 [Information] [TraceId: ] Starting Hangfire Server using job storage: 'SQL Server: LAPTOP-2J11TSN1@employeeDb'
2026-03-25 10:04:57 [Information] [TraceId: ] Using the following options for SQL Server job storage: Queue poll interval: 00:00:00.
2026-03-25 10:04:57 [Information] [TraceId: ] Using the following options for Hangfire Server:
    Worker count: 20
    Listening queues: 'default'
    Shutdown timeout: 00:00:15
    Schedule polling interval: 00:00:15
2026-03-25 10:04:57 [Information] [TraceId: ] Application started. Press Ctrl+C to shut down.
2026-03-25 10:04:57 [Information] [TraceId: ] Hosting environment: "Development"
2026-03-25 10:04:57 [Information] [TraceId: ] Content root path: "C:\Users\HP\Desktop\asp.net\MyApi"
2026-03-25 10:04:57 [Information] [TraceId: ] Server laptop-2j11tsn1:143488:dc510fca successfully announced in 177.7936 ms
2026-03-25 10:04:57 [Information] [TraceId: ] Server laptop-2j11tsn1:143488:dc510fca is starting the registered dispatchers: ServerWatchdog, ServerJobCancellationWatcher, SqlServerHeartbeatProcess, ExpirationManager, CountersAggregator, Worker, DelayedJobScheduler, RecurringJobScheduler...
2026-03-25 10:04:57 [Information] [TraceId: ] Server laptop-2j11tsn1:143488:dc510fca all the dispatchers started
2026-03-25 10:05:03 [Information] [TraceId: 05790f39fa1c33f843192c66f8974334] Request starting "HTTP/1.1" "GET" "http"://"localhost:5062""""/""" - null null
2026-03-25 10:05:03 [Warning] [TraceId: 05790f39fa1c33f843192c66f8974334] Failed to determine the https port for redirect.
2026-03-25 10:05:04 [Information] [TraceId: 05790f39fa1c33f843192c66f8974334] Request finished "HTTP/1.1" "GET" "http"://"localhost:5062""""/""" - 404 0 null 1207.083ms
2026-03-25 10:05:04 [Information] [TraceId: 05790f39fa1c33f843192c66f8974334] Request reached the end of the middleware pipeline without being handled by application code. Request path: "GET" "http"://"localhost:5062""""/", Response status code: 404
2026-03-25 10:05:10 [Information] [TraceId: d833ad5ce9398d8a043f506651c1959e] Request starting "HTTP/1.1" "GET" "http"://"localhost:5062""""/swagger/index.html""" - null null
2026-03-25 10:05:10 [Information] [TraceId: d833ad5ce9398d8a043f506651c1959e] Request finished "HTTP/1.1" "GET" "http"://"localhost:5062""""/swagger/index.html""" - 200 null "text/html;charset=utf-8" 209.2977ms
2026-03-25 10:05:10 [Information] [TraceId: f962bf8fca0375b7ccc225948402d7c4] Request starting "HTTP/1.1" "GET" "http"://"localhost:5062""""/swagger/v1/swagger.json""" - null null
2026-03-25 10:05:11 [Information] [TraceId: f962bf8fca0375b7ccc225948402d7c4] Request finished "HTTP/1.1" "GET" "http"://"localhost:5062""""/swagger/v1/swagger.json""" - 200 null "application/json;charset=utf-8" 186.4615ms
2026-03-25 10:05:24 [Information] [TraceId: 58112709a7d1d443d4b086cfbb5e4b21] Request starting "HTTP/1.1" "POST" "http"://"localhost:5062""""/api/Auth/login""" - "application/json" 57
2026-03-25 10:05:24 [Information] [TraceId: 58112709a7d1d443d4b086cfbb5e4b21] Executing endpoint '"AuthController.Login (MyApi)"'
2026-03-25 10:05:24 [Information] [TraceId: 58112709a7d1d443d4b086cfbb5e4b21] Route matched with "{action = \"Login\", controller = \"Auth\"}". Executing controller action with signature "System.Threading.Tasks.Task`1[Microsoft.AspNetCore.Mvc.IActionResult] Login(MyApi.DTO.Employee.Logindto)" on controller "AuthController" ("MyApi").
2026-03-25 10:05:24 [Information] [TraceId: 58112709a7d1d443d4b086cfbb5e4b21] Login requested for email "user56@gmail.com".
2026-03-25 10:05:24 [Information] [TraceId: 58112709a7d1d443d4b086cfbb5e4b21] Fetching employee by email from repository (email="user56@gmail.com").
2026-03-25 10:05:25 [Warning] [TraceId: 58112709a7d1d443d4b086cfbb5e4b21] Sensitive data logging is enabled. Log entries and exception messages may include sensitive application data; this mode should only be enabled during development.
2026-03-25 10:05:26 [Information] [TraceId: 58112709a7d1d443d4b086cfbb5e4b21] Executed DbCommand ("40"ms) [Parameters=["@__email_0='user56@gmail.com' (Size = 450)"], CommandType='Text', CommandTimeout='30']"
""SELECT TOP(1) [e].[Id], [e].[DepartmentId], [e].[Email], [e].[HmacSecret], [e].[ManagerId], [e].[Name], [e].[PasswordHash], [e].[Salary], [e].[role], [d].[Id], [d].[CompanyId], [d].[ManagerId], [d].[Name], [e0].[Id], [e0].[DepartmentId], [e0].[Email], [e0].[HmacSecret], [e0].[ManagerId], [e0].[Name], [e0].[PasswordHash], [e0].[Salary], [e0].[role]
FROM [Employees] AS [e]
INNER JOIN [Departments] AS [d] ON [e].[DepartmentId] = [d].[Id]
LEFT JOIN [Employees] AS [e0] ON [e].[ManagerId] = [e0].[Id]
WHERE [e].[Email] = @__email_0"
2026-03-25 10:05:27 [Information] [TraceId: 58112709a7d1d443d4b086cfbb5e4b21] Creating access token for employee (id=1015, email="user56@gmail.com").
2026-03-25 10:05:27 [Information] [TraceId: 58112709a7d1d443d4b086cfbb5e4b21] Generating refresh token.
2026-03-25 10:05:27 [Information] [TraceId: 58112709a7d1d443d4b086cfbb5e4b21] Creating refresh token entity for employee (id=1015).
2026-03-25 10:05:27 [Information] [TraceId: 58112709a7d1d443d4b086cfbb5e4b21] Hashing refresh token.
2026-03-25 10:05:27 [Information] [TraceId: 58112709a7d1d443d4b086cfbb5e4b21] Persisting refresh token for employee (employeeId=1015, expires=04/01/2026 04:35:27).
2026-03-25 10:05:27 [Information] [TraceId: 58112709a7d1d443d4b086cfbb5e4b21] Executed DbCommand ("25"ms) [Parameters=["@p0='1015', @p1='2026-04-01T04:35:27.6001122Z', @p2='False', @p3='7G84QWCPRuZWRo1q7ZUYorvrdwkZl6EQkalF61fxDrs=' (Nullable = false) (Size = 4000)"], CommandType='Text', CommandTimeout='30']"
""SET IMPLICIT_TRANSACTIONS OFF;
SET NOCOUNT ON;
INSERT INTO [RefreshTokens] ([EmployeeId], [Expires], [IsRevoked], [Token])
OUTPUT INSERTED.[Id]
VALUES (@p0, @p1, @p2, @p3);"
2026-03-25 10:05:27 [Information] [TraceId: 58112709a7d1d443d4b086cfbb5e4b21] Login succeeded for employee (id=1015, email="user56@gmail.com").
2026-03-25 10:05:28 [Information] [TraceId: 58112709a7d1d443d4b086cfbb5e4b21] Executing "OkObjectResult", writing value of type '"<>f__AnonymousType0`2[[System.String, System.Private.CoreLib, Version=8.0.0.0, Culture=neutral, PublicKeyToken=7cec85d7bea7798e],[System.String, System.Private.CoreLib, Version=8.0.0.0, Culture=neutral, PublicKeyToken=7cec85d7bea7798e]]"'.
2026-03-25 10:05:28 [Information] [TraceId: 58112709a7d1d443d4b086cfbb5e4b21] Executed action "AuthController.Login (MyApi)" in 3363.0972ms
2026-03-25 10:05:28 [Information] [TraceId: 58112709a7d1d443d4b086cfbb5e4b21] Executed endpoint '"AuthController.Login (MyApi)"'
2026-03-25 10:05:28 [Information] [TraceId: 58112709a7d1d443d4b086cfbb5e4b21] Request finished "HTTP/1.1" "POST" "http"://"localhost:5062""""/api/Auth/login""" - 200 null "application/json; charset=utf-8" 3527.4733ms
2026-03-25 10:05:41 [Information] [TraceId: 64e1642d13775cbfb9cf1971f55474ae] Request starting "HTTP/1.1" "GET" "http"://"localhost:5062""""/api/dapper-employees/with-projects""" - null null
2026-03-25 10:05:41 [Information] [TraceId: 64e1642d13775cbfb9cf1971f55474ae] Executing endpoint '"DapperEmployeesController.GetEmployeesWithProjects (MyApi)"'
2026-03-25 10:05:41 [Information] [TraceId: 64e1642d13775cbfb9cf1971f55474ae] Route matched with "{action = \"GetEmployeesWithProjects\", controller = \"DapperEmployees\"}". Executing controller action with signature "System.Threading.Tasks.Task`1[Microsoft.AspNetCore.Mvc.IActionResult] GetEmployeesWithProjects()" on controller "DapperEmployeesController" ("MyApi").
2026-03-25 10:05:41 [Information] [TraceId: 64e1642d13775cbfb9cf1971f55474ae] Fetching employees with projects (many-to-many)
2026-03-25 10:05:41 [Information] [TraceId: 64e1642d13775cbfb9cf1971f55474ae] Executing "OkObjectResult", writing value of type '"System.Collections.Generic.Dictionary`2+ValueCollection[[System.Int32, System.Private.CoreLib, Version=8.0.0.0, Culture=neutral, PublicKeyToken=7cec85d7bea7798e],[MyApi.DTO.Employee.Reademployeedto, MyApi, Version=1.0.0.0, Culture=neutral, PublicKeyToken=null]]"'.
2026-03-25 10:05:41 [Information] [TraceId: 64e1642d13775cbfb9cf1971f55474ae] Executed action "DapperEmployeesController.GetEmployeesWithProjects (MyApi)" in 145.9324ms
2026-03-25 10:05:41 [Information] [TraceId: 64e1642d13775cbfb9cf1971f55474ae] Executed endpoint '"DapperEmployeesController.GetEmployeesWithProjects (MyApi)"'
2026-03-25 10:05:41 [Information] [TraceId: 64e1642d13775cbfb9cf1971f55474ae] Request finished "HTTP/1.1" "GET" "http"://"localhost:5062""""/api/dapper-employees/with-projects""" - 200 null "application/json; charset=utf-8" 251.0414ms
2026-03-25 10:05:55 [Information] [TraceId: 04348851d58071d209cd43e8a4be5205] Request starting "HTTP/1.1" "GET" "http"://"localhost:5062""""/api/dapper-employees/all""" - null null
2026-03-25 10:05:55 [Information] [TraceId: 04348851d58071d209cd43e8a4be5205] Executing endpoint '"DapperEmployeesController.GetAllEmployees (MyApi)"'
2026-03-25 10:05:55 [Information] [TraceId: 04348851d58071d209cd43e8a4be5205] Route matched with "{action = \"GetAllEmployees\", controller = \"DapperEmployees\"}". Executing controller action with signature "System.Threading.Tasks.Task`1[Microsoft.AspNetCore.Mvc.IActionResult] GetAllEmployees()" on controller "DapperEmployeesController" ("MyApi").
2026-03-25 10:05:55 [Information] [TraceId: 04348851d58071d209cd43e8a4be5205] Dapper GetAllEmployees called.
2026-03-25 10:05:55 [Information] [TraceId: 04348851d58071d209cd43e8a4be5205] Fetching all employees through Dapper service.
2026-03-25 10:05:55 [Information] [TraceId: 04348851d58071d209cd43e8a4be5205] Fetching all employees with Dapper.
2026-03-25 10:05:55 [Information] [TraceId: 04348851d58071d209cd43e8a4be5205] Executing "OkObjectResult", writing value of type '"System.Collections.Generic.List`1[[MyApi.DTO.Employee.Reademployeedto, MyApi, Version=1.0.0.0, Culture=neutral, PublicKeyToken=null]]"'.
2026-03-25 10:05:55 [Information] [TraceId: 04348851d58071d209cd43e8a4be5205] Executed action "DapperEmployeesController.GetAllEmployees (MyApi)" in 39.3882ms
2026-03-25 10:05:55 [Information] [TraceId: 04348851d58071d209cd43e8a4be5205] Executed endpoint '"DapperEmployeesController.GetAllEmployees (MyApi)"'
2026-03-25 10:05:55 [Information] [TraceId: 04348851d58071d209cd43e8a4be5205] Request finished "HTTP/1.1" "GET" "http"://"localhost:5062""""/api/dapper-employees/all""" - 200 null "application/json; charset=utf-8" 83.7433ms
2026-03-25 10:06:05 [Information] [TraceId: cf5f2757a7dd368203d66b742a44d247] Request starting "HTTP/1.1" "GET" "http"://"localhost:5062""""/api/dapper-employees/1003""" - null null
2026-03-25 10:06:05 [Information] [TraceId: cf5f2757a7dd368203d66b742a44d247] Executing endpoint '"DapperEmployeesController.GetEmployee (MyApi)"'
2026-03-25 10:06:05 [Information] [TraceId: cf5f2757a7dd368203d66b742a44d247] Route matched with "{action = \"GetEmployee\", controller = \"DapperEmployees\"}". Executing controller action with signature "System.Threading.Tasks.Task`1[Microsoft.AspNetCore.Mvc.IActionResult] GetEmployee(Int32)" on controller "DapperEmployeesController" ("MyApi").
2026-03-25 10:06:05 [Information] [TraceId: cf5f2757a7dd368203d66b742a44d247] Dapper GetEmployee called (id=1003).
2026-03-25 10:06:05 [Information] [TraceId: cf5f2757a7dd368203d66b742a44d247] Fetching employee by id through Dapper service (id=1003).
2026-03-25 10:06:05 [Information] [TraceId: cf5f2757a7dd368203d66b742a44d247] Fetching employee by id with Dapper (id=1003).
2026-03-25 10:06:05 [Information] [TraceId: cf5f2757a7dd368203d66b742a44d247] Executing "OkObjectResult", writing value of type '"MyApi.DTO.Employee.Reademployeedto"'.
2026-03-25 10:06:05 [Information] [TraceId: cf5f2757a7dd368203d66b742a44d247] Executed action "DapperEmployeesController.GetEmployee (MyApi)" in 55.2275ms
2026-03-25 10:06:05 [Information] [TraceId: cf5f2757a7dd368203d66b742a44d247] Executed endpoint '"DapperEmployeesController.GetEmployee (MyApi)"'
2026-03-25 10:06:05 [Information] [TraceId: cf5f2757a7dd368203d66b742a44d247] Request finished "HTTP/1.1" "GET" "http"://"localhost:5062""""/api/dapper-employees/1003""" - 200 null "application/json; charset=utf-8" 127.4384ms
2026-03-25 10:06:43 [Information] [TraceId: d7c414ec2b9f75631db669624c6f8ff9] Request starting "HTTP/1.1" "POST" "http"://"localhost:5062""""/api/dapper-employees""" - "application/json" 162
2026-03-25 10:06:43 [Information] [TraceId: d7c414ec2b9f75631db669624c6f8ff9] Executing endpoint '"DapperEmployeesController.CreateEmployee (MyApi)"'
2026-03-25 10:06:43 [Information] [TraceId: d7c414ec2b9f75631db669624c6f8ff9] Route matched with "{action = \"CreateEmployee\", controller = \"DapperEmployees\"}". Executing controller action with signature "System.Threading.Tasks.Task`1[Microsoft.AspNetCore.Mvc.IActionResult] CreateEmployee(MyApi.DTO.Employee.Createemployeedto)" on controller "DapperEmployeesController" ("MyApi").
2026-03-25 10:06:43 [Information] [TraceId: d7c414ec2b9f75631db669624c6f8ff9] Dapper CreateEmployee called (email="user99@example.com").
2026-03-25 10:06:43 [Information] [TraceId: d7c414ec2b9f75631db669624c6f8ff9] Creating employee through Dapper service (email="user99@example.com", name="user99").
2026-03-25 10:06:43 [Information] [TraceId: d7c414ec2b9f75631db669624c6f8ff9] Creating employee using stored procedure (email="user99@example.com", name="user99").
2026-03-25 10:06:43 [Information] [TraceId: d7c414ec2b9f75631db669624c6f8ff9] Fetching employee by id with Dapper (id=1020).
2026-03-25 10:06:43 [Information] [TraceId: d7c414ec2b9f75631db669624c6f8ff9] Executing "CreatedAtActionResult", writing value of type '"MyApi.DTO.Employee.Reademployeedto"'.
2026-03-25 10:06:43 [Information] [TraceId: d7c414ec2b9f75631db669624c6f8ff9] Executed action "DapperEmployeesController.CreateEmployee (MyApi)" in 642.2658ms
2026-03-25 10:06:43 [Information] [TraceId: d7c414ec2b9f75631db669624c6f8ff9] Executed endpoint '"DapperEmployeesController.CreateEmployee (MyApi)"'
2026-03-25 10:06:43 [Information] [TraceId: d7c414ec2b9f75631db669624c6f8ff9] Request finished "HTTP/1.1" "POST" "http"://"localhost:5062""""/api/dapper-employees""" - 201 null "application/json; charset=utf-8" 675.3428ms
2026-03-25 10:08:52 [Information] [TraceId: ed5b61f2e5e6eca67b4a754816d1535b] Request starting "HTTP/1.1" "DELETE" "http"://"localhost:5062""""/api/dapper-employees/1020""" - null null
2026-03-25 10:08:52 [Information] [TraceId: ed5b61f2e5e6eca67b4a754816d1535b] Fetching employee by id from repository (id=1015).
2026-03-25 10:08:53 [Information] [TraceId: ed5b61f2e5e6eca67b4a754816d1535b] Executed DbCommand ("13"ms) [Parameters=["@__id_0='1015'"], CommandType='Text', CommandTimeout='30']"
""SELECT TOP(1) [e].[Id], [e].[DepartmentId], [e].[Email], [e].[HmacSecret], [e].[ManagerId], [e].[Name], [e].[PasswordHash], [e].[Salary], [e].[role], [d].[Id], [d].[CompanyId], [d].[ManagerId], [d].[Name], [e0].[Id], [e0].[DepartmentId], [e0].[Email], [e0].[HmacSecret], [e0].[ManagerId], [e0].[Name], [e0].[PasswordHash], [e0].[Salary], [e0].[role]
FROM [Employees] AS [e]
INNER JOIN [Departments] AS [d] ON [e].[DepartmentId] = [d].[Id]
LEFT JOIN [Employees] AS [e0] ON [e].[ManagerId] = [e0].[Id]
WHERE [e].[Id] = @__id_0"
2026-03-25 10:08:53 [Information] [TraceId: ed5b61f2e5e6eca67b4a754816d1535b] Request finished "HTTP/1.1" "DELETE" "http"://"localhost:5062""""/api/dapper-employees/1020""" - 401 null null 120.5693ms
2026-03-25 15:16:39 [Information] [TraceId: ] Server laptop-2j11tsn1:143488:dc510fca caught stopping signal...
2026-03-25 15:16:39 [Information] [TraceId: ] Application is shutting down...
2026-03-25 15:16:40 [Information] [TraceId: ] Server laptop-2j11tsn1:143488:dc510fca caught stopped signal...
2026-03-25 15:16:40 [Information] [TraceId: ] Server laptop-2j11tsn1:143488:dc510fca All dispatchers stopped
2026-03-25 15:16:40 [Information] [TraceId: ] Server laptop-2j11tsn1:143488:dc510fca successfully reported itself as stopped in 94.1529 ms
2026-03-25 15:16:40 [Information] [TraceId: ] Server laptop-2j11tsn1:143488:dc510fca has been stopped in total 1483.4635 ms
2026-03-25 15:18:42 [Warning] [TraceId: ] Sensitive data logging is enabled. Log entries and exception messages may include sensitive application data; this mode should only be enabled during development.
2026-03-25 15:19:42 [Warning] [TraceId: ] Sensitive data logging is enabled. Log entries and exception messages may include sensitive application data; this mode should only be enabled during development.
2026-03-25 15:19:44 [Information] [TraceId: ] Executed DbCommand ("42"ms) [Parameters=[""], CommandType='Text', CommandTimeout='30']"
""SELECT 1"
2026-03-25 15:19:45 [Information] [TraceId: ] Executed DbCommand ("123"ms) [Parameters=[""], CommandType='Text', CommandTimeout='30']"
""SELECT OBJECT_ID(N'[__EFMigrationsHistory]');"
2026-03-25 15:19:45 [Information] [TraceId: ] Executed DbCommand ("3"ms) [Parameters=[""], CommandType='Text', CommandTimeout='30']"
""SELECT 1"
2026-03-25 15:19:45 [Information] [TraceId: ] Executed DbCommand ("6"ms) [Parameters=[""], CommandType='Text', CommandTimeout='30']"
""SELECT OBJECT_ID(N'[__EFMigrationsHistory]');"
2026-03-25 15:19:45 [Information] [TraceId: ] Executed DbCommand ("70"ms) [Parameters=[""], CommandType='Text', CommandTimeout='30']"
""SELECT [MigrationId], [ProductVersion]
FROM [__EFMigrationsHistory]
ORDER BY [MigrationId];"
2026-03-25 15:19:45 [Information] [TraceId: ] Applying migration '"20260325094848_Apikey"'.
2026-03-25 15:19:46 [Information] [TraceId: ] Executed DbCommand ("647"ms) [Parameters=[""], CommandType='Text', CommandTimeout='30']"
""ALTER TABLE [Employees] ADD [ApiKey] nvarchar(max) NOT NULL DEFAULT N'';"
2026-03-25 15:19:46 [Information] [TraceId: ] Executed DbCommand ("29"ms) [Parameters=[""], CommandType='Text', CommandTimeout='30']"
""INSERT INTO [__EFMigrationsHistory] ([MigrationId], [ProductVersion])
VALUES (N'20260325094848_Apikey', N'8.0.25');"
2026-03-25 16:16:53 [Warning] [TraceId: ] Sensitive data logging is enabled. Log entries and exception messages may include sensitive application data; this mode should only be enabled during development.
2026-03-25 16:17:30 [Warning] [TraceId: ] Sensitive data logging is enabled. Log entries and exception messages may include sensitive application data; this mode should only be enabled during development.
2026-03-25 16:17:31 [Information] [TraceId: ] Executed DbCommand ("57"ms) [Parameters=[""], CommandType='Text', CommandTimeout='30']"
""SELECT 1"
2026-03-25 16:17:31 [Information] [TraceId: ] Executed DbCommand ("90"ms) [Parameters=[""], CommandType='Text', CommandTimeout='30']"
""SELECT OBJECT_ID(N'[__EFMigrationsHistory]');"
2026-03-25 16:17:31 [Information] [TraceId: ] Executed DbCommand ("24"ms) [Parameters=[""], CommandType='Text', CommandTimeout='30']"
""SELECT 1"
2026-03-25 16:17:31 [Information] [TraceId: ] Executed DbCommand ("5"ms) [Parameters=[""], CommandType='Text', CommandTimeout='30']"
""SELECT OBJECT_ID(N'[__EFMigrationsHistory]');"
2026-03-25 16:17:32 [Information] [TraceId: ] Executed DbCommand ("356"ms) [Parameters=[""], CommandType='Text', CommandTimeout='30']"
""SELECT [MigrationId], [ProductVersion]
FROM [__EFMigrationsHistory]
ORDER BY [MigrationId];"
2026-03-25 16:17:32 [Information] [TraceId: ] Applying migration '"20260325104657_HmacEncrypted"'.
2026-03-25 16:17:38 [Information] [TraceId: ] Executed DbCommand ("5,640"ms) [Parameters=[""], CommandType='Text', CommandTimeout='30']"
""EXEC sp_rename N'[Employees].[HmacSecret]', N'HmacSecretEncrypted', N'COLUMN';"
2026-03-25 16:17:38 [Information] [TraceId: ] Executed DbCommand ("466"ms) [Parameters=[""], CommandType='Text', CommandTimeout='30']"
""INSERT INTO [__EFMigrationsHistory] ([MigrationId], [ProductVersion])
VALUES (N'20260325104657_HmacEncrypted', N'8.0.25');"
2026-03-25 16:18:25 [Information] [TraceId: ] Start installing Hangfire SQL objects...
2026-03-25 16:18:29 [Information] [TraceId: ] Hangfire SQL objects installed.
2026-03-25 16:18:30 [Information] [TraceId: ] User profile is available. Using '"C:\Users\HP\AppData\Local\ASP.NET\DataProtection-Keys"' as key repository and Windows DPAPI to encrypt keys at rest.
2026-03-25 16:18:30 [Information] [TraceId: ] Now listening on: "http://localhost:5062"
2026-03-25 16:18:30 [Information] [TraceId: ] Starting Hangfire Server using job storage: 'SQL Server: LAPTOP-2J11TSN1@employeeDb'
2026-03-25 16:18:30 [Information] [TraceId: ] Using the following options for SQL Server job storage: Queue poll interval: 00:00:00.
2026-03-25 16:18:30 [Information] [TraceId: ] Using the following options for Hangfire Server:
    Worker count: 20
    Listening queues: 'default'
    Shutdown timeout: 00:00:15
    Schedule polling interval: 00:00:15
2026-03-25 16:18:30 [Information] [TraceId: ] Application started. Press Ctrl+C to shut down.
2026-03-25 16:18:32 [Information] [TraceId: ] Server laptop-2j11tsn1:208480:47506a3d successfully announced in 1484.8917 ms
2026-03-25 16:18:32 [Information] [TraceId: ] Hosting environment: "Development"
2026-03-25 16:18:32 [Information] [TraceId: ] Server laptop-2j11tsn1:208480:47506a3d is starting the registered dispatchers: ServerWatchdog, ServerJobCancellationWatcher, SqlServerHeartbeatProcess, ExpirationManager, CountersAggregator, Worker, DelayedJobScheduler, RecurringJobScheduler...
2026-03-25 16:18:32 [Information] [TraceId: ] Content root path: "C:\Users\HP\Desktop\asp.net\MyApi"
2026-03-25 16:18:34 [Information] [TraceId: ] Server laptop-2j11tsn1:208480:47506a3d all the dispatchers started
2026-03-25 16:19:02 [Information] [TraceId: 365d493911e3aabd4a8ce77fb8a05618] Request starting "HTTP/1.1" "GET" "http"://"localhost:5062""""/""" - null null
2026-03-25 16:19:03 [Warning] [TraceId: 365d493911e3aabd4a8ce77fb8a05618] Failed to determine the https port for redirect.
2026-03-25 16:19:04 [Information] [TraceId: 365d493911e3aabd4a8ce77fb8a05618] Request finished "HTTP/1.1" "GET" "http"://"localhost:5062""""/""" - 401 null null 1498.0712ms
2026-03-25 16:19:04 [Information] [TraceId: 9e2430757202c176c90ef18e478875db] Request starting "HTTP/1.1" "GET" "http"://"localhost:5062""""/favicon.ico""" - null null
2026-03-25 16:19:04 [Information] [TraceId: 9e2430757202c176c90ef18e478875db] Request finished "HTTP/1.1" "GET" "http"://"localhost:5062""""/favicon.ico""" - 401 null null 24.2689ms
2026-03-25 16:19:09 [Information] [TraceId: da49659b6227455f9a6913767f159385] Request starting "HTTP/1.1" "GET" "http"://"localhost:5062""""/swagger/index.html""" - null null
2026-03-25 16:19:10 [Information] [TraceId: da49659b6227455f9a6913767f159385] Request finished "HTTP/1.1" "GET" "http"://"localhost:5062""""/swagger/index.html""" - 200 null "text/html;charset=utf-8" 809.9145ms
2026-03-25 16:19:11 [Information] [TraceId: a593f6f3c8cd68f910f41445a9cc0fe2] Request starting "HTTP/1.1" "GET" "http"://"localhost:5062""""/swagger/v1/swagger.json""" - null null
2026-03-25 16:19:11 [Information] [TraceId: a593f6f3c8cd68f910f41445a9cc0fe2] Request finished "HTTP/1.1" "GET" "http"://"localhost:5062""""/swagger/v1/swagger.json""" - 200 null "application/json;charset=utf-8" 806.7859ms
2026-03-25 16:20:19 [Information] [TraceId: ] Server laptop-2j11tsn1:208480:47506a3d caught stopping signal...
2026-03-25 16:20:19 [Information] [TraceId: ] Application is shutting down...
2026-03-25 16:20:19 [Information] [TraceId: ] Server laptop-2j11tsn1:208480:47506a3d All dispatchers stopped
2026-03-25 16:20:19 [Information] [TraceId: ] Server laptop-2j11tsn1:208480:47506a3d successfully reported itself as stopped in 8.9084 ms
2026-03-25 16:20:19 [Information] [TraceId: ] Server laptop-2j11tsn1:208480:47506a3d has been stopped in total 320.0703 ms
2026-03-25 16:20:31 [Information] [TraceId: ] Start installing Hangfire SQL objects...
2026-03-25 16:20:34 [Information] [TraceId: ] Hangfire SQL objects installed.
2026-03-25 16:20:34 [Information] [TraceId: ] User profile is available. Using '"C:\Users\HP\AppData\Local\ASP.NET\DataProtection-Keys"' as key repository and Windows DPAPI to encrypt keys at rest.
2026-03-25 16:20:35 [Information] [TraceId: ] Now listening on: "http://localhost:5062"
2026-03-25 16:20:35 [Information] [TraceId: ] Starting Hangfire Server using job storage: 'SQL Server: LAPTOP-2J11TSN1@employeeDb'
2026-03-25 16:20:35 [Information] [TraceId: ] Using the following options for SQL Server job storage: Queue poll interval: 00:00:00.
2026-03-25 16:20:35 [Information] [TraceId: ] Using the following options for Hangfire Server:
    Worker count: 20
    Listening queues: 'default'
    Shutdown timeout: 00:00:15
    Schedule polling interval: 00:00:15
2026-03-25 16:20:35 [Information] [TraceId: ] Application started. Press Ctrl+C to shut down.
2026-03-25 16:20:35 [Information] [TraceId: ] Hosting environment: "Development"
2026-03-25 16:20:35 [Information] [TraceId: ] Content root path: "C:\Users\HP\Desktop\asp.net\MyApi"
2026-03-25 16:20:35 [Information] [TraceId: ] Server laptop-2j11tsn1:198744:240298b3 successfully announced in 312.6718 ms
2026-03-25 16:20:35 [Information] [TraceId: ] Server laptop-2j11tsn1:198744:240298b3 is starting the registered dispatchers: ServerWatchdog, ServerJobCancellationWatcher, SqlServerHeartbeatProcess, ExpirationManager, CountersAggregator, Worker, DelayedJobScheduler, RecurringJobScheduler...
2026-03-25 16:20:35 [Information] [TraceId: ] Server laptop-2j11tsn1:198744:240298b3 all the dispatchers started
2026-03-25 16:24:02 [Information] [TraceId: 3126dc39ed9e62a2aaea590b32a07e22] Request starting "HTTP/1.1" "POST" "http"://"localhost:5062""""/api/Auth/register""" - "application/json" 115
2026-03-25 16:24:02 [Warning] [TraceId: 3126dc39ed9e62a2aaea590b32a07e22] Failed to determine the https port for redirect.
2026-03-25 16:24:02 [Information] [TraceId: 3126dc39ed9e62a2aaea590b32a07e22] Executing endpoint '"AuthController.Register (MyApi)"'
2026-03-25 16:24:02 [Information] [TraceId: 3126dc39ed9e62a2aaea590b32a07e22] Route matched with "{action = \"Register\", controller = \"Auth\"}". Executing controller action with signature "System.Threading.Tasks.Task`1[Microsoft.AspNetCore.Mvc.IActionResult] Register(MyApi.DTO.Employee.Registerdto)" on controller "AuthController" ("MyApi").
2026-03-25 16:24:03 [Information] [TraceId: 3126dc39ed9e62a2aaea590b32a07e22] Register requested for email "hmac@gmail.com".
2026-03-25 16:24:03 [Information] [TraceId: 3126dc39ed9e62a2aaea590b32a07e22] Fetching employee by email from repository (email="hmac@gmail.com").
2026-03-25 16:24:03 [Warning] [TraceId: 3126dc39ed9e62a2aaea590b32a07e22] Sensitive data logging is enabled. Log entries and exception messages may include sensitive application data; this mode should only be enabled during development.
2026-03-25 16:24:05 [Information] [TraceId: 3126dc39ed9e62a2aaea590b32a07e22] Executed DbCommand ("68"ms) [Parameters=["@__email_0='hmac@gmail.com' (Size = 450)"], CommandType='Text', CommandTimeout='30']"
""SELECT TOP(1) [e].[Id], [e].[ApiKey], [e].[DepartmentId], [e].[Email], [e].[HmacSecretEncrypted], [e].[ManagerId], [e].[Name], [e].[PasswordHash], [e].[Salary], [e].[role], [d].[Id], [d].[CompanyId], [d].[ManagerId], [d].[Name], [e0].[Id], [e0].[ApiKey], [e0].[DepartmentId], [e0].[Email], [e0].[HmacSecretEncrypted], [e0].[ManagerId], [e0].[Name], [e0].[PasswordHash], [e0].[Salary], [e0].[role]
FROM [Employees] AS [e]
INNER JOIN [Departments] AS [d] ON [e].[DepartmentId] = [d].[Id]
LEFT JOIN [Employees] AS [e0] ON [e].[ManagerId] = [e0].[Id]
WHERE [e].[Email] = @__email_0"
2026-03-25 16:24:05 [Information] [TraceId: 3126dc39ed9e62a2aaea590b32a07e22] Generating new API credentials.
2026-03-25 16:24:05 [Information] [TraceId: 3126dc39ed9e62a2aaea590b32a07e22] Encrypting data using HMAC service.
2026-03-25 16:24:05 [Information] [TraceId: 3126dc39ed9e62a2aaea590b32a07e22] Adding employee to repository (email="hmac@gmail.com", name="hmac").
2026-03-25 16:24:05 [Information] [TraceId: 3126dc39ed9e62a2aaea590b32a07e22] Saving employee repository changes.
2026-03-25 16:24:06 [Information] [TraceId: 3126dc39ed9e62a2aaea590b32a07e22] Executed DbCommand ("37"ms) [Parameters=["@p0='245f0b3c-bf54-4fea-ac44-e7d7b4fef11e' (Nullable = false) (Size = 4000), @p1='13', @p2='hmac@gmail.com' (Nullable = false) (Size = 450), @p3='w+hfe5PtmV6BNfF0cgIiqdzhA/oRTNxIzOo7J4h+B2ZDc6A6Pi04lgrE6VDz9EEVhTM/paS8jQmGDMQRauKZxw==' (Nullable = false) (Size = 4000), @p4=NULL (DbType = Int32), @p5='hmac' (Nullable = false) (Size = 100), @p6='$2a$11$DXAU/oxjYRdIfbRIsQAEY.2J73r5x6FDQHZEqj5GsViGG2bH/Yvq6' (Nullable = false) (Size = 4000), @p7='0' (Precision = 10) (Scale = 2), @p8='Admin' (Nullable = false) (Size = 4000)"], CommandType='Text', CommandTimeout='30']"
""SET IMPLICIT_TRANSACTIONS OFF;
SET NOCOUNT ON;
INSERT INTO [Employees] ([ApiKey], [DepartmentId], [Email], [HmacSecretEncrypted], [ManagerId], [Name], [PasswordHash], [Salary], [role])
OUTPUT INSERTED.[Id]
VALUES (@p0, @p1, @p2, @p3, @p4, @p5, @p6, @p7, @p8);"
2026-03-25 16:24:06 [Information] [TraceId: 3126dc39ed9e62a2aaea590b32a07e22] Creating access token for employee (id=1021, email="hmac@gmail.com").
2026-03-25 16:24:06 [Information] [TraceId: 3126dc39ed9e62a2aaea590b32a07e22] Generating refresh token.
2026-03-25 16:24:06 [Information] [TraceId: 3126dc39ed9e62a2aaea590b32a07e22] Creating refresh token entity for employee (id=1021).
2026-03-25 16:24:06 [Information] [TraceId: 3126dc39ed9e62a2aaea590b32a07e22] Hashing refresh token.
2026-03-25 16:24:06 [Information] [TraceId: 3126dc39ed9e62a2aaea590b32a07e22] Persisting refresh token for employee (employeeId=1021, expires=04/01/2026 10:54:06).
2026-03-25 16:24:06 [Information] [TraceId: 3126dc39ed9e62a2aaea590b32a07e22] Executed DbCommand ("16"ms) [Parameters=["@p0='1021', @p1='2026-04-01T10:54:06.2095831Z', @p2='False', @p3='KfgIpfLmqF6zvf1shpKV4k9iKGCZEQ+XQ0T378qzHsA=' (Nullable = false) (Size = 4000)"], CommandType='Text', CommandTimeout='30']"
""SET IMPLICIT_TRANSACTIONS OFF;
SET NOCOUNT ON;
INSERT INTO [RefreshTokens] ([EmployeeId], [Expires], [IsRevoked], [Token])
OUTPUT INSERTED.[Id]
VALUES (@p0, @p1, @p2, @p3);"
2026-03-25 16:24:06 [Information] [TraceId: 3126dc39ed9e62a2aaea590b32a07e22] Registration completed for employee (id=1021, email="hmac@gmail.com").
2026-03-25 16:24:06 [Information] [TraceId: 3126dc39ed9e62a2aaea590b32a07e22] Executing "OkObjectResult", writing value of type '"<>f__AnonymousType0`4[[System.String, System.Private.CoreLib, Version=8.0.0.0, Culture=neutral, PublicKeyToken=7cec85d7bea7798e],[System.String, System.Private.CoreLib, Version=8.0.0.0, Culture=neutral, PublicKeyToken=7cec85d7bea7798e],[System.String, System.Private.CoreLib, Version=8.0.0.0, Culture=neutral, PublicKeyToken=7cec85d7bea7798e],[System.String, System.Private.CoreLib, Version=8.0.0.0, Culture=neutral, PublicKeyToken=7cec85d7bea7798e]]"'.
2026-03-25 16:24:06 [Information] [TraceId: 3126dc39ed9e62a2aaea590b32a07e22] Executed action "AuthController.Register (MyApi)" in 3567.1416ms
2026-03-25 16:24:06 [Information] [TraceId: 3126dc39ed9e62a2aaea590b32a07e22] Executed endpoint '"AuthController.Register (MyApi)"'
2026-03-25 16:24:06 [Information] [TraceId: 3126dc39ed9e62a2aaea590b32a07e22] Request finished "HTTP/1.1" "POST" "http"://"localhost:5062""""/api/Auth/register""" - 200 null "application/json; charset=utf-8" 4100.7125ms
2026-03-25 16:27:59 [Information] [TraceId: a70a949f4870b25643522db48bb0a13e] Request starting "HTTP/1.1" "GET" "http"://"localhost:5062""""/api/Employees/all""" - null null
2026-03-25 16:27:59 [Information] [TraceId: a70a949f4870b25643522db48bb0a13e] Authorization failed. "These requirements were not met:
DenyAnonymousAuthorizationRequirement: Requires an authenticated user."
2026-03-25 16:27:59 [Information] [TraceId: a70a949f4870b25643522db48bb0a13e] AuthenticationScheme: "Bearer" was challenged.
2026-03-25 16:27:59 [Information] [TraceId: a70a949f4870b25643522db48bb0a13e] Request finished "HTTP/1.1" "GET" "http"://"localhost:5062""""/api/Employees/all""" - 401 0 null 171.1997ms
2026-03-25 16:28:12 [Information] [TraceId: 2312971444e75f50a76cfd7628ee2f05] Request starting "HTTP/1.1" "GET" "http"://"localhost:5062""""/api/Employees""" - null null
2026-03-25 16:28:12 [Information] [TraceId: 2312971444e75f50a76cfd7628ee2f05] Request finished "HTTP/1.1" "GET" "http"://"localhost:5062""""/api/Employees""" - 401 null null 126.5673ms
2026-03-25 16:28:57 [Information] [TraceId: 23c8d64242175a90a97719cf86f1947e] Request starting "HTTP/1.1" "POST" "http"://"localhost:5062""""/api/Auth/refresh""?Token=KLPjR%2B7bHj%2FEA2HrvGWEZYj%2Bd%2BLJWGVzzSHS%2BkqBnidt2OohmEhmzun8EebeJFLaLcPV%2Bs38iCUb9anHrxuTIg%3D%3D" - null 0
2026-03-25 16:28:57 [Information] [TraceId: 23c8d64242175a90a97719cf86f1947e] Executing endpoint '"AuthController.Refresh (MyApi)"'
2026-03-25 16:28:57 [Information] [TraceId: 23c8d64242175a90a97719cf86f1947e] Route matched with "{action = \"Refresh\", controller = \"Auth\"}". Executing controller action with signature "System.Threading.Tasks.Task`1[Microsoft.AspNetCore.Mvc.IActionResult] Refresh(System.String)" on controller "AuthController" ("MyApi").
2026-03-25 16:28:57 [Information] [TraceId: 23c8d64242175a90a97719cf86f1947e] Refresh token requested.
2026-03-25 16:28:57 [Information] [TraceId: 23c8d64242175a90a97719cf86f1947e] Hashing refresh token.
2026-03-25 16:28:57 [Information] [TraceId: 23c8d64242175a90a97719cf86f1947e] Looking up active refresh token in repository.
2026-03-25 16:28:57 [Information] [TraceId: 23c8d64242175a90a97719cf86f1947e] Executed DbCommand ("41"ms) [Parameters=["@__token_0='KfgIpfLmqF6zvf1shpKV4k9iKGCZEQ+XQ0T378qzHsA=' (Size = 4000)"], CommandType='Text', CommandTimeout='30']"
""SELECT TOP(1) [r].[Id], [r].[EmployeeId], [r].[Expires], [r].[IsRevoked], [r].[Token]
FROM [RefreshTokens] AS [r]
WHERE [r].[Token] = @__token_0 AND [r].[IsRevoked] = CAST(0 AS bit)"
2026-03-25 16:28:57 [Information] [TraceId: 23c8d64242175a90a97719cf86f1947e] Fetching employee by id from repository (id=1021).
2026-03-25 16:28:57 [Information] [TraceId: 23c8d64242175a90a97719cf86f1947e] Executed DbCommand ("11"ms) [Parameters=["@__id_0='1021'"], CommandType='Text', CommandTimeout='30']"
""SELECT TOP(1) [e].[Id], [e].[ApiKey], [e].[DepartmentId], [e].[Email], [e].[HmacSecretEncrypted], [e].[ManagerId], [e].[Name], [e].[PasswordHash], [e].[Salary], [e].[role], [d].[Id], [d].[CompanyId], [d].[ManagerId], [d].[Name], [e0].[Id], [e0].[ApiKey], [e0].[DepartmentId], [e0].[Email], [e0].[HmacSecretEncrypted], [e0].[ManagerId], [e0].[Name], [e0].[PasswordHash], [e0].[Salary], [e0].[role]
FROM [Employees] AS [e]
INNER JOIN [Departments] AS [d] ON [e].[DepartmentId] = [d].[Id]
LEFT JOIN [Employees] AS [e0] ON [e].[ManagerId] = [e0].[Id]
WHERE [e].[Id] = @__id_0"
2026-03-25 16:28:57 [Information] [TraceId: 23c8d64242175a90a97719cf86f1947e] Creating access token for employee (id=1021, email="hmac@gmail.com").
2026-03-25 16:28:57 [Information] [TraceId: 23c8d64242175a90a97719cf86f1947e] Generating refresh token.
2026-03-25 16:28:57 [Information] [TraceId: 23c8d64242175a90a97719cf86f1947e] Creating refresh token entity for employee (id=1021).
2026-03-25 16:28:57 [Information] [TraceId: 23c8d64242175a90a97719cf86f1947e] Hashing refresh token.
2026-03-25 16:28:57 [Information] [TraceId: 23c8d64242175a90a97719cf86f1947e] Persisting refresh token for employee (employeeId=1021, expires=04/01/2026 10:58:57).
2026-03-25 16:28:57 [Information] [TraceId: 23c8d64242175a90a97719cf86f1947e] Executed DbCommand ("14"ms) [Parameters=["@p1='2082', @p0='True', @p2='1021', @p3='2026-04-01T10:58:57.6560427Z', @p4='False', @p5='9daEU0kYCHs9Avr6RCU02Mmjl4FUcdoWH/T3yX9/ygM=' (Nullable = false) (Size = 4000)"], CommandType='Text', CommandTimeout='30']"
""SET NOCOUNT ON;
UPDATE [RefreshTokens] SET [IsRevoked] = @p0
OUTPUT 1
WHERE [Id] = @p1;
INSERT INTO [RefreshTokens] ([EmployeeId], [Expires], [IsRevoked], [Token])
OUTPUT INSERTED.[Id]
VALUES (@p2, @p3, @p4, @p5);"
2026-03-25 16:28:57 [Information] [TraceId: 23c8d64242175a90a97719cf86f1947e] Refresh token succeeded for employee (id=1021).
2026-03-25 16:28:57 [Information] [TraceId: 23c8d64242175a90a97719cf86f1947e] Executing "OkObjectResult", writing value of type '"<>f__AnonymousType1`2[[System.String, System.Private.CoreLib, Version=8.0.0.0, Culture=neutral, PublicKeyToken=7cec85d7bea7798e],[System.String, System.Private.CoreLib, Version=8.0.0.0, Culture=neutral, PublicKeyToken=7cec85d7bea7798e]]"'.
2026-03-25 16:28:57 [Information] [TraceId: 23c8d64242175a90a97719cf86f1947e] Executed action "AuthController.Refresh (MyApi)" in 265.3583ms
2026-03-25 16:28:57 [Information] [TraceId: 23c8d64242175a90a97719cf86f1947e] Executed endpoint '"AuthController.Refresh (MyApi)"'
2026-03-25 16:28:57 [Information] [TraceId: 23c8d64242175a90a97719cf86f1947e] Request finished "HTTP/1.1" "POST" "http"://"localhost:5062""""/api/Auth/refresh""?Token=KLPjR%2B7bHj%2FEA2HrvGWEZYj%2Bd%2BLJWGVzzSHS%2BkqBnidt2OohmEhmzun8EebeJFLaLcPV%2Bs38iCUb9anHrxuTIg%3D%3D" - 200 null "application/json; charset=utf-8" 322.7316ms
2026-03-25 16:29:11 [Information] [TraceId: 8f1c427945743256438c3ac91670366b] Request starting "HTTP/1.1" "GET" "http"://"localhost:5062""""/api/Employees""" - null null
2026-03-25 16:29:11 [Information] [TraceId: 8f1c427945743256438c3ac91670366b] Request finished "HTTP/1.1" "GET" "http"://"localhost:5062""""/api/Employees""" - 401 null null 56.1644ms
2026-03-25 16:29:57 [Information] [TraceId: ce98ae549d4759f8fe512199dfb66daa] Request starting "HTTP/1.1" "GET" "http"://"localhost:5062""""/api/Employees/all""" - null null
2026-03-25 16:29:57 [Information] [TraceId: ce98ae549d4759f8fe512199dfb66daa] Request finished "HTTP/1.1" "GET" "http"://"localhost:5062""""/api/Employees/all""" - 401 null null 10.5468ms
2026-03-25 16:33:05 [Information] [TraceId: 37968699f6216a1c7b0f641bb0fe9516] Request starting "HTTP/1.1" "GET" "http"://"localhost:5062""""/api/Employees""" - null null
2026-03-25 16:33:05 [Information] [TraceId: 37968699f6216a1c7b0f641bb0fe9516] Executed DbCommand ("175"ms) [Parameters=["@__apiKey_0='245f0b3c-bf54-4fea-ac44-e7d7b4fef11e' (Size = 4000)"], CommandType='Text', CommandTimeout='30']"
""SELECT TOP(1) [e].[Id], [e].[ApiKey], [e].[DepartmentId], [e].[Email], [e].[HmacSecretEncrypted], [e].[ManagerId], [e].[Name], [e].[PasswordHash], [e].[Salary], [e].[role]
FROM [Employees] AS [e]
WHERE [e].[ApiKey] = @__apiKey_0"
2026-03-25 16:33:05 [Information] [TraceId: 37968699f6216a1c7b0f641bb0fe9516] Decrypting data using HMAC service.
2026-03-25 16:33:05 [Information] [TraceId: 37968699f6216a1c7b0f641bb0fe9516] Verifying HMAC signature.
2026-03-25 16:33:05 [Information] [TraceId: 37968699f6216a1c7b0f641bb0fe9516] Generating HMAC signature.
2026-03-25 16:33:05 [Information] [TraceId: 37968699f6216a1c7b0f641bb0fe9516] Request finished "HTTP/1.1" "GET" "http"://"localhost:5062""""/api/Employees""" - 401 0 null 498.6953ms
2026-03-25 16:33:31 [Information] [TraceId: 5c53f88c6b24783e7e5911b8bb8f3863] Request starting "HTTP/1.1" "POST" "http"://"localhost:5062""""/api/Auth/refresh""?Token=KLPjR%2B7bHj%2FEA2HrvGWEZYj%2Bd%2BLJWGVzzSHS%2BkqBnidt2OohmEhmzun8EebeJFLaLcPV%2Bs38iCUb9anHrxuTIg%3D%3D" - null 0
2026-03-25 16:33:31 [Information] [TraceId: 5c53f88c6b24783e7e5911b8bb8f3863] Executing endpoint '"AuthController.Refresh (MyApi)"'
2026-03-25 16:33:31 [Information] [TraceId: 5c53f88c6b24783e7e5911b8bb8f3863] Route matched with "{action = \"Refresh\", controller = \"Auth\"}". Executing controller action with signature "System.Threading.Tasks.Task`1[Microsoft.AspNetCore.Mvc.IActionResult] Refresh(System.String)" on controller "AuthController" ("MyApi").
2026-03-25 16:33:31 [Information] [TraceId: 5c53f88c6b24783e7e5911b8bb8f3863] Refresh token requested.
2026-03-25 16:33:31 [Information] [TraceId: 5c53f88c6b24783e7e5911b8bb8f3863] Hashing refresh token.
2026-03-25 16:33:31 [Information] [TraceId: 5c53f88c6b24783e7e5911b8bb8f3863] Looking up active refresh token in repository.
2026-03-25 16:33:31 [Information] [TraceId: 5c53f88c6b24783e7e5911b8bb8f3863] Executed DbCommand ("10"ms) [Parameters=["@__token_0='KfgIpfLmqF6zvf1shpKV4k9iKGCZEQ+XQ0T378qzHsA=' (Size = 4000)"], CommandType='Text', CommandTimeout='30']"
""SELECT TOP(1) [r].[Id], [r].[EmployeeId], [r].[Expires], [r].[IsRevoked], [r].[Token]
FROM [RefreshTokens] AS [r]
WHERE [r].[Token] = @__token_0 AND [r].[IsRevoked] = CAST(0 AS bit)"
2026-03-25 16:33:31 [Warning] [TraceId: 5c53f88c6b24783e7e5911b8bb8f3863] Refresh token rejected because it was missing or expired.
2026-03-25 16:33:31 [Information] [TraceId: 5c53f88c6b24783e7e5911b8bb8f3863] Executed action "AuthController.Refresh (MyApi)" in 92.4318ms
2026-03-25 16:33:31 [Information] [TraceId: 5c53f88c6b24783e7e5911b8bb8f3863] Executed endpoint '"AuthController.Refresh (MyApi)"'
2026-03-25 16:33:31 [Error] [TraceId: 5c53f88c6b24783e7e5911b8bb8f3863] Server error. TraceId: "4cb53981-68a3-435c-9e06-86976e8581d7"
System.Exception: Invalid refresh token
   at AuthService.RefreshToken(String token) in C:\Users\HP\Desktop\asp.net\MyApi\Service\Implementation\Authservice.cs:line 104
   at AuthController.Refresh(String Token) in C:\Users\HP\Desktop\asp.net\MyApi\Controllers\AuthController.cs:line 49
   at Microsoft.AspNetCore.Mvc.Infrastructure.ActionMethodExecutor.TaskOfIActionResultExecutor.Execute(ActionContext actionContext, IActionResultTypeMapper mapper, ObjectMethodExecutor executor, Object controller, Object[] arguments)
   at Microsoft.AspNetCore.Mvc.Infrastructure.ControllerActionInvoker.<InvokeActionMethodAsync>g__Awaited|12_0(ControllerActionInvoker invoker, ValueTask`1 actionResultValueTask)
   at Microsoft.AspNetCore.Mvc.Infrastructure.ControllerActionInvoker.<InvokeNextActionFilterAsync>g__Awaited|10_0(ControllerActionInvoker invoker, Task lastTask, State next, Scope scope, Object state, Boolean isCompleted)
   at Microsoft.AspNetCore.Mvc.Infrastructure.ControllerActionInvoker.Rethrow(ActionExecutedContextSealed context)
   at Microsoft.AspNetCore.Mvc.Infrastructure.ControllerActionInvoker.Next(State& next, Scope& scope, Object& state, Boolean& isCompleted)
   at Microsoft.AspNetCore.Mvc.Infrastructure.ControllerActionInvoker.<InvokeInnerFilterAsync>g__Awaited|13_0(ControllerActionInvoker invoker, Task lastTask, State next, Scope scope, Object state, Boolean isCompleted)
   at Microsoft.AspNetCore.Mvc.Infrastructure.ResourceInvoker.<InvokeFilterPipelineAsync>g__Awaited|20_0(ResourceInvoker invoker, Task lastTask, State next, Scope scope, Object state, Boolean isCompleted)
   at Microsoft.AspNetCore.Mvc.Infrastructure.ResourceInvoker.<InvokeAsync>g__Logged|17_1(ResourceInvoker invoker)
   at Microsoft.AspNetCore.Mvc.Infrastructure.ResourceInvoker.<InvokeAsync>g__Logged|17_1(ResourceInvoker invoker)
   at Microsoft.AspNetCore.Routing.EndpointMiddleware.<Invoke>g__AwaitRequestTask|7_0(Endpoint endpoint, Task requestTask, ILogger logger)
   at HmacMiddleware.Invoke(HttpContext context, Dbcontext db, IHmacservice hmacService, INonceservice nonceService) in C:\Users\HP\Desktop\asp.net\MyApi\Middleware\HmacMiddleware.cs:line 25
   at Microsoft.AspNetCore.Authorization.AuthorizationMiddleware.Invoke(HttpContext context)
   at Microsoft.AspNetCore.Authentication.AuthenticationMiddleware.Invoke(HttpContext context)
   at Microsoft.AspNetCore.ResponseCompression.ResponseCompressionMiddleware.InvokeCore(HttpContext context)
   at InputSanitizationMiddleware.Invoke(HttpContext context) in C:\Users\HP\Desktop\asp.net\MyApi\Middleware\Inputsanitization.cs:line 52
   at MyApi.Middleware.Exceptionmiddleware.Invoke(HttpContext context) in C:\Users\HP\Desktop\asp.net\MyApi\Middleware\Exceptionmiddleware.cs:line 22
2026-03-25 16:33:31 [Information] [TraceId: 5c53f88c6b24783e7e5911b8bb8f3863] Request finished "HTTP/1.1" "POST" "http"://"localhost:5062""""/api/Auth/refresh""?Token=KLPjR%2B7bHj%2FEA2HrvGWEZYj%2Bd%2BLJWGVzzSHS%2BkqBnidt2OohmEhmzun8EebeJFLaLcPV%2Bs38iCUb9anHrxuTIg%3D%3D" - 500 null "application/json; charset=utf-8" 339.6915ms
2026-03-25 16:33:50 [Information] [TraceId: 05655b7f84b2b7d10f14f778a67792af] Request starting "HTTP/1.1" "POST" "http"://"localhost:5062""""/api/Auth/login""" - "application/json" 55
2026-03-25 16:33:50 [Information] [TraceId: 05655b7f84b2b7d10f14f778a67792af] Executing endpoint '"AuthController.Login (MyApi)"'
2026-03-25 16:33:50 [Information] [TraceId: 05655b7f84b2b7d10f14f778a67792af] Route matched with "{action = \"Login\", controller = \"Auth\"}". Executing controller action with signature "System.Threading.Tasks.Task`1[Microsoft.AspNetCore.Mvc.IActionResult] Login(MyApi.DTO.Employee.Logindto)" on controller "AuthController" ("MyApi").
2026-03-25 16:33:50 [Information] [TraceId: 05655b7f84b2b7d10f14f778a67792af] Login requested for email "hmac@gmail.com".
2026-03-25 16:33:50 [Information] [TraceId: 05655b7f84b2b7d10f14f778a67792af] Fetching employee by email from repository (email="hmac@gmail.com").
2026-03-25 16:33:50 [Information] [TraceId: 05655b7f84b2b7d10f14f778a67792af] Executed DbCommand ("14"ms) [Parameters=["@__email_0='hmac@gmail.com' (Size = 450)"], CommandType='Text', CommandTimeout='30']"
""SELECT TOP(1) [e].[Id], [e].[ApiKey], [e].[DepartmentId], [e].[Email], [e].[HmacSecretEncrypted], [e].[ManagerId], [e].[Name], [e].[PasswordHash], [e].[Salary], [e].[role], [d].[Id], [d].[CompanyId], [d].[ManagerId], [d].[Name], [e0].[Id], [e0].[ApiKey], [e0].[DepartmentId], [e0].[Email], [e0].[HmacSecretEncrypted], [e0].[ManagerId], [e0].[Name], [e0].[PasswordHash], [e0].[Salary], [e0].[role]
FROM [Employees] AS [e]
INNER JOIN [Departments] AS [d] ON [e].[DepartmentId] = [d].[Id]
LEFT JOIN [Employees] AS [e0] ON [e].[ManagerId] = [e0].[Id]
WHERE [e].[Email] = @__email_0"
2026-03-25 16:33:50 [Information] [TraceId: 05655b7f84b2b7d10f14f778a67792af] Creating access token for employee (id=1021, email="hmac@gmail.com").
2026-03-25 16:33:50 [Information] [TraceId: 05655b7f84b2b7d10f14f778a67792af] Generating refresh token.
2026-03-25 16:33:50 [Information] [TraceId: 05655b7f84b2b7d10f14f778a67792af] Creating refresh token entity for employee (id=1021).
2026-03-25 16:33:50 [Information] [TraceId: 05655b7f84b2b7d10f14f778a67792af] Hashing refresh token.
2026-03-25 16:33:50 [Information] [TraceId: 05655b7f84b2b7d10f14f778a67792af] Persisting refresh token for employee (employeeId=1021, expires=04/01/2026 11:03:50).
2026-03-25 16:33:50 [Information] [TraceId: 05655b7f84b2b7d10f14f778a67792af] Executed DbCommand ("7"ms) [Parameters=["@p0='1021', @p1='2026-04-01T11:03:50.9774453Z', @p2='False', @p3='Ae2hmKxAdrtxasc/ICAyRz0CsmUEscVczRgfpcgih2k=' (Nullable = false) (Size = 4000)"], CommandType='Text', CommandTimeout='30']"
""SET IMPLICIT_TRANSACTIONS OFF;
SET NOCOUNT ON;
INSERT INTO [RefreshTokens] ([EmployeeId], [Expires], [IsRevoked], [Token])
OUTPUT INSERTED.[Id]
VALUES (@p0, @p1, @p2, @p3);"
2026-03-25 16:33:50 [Information] [TraceId: 05655b7f84b2b7d10f14f778a67792af] Login succeeded for employee (id=1021, email="hmac@gmail.com").
2026-03-25 16:33:51 [Information] [TraceId: 05655b7f84b2b7d10f14f778a67792af] Executing "OkObjectResult", writing value of type '"<>f__AnonymousType1`2[[System.String, System.Private.CoreLib, Version=8.0.0.0, Culture=neutral, PublicKeyToken=7cec85d7bea7798e],[System.String, System.Private.CoreLib, Version=8.0.0.0, Culture=neutral, PublicKeyToken=7cec85d7bea7798e]]"'.
2026-03-25 16:33:51 [Information] [TraceId: 05655b7f84b2b7d10f14f778a67792af] Executed action "AuthController.Login (MyApi)" in 608.7229ms
2026-03-25 16:33:51 [Information] [TraceId: 05655b7f84b2b7d10f14f778a67792af] Executed endpoint '"AuthController.Login (MyApi)"'
2026-03-25 16:33:51 [Information] [TraceId: 05655b7f84b2b7d10f14f778a67792af] Request finished "HTTP/1.1" "POST" "http"://"localhost:5062""""/api/Auth/login""" - 200 null "application/json; charset=utf-8" 887.1271ms
2026-03-25 16:34:04 [Information] [TraceId: cb54237bed72d972662ee4464153ecbe] Request starting "HTTP/1.1" "GET" "http"://"localhost:5062""""/api/Employees""" - null null
2026-03-25 16:34:04 [Information] [TraceId: cb54237bed72d972662ee4464153ecbe] Executed DbCommand ("5"ms) [Parameters=["@__apiKey_0='245f0b3c-bf54-4fea-ac44-e7d7b4fef11e' (Size = 4000)"], CommandType='Text', CommandTimeout='30']"
""SELECT TOP(1) [e].[Id], [e].[ApiKey], [e].[DepartmentId], [e].[Email], [e].[HmacSecretEncrypted], [e].[ManagerId], [e].[Name], [e].[PasswordHash], [e].[Salary], [e].[role]
FROM [Employees] AS [e]
WHERE [e].[ApiKey] = @__apiKey_0"
2026-03-25 16:34:04 [Information] [TraceId: cb54237bed72d972662ee4464153ecbe] Decrypting data using HMAC service.
2026-03-25 16:34:04 [Information] [TraceId: cb54237bed72d972662ee4464153ecbe] Verifying HMAC signature.
2026-03-25 16:34:04 [Information] [TraceId: cb54237bed72d972662ee4464153ecbe] Generating HMAC signature.
2026-03-25 16:34:04 [Information] [TraceId: cb54237bed72d972662ee4464153ecbe] Request finished "HTTP/1.1" "GET" "http"://"localhost:5062""""/api/Employees""" - 401 0 null 51.615ms
2026-03-25 16:40:09 [Information] [TraceId: 1dead070e314834639bd0cf57ec700d0] Request starting "HTTP/1.1" "GET" "http"://"localhost:5062""""/api/Employees""" - null null
2026-03-25 16:40:09 [Information] [TraceId: 1dead070e314834639bd0cf57ec700d0] Executed DbCommand ("7"ms) [Parameters=["@__apiKey_0='245f0b3c-bf54-4fea-ac44-e7d7b4fef11e' (Size = 4000)"], CommandType='Text', CommandTimeout='30']"
""SELECT TOP(1) [e].[Id], [e].[ApiKey], [e].[DepartmentId], [e].[Email], [e].[HmacSecretEncrypted], [e].[ManagerId], [e].[Name], [e].[PasswordHash], [e].[Salary], [e].[role]
FROM [Employees] AS [e]
WHERE [e].[ApiKey] = @__apiKey_0"
2026-03-25 16:40:09 [Information] [TraceId: 1dead070e314834639bd0cf57ec700d0] Decrypting data using HMAC service.
2026-03-25 16:40:09 [Information] [TraceId: 1dead070e314834639bd0cf57ec700d0] Verifying HMAC signature.
2026-03-25 16:40:09 [Information] [TraceId: 1dead070e314834639bd0cf57ec700d0] Generating HMAC signature.
2026-03-25 16:40:09 [Information] [TraceId: 1dead070e314834639bd0cf57ec700d0] Request finished "HTTP/1.1" "GET" "http"://"localhost:5062""""/api/Employees""" - 401 0 null 56.3792ms
2026-03-25 16:40:31 [Information] [TraceId: e4ce4e0ccee65f945e99e90c7cf12c3d] Request starting "HTTP/1.1" "GET" "http"://"localhost:5062""""/api/dapper-employees/all""" - null null
2026-03-25 16:40:31 [Information] [TraceId: e4ce4e0ccee65f945e99e90c7cf12c3d] Request finished "HTTP/1.1" "GET" "http"://"localhost:5062""""/api/dapper-employees/all""" - 401 null null 196.1085ms
2026-03-25 16:41:58 [Information] [TraceId: cb5b2ff3dc2efc503a174c885b97b8ed] Request starting "HTTP/1.1" "POST" "http"://"localhost:5062""""/api/Auth/login""" - "application/json" 55
2026-03-25 16:41:58 [Information] [TraceId: cb5b2ff3dc2efc503a174c885b97b8ed] Executing endpoint '"AuthController.Login (MyApi)"'
2026-03-25 16:41:58 [Information] [TraceId: cb5b2ff3dc2efc503a174c885b97b8ed] Route matched with "{action = \"Login\", controller = \"Auth\"}". Executing controller action with signature "System.Threading.Tasks.Task`1[Microsoft.AspNetCore.Mvc.IActionResult] Login(MyApi.DTO.Employee.Logindto)" on controller "AuthController" ("MyApi").
2026-03-25 16:41:58 [Information] [TraceId: cb5b2ff3dc2efc503a174c885b97b8ed] Login requested for email "hmac@gmail.com".
2026-03-25 16:41:58 [Information] [TraceId: cb5b2ff3dc2efc503a174c885b97b8ed] Fetching employee by email from repository (email="hmac@gmail.com").
2026-03-25 16:41:58 [Information] [TraceId: cb5b2ff3dc2efc503a174c885b97b8ed] Executed DbCommand ("31"ms) [Parameters=["@__email_0='hmac@gmail.com' (Size = 450)"], CommandType='Text', CommandTimeout='30']"
""SELECT TOP(1) [e].[Id], [e].[ApiKey], [e].[DepartmentId], [e].[Email], [e].[HmacSecretEncrypted], [e].[ManagerId], [e].[Name], [e].[PasswordHash], [e].[Salary], [e].[role], [d].[Id], [d].[CompanyId], [d].[ManagerId], [d].[Name], [e0].[Id], [e0].[ApiKey], [e0].[DepartmentId], [e0].[Email], [e0].[HmacSecretEncrypted], [e0].[ManagerId], [e0].[Name], [e0].[PasswordHash], [e0].[Salary], [e0].[role]
FROM [Employees] AS [e]
INNER JOIN [Departments] AS [d] ON [e].[DepartmentId] = [d].[Id]
LEFT JOIN [Employees] AS [e0] ON [e].[ManagerId] = [e0].[Id]
WHERE [e].[Email] = @__email_0"
2026-03-25 16:41:59 [Information] [TraceId: cb5b2ff3dc2efc503a174c885b97b8ed] Creating access token for employee (id=1021, email="hmac@gmail.com").
2026-03-25 16:41:59 [Information] [TraceId: cb5b2ff3dc2efc503a174c885b97b8ed] Generating refresh token.
2026-03-25 16:41:59 [Information] [TraceId: cb5b2ff3dc2efc503a174c885b97b8ed] Creating refresh token entity for employee (id=1021).
2026-03-25 16:41:59 [Information] [TraceId: cb5b2ff3dc2efc503a174c885b97b8ed] Hashing refresh token.
2026-03-25 16:41:59 [Information] [TraceId: cb5b2ff3dc2efc503a174c885b97b8ed] Persisting refresh token for employee (employeeId=1021, expires=04/01/2026 11:11:59).
2026-03-25 16:41:59 [Information] [TraceId: cb5b2ff3dc2efc503a174c885b97b8ed] Executed DbCommand ("26"ms) [Parameters=["@p0='1021', @p1='2026-04-01T11:11:59.0899979Z', @p2='False', @p3='nBX3ayUX35WID5L3xGb1qki9aYKUSgVORd5jscdxEk0=' (Nullable = false) (Size = 4000)"], CommandType='Text', CommandTimeout='30']"
""SET IMPLICIT_TRANSACTIONS OFF;
SET NOCOUNT ON;
INSERT INTO [RefreshTokens] ([EmployeeId], [Expires], [IsRevoked], [Token])
OUTPUT INSERTED.[Id]
VALUES (@p0, @p1, @p2, @p3);"
2026-03-25 16:41:59 [Information] [TraceId: cb5b2ff3dc2efc503a174c885b97b8ed] Login succeeded for employee (id=1021, email="hmac@gmail.com").
2026-03-25 16:41:59 [Information] [TraceId: cb5b2ff3dc2efc503a174c885b97b8ed] Executing "OkObjectResult", writing value of type '"<>f__AnonymousType1`2[[System.String, System.Private.CoreLib, Version=8.0.0.0, Culture=neutral, PublicKeyToken=7cec85d7bea7798e],[System.String, System.Private.CoreLib, Version=8.0.0.0, Culture=neutral, PublicKeyToken=7cec85d7bea7798e]]"'.
2026-03-25 16:41:59 [Information] [TraceId: cb5b2ff3dc2efc503a174c885b97b8ed] Executed action "AuthController.Login (MyApi)" in 746.2139ms
2026-03-25 16:41:59 [Information] [TraceId: cb5b2ff3dc2efc503a174c885b97b8ed] Executed endpoint '"AuthController.Login (MyApi)"'
2026-03-25 16:41:59 [Information] [TraceId: cb5b2ff3dc2efc503a174c885b97b8ed] Request finished "HTTP/1.1" "POST" "http"://"localhost:5062""""/api/Auth/login""" - 200 null "application/json; charset=utf-8" 1036.2389ms
2026-03-25 16:42:18 [Information] [TraceId: a4b1b7be1e431e3cf2eba22413286624] Request starting "HTTP/1.1" "GET" "http"://"localhost:5062""""/api/Employees""" - null null
2026-03-25 16:42:19 [Information] [TraceId: a4b1b7be1e431e3cf2eba22413286624] Executed DbCommand ("26"ms) [Parameters=["@__apiKey_0='245f0b3c-bf54-4fea-ac44-e7d7b4fef11e' (Size = 4000)"], CommandType='Text', CommandTimeout='30']"
""SELECT TOP(1) [e].[Id], [e].[ApiKey], [e].[DepartmentId], [e].[Email], [e].[HmacSecretEncrypted], [e].[ManagerId], [e].[Name], [e].[PasswordHash], [e].[Salary], [e].[role]
FROM [Employees] AS [e]
WHERE [e].[ApiKey] = @__apiKey_0"
2026-03-25 16:42:19 [Information] [TraceId: a4b1b7be1e431e3cf2eba22413286624] Decrypting data using HMAC service.
2026-03-25 16:42:19 [Information] [TraceId: a4b1b7be1e431e3cf2eba22413286624] Verifying HMAC signature.
2026-03-25 16:42:19 [Information] [TraceId: a4b1b7be1e431e3cf2eba22413286624] Generating HMAC signature.
2026-03-25 16:42:19 [Information] [TraceId: a4b1b7be1e431e3cf2eba22413286624] Request finished "HTTP/1.1" "GET" "http"://"localhost:5062""""/api/Employees""" - 401 0 null 426.2026ms
2026-03-25 16:44:32 [Information] [TraceId: e939516a13e96285268d6afc0c606799] Request starting "HTTP/1.1" "GET" "http"://"localhost:5062""""/api/Employees""" - null null
2026-03-25 16:44:33 [Information] [TraceId: e939516a13e96285268d6afc0c606799] Executed DbCommand ("22"ms) [Parameters=["@__apiKey_0='245f0b3c-bf54-4fea-ac44-e7d7b4fef11e' (Size = 4000)"], CommandType='Text', CommandTimeout='30']"
""SELECT TOP(1) [e].[Id], [e].[ApiKey], [e].[DepartmentId], [e].[Email], [e].[HmacSecretEncrypted], [e].[ManagerId], [e].[Name], [e].[PasswordHash], [e].[Salary], [e].[role]
FROM [Employees] AS [e]
WHERE [e].[ApiKey] = @__apiKey_0"
2026-03-25 16:44:33 [Information] [TraceId: e939516a13e96285268d6afc0c606799] Decrypting data using HMAC service.
2026-03-25 16:44:33 [Information] [TraceId: e939516a13e96285268d6afc0c606799] Verifying HMAC signature.
2026-03-25 16:44:33 [Information] [TraceId: e939516a13e96285268d6afc0c606799] Generating HMAC signature.
2026-03-25 16:44:33 [Information] [TraceId: e939516a13e96285268d6afc0c606799] Request finished "HTTP/1.1" "GET" "http"://"localhost:5062""""/api/Employees""" - 401 0 null 1901.9196ms
2026-03-25 16:45:16 [Information] [TraceId: 9084431289d5239f09d09aae457aaba6] Request starting "HTTP/1.1" "GET" "http"://"localhost:5062""""/api/Employees""" - null null
2026-03-25 16:45:16 [Information] [TraceId: 9084431289d5239f09d09aae457aaba6] Executed DbCommand ("8"ms) [Parameters=["@__apiKey_0='245f0b3c-bf54-4fea-ac44-e7d7b4fef11e' (Size = 4000)"], CommandType='Text', CommandTimeout='30']"
""SELECT TOP(1) [e].[Id], [e].[ApiKey], [e].[DepartmentId], [e].[Email], [e].[HmacSecretEncrypted], [e].[ManagerId], [e].[Name], [e].[PasswordHash], [e].[Salary], [e].[role]
FROM [Employees] AS [e]
WHERE [e].[ApiKey] = @__apiKey_0"
2026-03-25 16:45:16 [Information] [TraceId: 9084431289d5239f09d09aae457aaba6] Decrypting data using HMAC service.
2026-03-25 16:45:16 [Information] [TraceId: 9084431289d5239f09d09aae457aaba6] Verifying HMAC signature.
2026-03-25 16:45:16 [Information] [TraceId: 9084431289d5239f09d09aae457aaba6] Generating HMAC signature.
2026-03-25 16:45:16 [Information] [TraceId: 9084431289d5239f09d09aae457aaba6] Request finished "HTTP/1.1" "GET" "http"://"localhost:5062""""/api/Employees""" - 401 0 null 222.8299ms
2026-03-25 16:50:25 [Information] [TraceId: 55a2639cecc6cdde780298859e697f79] Request starting "HTTP/1.1" "GET" "http"://"localhost:5062""""/api/Employees""" - null null
2026-03-25 16:50:25 [Information] [TraceId: 55a2639cecc6cdde780298859e697f79] Executed DbCommand ("10"ms) [Parameters=["@__apiKey_0='245f0b3c-bf54-4fea-ac44-e7d7b4fef11e' (Size = 4000)"], CommandType='Text', CommandTimeout='30']"
""SELECT TOP(1) [e].[Id], [e].[ApiKey], [e].[DepartmentId], [e].[Email], [e].[HmacSecretEncrypted], [e].[ManagerId], [e].[Name], [e].[PasswordHash], [e].[Salary], [e].[role]
FROM [Employees] AS [e]
WHERE [e].[ApiKey] = @__apiKey_0"
2026-03-25 16:50:25 [Information] [TraceId: 55a2639cecc6cdde780298859e697f79] Decrypting data using HMAC service.
2026-03-25 16:50:25 [Information] [TraceId: 55a2639cecc6cdde780298859e697f79] Verifying HMAC signature.
2026-03-25 16:50:25 [Information] [TraceId: 55a2639cecc6cdde780298859e697f79] Generating HMAC signature.
2026-03-25 16:50:25 [Information] [TraceId: 55a2639cecc6cdde780298859e697f79] Request finished "HTTP/1.1" "GET" "http"://"localhost:5062""""/api/Employees""" - 401 0 null 301.7484ms
2026-03-25 16:50:59 [Information] [TraceId: 535cf2d6d5584f5c81b7b9cded69656d] Request starting "HTTP/1.1" "GET" "http"://"localhost:5062""""/api/Employees""" - null null
2026-03-25 16:50:59 [Information] [TraceId: 535cf2d6d5584f5c81b7b9cded69656d] Executed DbCommand ("7"ms) [Parameters=["@__apiKey_0='245f0b3c-bf54-4fea-ac44-e7d7b4fef11e' (Size = 4000)"], CommandType='Text', CommandTimeout='30']"
""SELECT TOP(1) [e].[Id], [e].[ApiKey], [e].[DepartmentId], [e].[Email], [e].[HmacSecretEncrypted], [e].[ManagerId], [e].[Name], [e].[PasswordHash], [e].[Salary], [e].[role]
FROM [Employees] AS [e]
WHERE [e].[ApiKey] = @__apiKey_0"
2026-03-25 16:50:59 [Information] [TraceId: 535cf2d6d5584f5c81b7b9cded69656d] Decrypting data using HMAC service.
2026-03-25 16:50:59 [Information] [TraceId: 535cf2d6d5584f5c81b7b9cded69656d] Verifying HMAC signature.
2026-03-25 16:50:59 [Information] [TraceId: 535cf2d6d5584f5c81b7b9cded69656d] Generating HMAC signature.
2026-03-25 16:50:59 [Information] [TraceId: 535cf2d6d5584f5c81b7b9cded69656d] Request finished "HTTP/1.1" "GET" "http"://"localhost:5062""""/api/Employees""" - 401 0 null 211.803ms
2026-03-25 16:51:53 [Information] [TraceId: c8b89a4c7fbcdc153be21d544e99ffae] Request starting "HTTP/1.1" "POST" "http"://"localhost:5062""""/api/Auth/login""" - "application/json" 55
2026-03-25 16:51:53 [Information] [TraceId: c8b89a4c7fbcdc153be21d544e99ffae] Failed to validate the token.
Microsoft.IdentityModel.Tokens.SecurityTokenExpiredException: IDX10223: Lifetime validation failed. The token is expired. ValidTo (UTC): '25-03-2026 11:13:57', Current time (UTC): '25-03-2026 11:21:53'.
   at Microsoft.IdentityModel.Tokens.ValidatorUtilities.ValidateLifetime(Nullable`1 notBefore, Nullable`1 expires, SecurityToken securityToken, TokenValidationParameters validationParameters)
   at Microsoft.IdentityModel.Tokens.Validators.ValidateLifetime(Nullable`1 notBefore, Nullable`1 expires, SecurityToken securityToken, TokenValidationParameters validationParameters)
   at Microsoft.IdentityModel.JsonWebTokens.JsonWebTokenHandler.ValidateTokenPayloadAsync(JsonWebToken jsonWebToken, TokenValidationParameters validationParameters, BaseConfiguration configuration)
   at Microsoft.IdentityModel.JsonWebTokens.JsonWebTokenHandler.ValidateJWSAsync(JsonWebToken jsonWebToken, TokenValidationParameters validationParameters, BaseConfiguration configuration)
2026-03-25 16:51:53 [Information] [TraceId: c8b89a4c7fbcdc153be21d544e99ffae] "Bearer" was not authenticated. Failure message: "IDX10223: Lifetime validation failed. The token is expired. ValidTo (UTC): '25-03-2026 11:13:57', Current time (UTC): '25-03-2026 11:21:53'."
2026-03-25 16:51:53 [Information] [TraceId: c8b89a4c7fbcdc153be21d544e99ffae] Executing endpoint '"AuthController.Login (MyApi)"'
2026-03-25 16:51:53 [Information] [TraceId: c8b89a4c7fbcdc153be21d544e99ffae] Route matched with "{action = \"Login\", controller = \"Auth\"}". Executing controller action with signature "System.Threading.Tasks.Task`1[Microsoft.AspNetCore.Mvc.IActionResult] Login(MyApi.DTO.Employee.Logindto)" on controller "AuthController" ("MyApi").
2026-03-25 16:51:53 [Information] [TraceId: c8b89a4c7fbcdc153be21d544e99ffae] Login requested for email "hmac@gmail.com".
2026-03-25 16:51:53 [Information] [TraceId: c8b89a4c7fbcdc153be21d544e99ffae] Fetching employee by email from repository (email="hmac@gmail.com").
2026-03-25 16:51:53 [Information] [TraceId: c8b89a4c7fbcdc153be21d544e99ffae] Executed DbCommand ("27"ms) [Parameters=["@__email_0='hmac@gmail.com' (Size = 450)"], CommandType='Text', CommandTimeout='30']"
""SELECT TOP(1) [e].[Id], [e].[ApiKey], [e].[DepartmentId], [e].[Email], [e].[HmacSecretEncrypted], [e].[ManagerId], [e].[Name], [e].[PasswordHash], [e].[Salary], [e].[role], [d].[Id], [d].[CompanyId], [d].[ManagerId], [d].[Name], [e0].[Id], [e0].[ApiKey], [e0].[DepartmentId], [e0].[Email], [e0].[HmacSecretEncrypted], [e0].[ManagerId], [e0].[Name], [e0].[PasswordHash], [e0].[Salary], [e0].[role]
FROM [Employees] AS [e]
INNER JOIN [Departments] AS [d] ON [e].[DepartmentId] = [d].[Id]
LEFT JOIN [Employees] AS [e0] ON [e].[ManagerId] = [e0].[Id]
WHERE [e].[Email] = @__email_0"
2026-03-25 16:51:54 [Information] [TraceId: c8b89a4c7fbcdc153be21d544e99ffae] Creating access token for employee (id=1021, email="hmac@gmail.com").
2026-03-25 16:51:54 [Information] [TraceId: c8b89a4c7fbcdc153be21d544e99ffae] Generating refresh token.
2026-03-25 16:51:54 [Information] [TraceId: c8b89a4c7fbcdc153be21d544e99ffae] Creating refresh token entity for employee (id=1021).
2026-03-25 16:51:54 [Information] [TraceId: c8b89a4c7fbcdc153be21d544e99ffae] Hashing refresh token.
2026-03-25 16:51:54 [Information] [TraceId: c8b89a4c7fbcdc153be21d544e99ffae] Persisting refresh token for employee (employeeId=1021, expires=04/01/2026 11:21:54).
2026-03-25 16:51:54 [Information] [TraceId: c8b89a4c7fbcdc153be21d544e99ffae] Executed DbCommand ("25"ms) [Parameters=["@p0='1021', @p1='2026-04-01T11:21:54.2491867Z', @p2='False', @p3='SJzQmvWEsU/Yb7VdvmHley6fS7kXyLXMmIrl3sbfkjE=' (Nullable = false) (Size = 4000)"], CommandType='Text', CommandTimeout='30']"
""SET IMPLICIT_TRANSACTIONS OFF;
SET NOCOUNT ON;
INSERT INTO [RefreshTokens] ([EmployeeId], [Expires], [IsRevoked], [Token])
OUTPUT INSERTED.[Id]
VALUES (@p0, @p1, @p2, @p3);"
2026-03-25 16:51:54 [Information] [TraceId: c8b89a4c7fbcdc153be21d544e99ffae] Login succeeded for employee (id=1021, email="hmac@gmail.com").
2026-03-25 16:51:54 [Information] [TraceId: c8b89a4c7fbcdc153be21d544e99ffae] Executing "OkObjectResult", writing value of type '"<>f__AnonymousType1`2[[System.String, System.Private.CoreLib, Version=8.0.0.0, Culture=neutral, PublicKeyToken=7cec85d7bea7798e],[System.String, System.Private.CoreLib, Version=8.0.0.0, Culture=neutral, PublicKeyToken=7cec85d7bea7798e]]"'.
2026-03-25 16:51:54 [Information] [TraceId: c8b89a4c7fbcdc153be21d544e99ffae] Executed action "AuthController.Login (MyApi)" in 1041.5835ms
2026-03-25 16:51:54 [Information] [TraceId: c8b89a4c7fbcdc153be21d544e99ffae] Executed endpoint '"AuthController.Login (MyApi)"'
2026-03-25 16:51:54 [Information] [TraceId: c8b89a4c7fbcdc153be21d544e99ffae] Request finished "HTTP/1.1" "POST" "http"://"localhost:5062""""/api/Auth/login""" - 200 null "application/json; charset=utf-8" 1522.1827ms
2026-03-25 16:52:08 [Information] [TraceId: 912487246031fe1b7b6c237fac94f597] Request starting "HTTP/1.1" "GET" "http"://"localhost:5062""""/api/Employees""" - null null
2026-03-25 16:52:08 [Information] [TraceId: 912487246031fe1b7b6c237fac94f597] Executed DbCommand ("11"ms) [Parameters=["@__apiKey_0='245f0b3c-bf54-4fea-ac44-e7d7b4fef11e' (Size = 4000)"], CommandType='Text', CommandTimeout='30']"
""SELECT TOP(1) [e].[Id], [e].[ApiKey], [e].[DepartmentId], [e].[Email], [e].[HmacSecretEncrypted], [e].[ManagerId], [e].[Name], [e].[PasswordHash], [e].[Salary], [e].[role]
FROM [Employees] AS [e]
WHERE [e].[ApiKey] = @__apiKey_0"
2026-03-25 16:52:08 [Information] [TraceId: 912487246031fe1b7b6c237fac94f597] Decrypting data using HMAC service.
2026-03-25 16:52:08 [Information] [TraceId: 912487246031fe1b7b6c237fac94f597] Verifying HMAC signature.
2026-03-25 16:52:08 [Information] [TraceId: 912487246031fe1b7b6c237fac94f597] Generating HMAC signature.
2026-03-25 16:52:08 [Information] [TraceId: 912487246031fe1b7b6c237fac94f597] Request finished "HTTP/1.1" "GET" "http"://"localhost:5062""""/api/Employees""" - 401 0 null 84.2298ms
2026-03-25 16:56:43 [Information] [TraceId: ] Server laptop-2j11tsn1:198744:240298b3 caught stopping signal...
2026-03-25 16:56:43 [Information] [TraceId: ] Application is shutting down...
2026-03-25 16:56:43 [Information] [TraceId: ] Server laptop-2j11tsn1:198744:240298b3 caught stopped signal...
2026-03-25 16:56:43 [Information] [TraceId: ] Server laptop-2j11tsn1:198744:240298b3 All dispatchers stopped
2026-03-25 16:56:44 [Information] [TraceId: ] Server laptop-2j11tsn1:198744:240298b3 successfully reported itself as stopped in 15.4622 ms
2026-03-25 16:56:44 [Information] [TraceId: ] Server laptop-2j11tsn1:198744:240298b3 has been stopped in total 983.2673 ms
2026-03-25 16:57:06 [Information] [TraceId: ] Start installing Hangfire SQL objects...
2026-03-25 16:57:08 [Information] [TraceId: ] Hangfire SQL objects installed.
2026-03-25 16:57:09 [Information] [TraceId: ] User profile is available. Using '"C:\Users\HP\AppData\Local\ASP.NET\DataProtection-Keys"' as key repository and Windows DPAPI to encrypt keys at rest.
2026-03-25 16:57:09 [Information] [TraceId: ] Now listening on: "http://localhost:5062"
2026-03-25 16:57:09 [Information] [TraceId: ] Starting Hangfire Server using job storage: 'SQL Server: LAPTOP-2J11TSN1@employeeDb'
2026-03-25 16:57:09 [Information] [TraceId: ] Using the following options for SQL Server job storage: Queue poll interval: 00:00:00.
2026-03-25 16:57:09 [Information] [TraceId: ] Using the following options for Hangfire Server:
    Worker count: 20
    Listening queues: 'default'
    Shutdown timeout: 00:00:15
    Schedule polling interval: 00:00:15
2026-03-25 16:57:09 [Information] [TraceId: ] Application started. Press Ctrl+C to shut down.
2026-03-25 16:57:09 [Information] [TraceId: ] Hosting environment: "Development"
2026-03-25 16:57:09 [Information] [TraceId: ] Content root path: "C:\Users\HP\Desktop\asp.net\MyApi"
2026-03-25 16:57:09 [Information] [TraceId: ] Server laptop-2j11tsn1:218360:a53cf2d4 successfully announced in 290.2965 ms
2026-03-25 16:57:09 [Information] [TraceId: ] Server laptop-2j11tsn1:218360:a53cf2d4 is starting the registered dispatchers: ServerWatchdog, ServerJobCancellationWatcher, SqlServerHeartbeatProcess, ExpirationManager, CountersAggregator, Worker, DelayedJobScheduler, RecurringJobScheduler...
2026-03-25 16:57:10 [Information] [TraceId: ] Server laptop-2j11tsn1:218360:a53cf2d4 all the dispatchers started
2026-03-25 16:57:12 [Information] [TraceId: 54509c2a2a1774479cd5feb056a4ad05] Request starting "HTTP/1.1" "GET" "http"://"localhost:5062""""/""" - null null
2026-03-25 16:57:12 [Warning] [TraceId: 54509c2a2a1774479cd5feb056a4ad05] Failed to determine the https port for redirect.
2026-03-25 16:57:13 [Information] [TraceId: 54509c2a2a1774479cd5feb056a4ad05] Request finished "HTTP/1.1" "GET" "http"://"localhost:5062""""/""" - 401 null null 744.5903ms
2026-03-25 16:57:13 [Information] [TraceId: 3f2ef661be1c7f6f50692787c54e1d1d] Request starting "HTTP/1.1" "GET" "http"://"localhost:5062""""/favicon.ico""" - null null
2026-03-25 16:57:13 [Information] [TraceId: 3f2ef661be1c7f6f50692787c54e1d1d] Request finished "HTTP/1.1" "GET" "http"://"localhost:5062""""/favicon.ico""" - 401 null null 33.9281ms
2026-03-25 16:57:16 [Information] [TraceId: 966ec64f2b8db00ba0bdea135f042f7e] Request starting "HTTP/1.1" "GET" "http"://"localhost:5062""""/swagger/index.html""" - null null
2026-03-25 16:57:16 [Information] [TraceId: 966ec64f2b8db00ba0bdea135f042f7e] Request finished "HTTP/1.1" "GET" "http"://"localhost:5062""""/swagger/index.html""" - 200 null "text/html;charset=utf-8" 380.0238ms
2026-03-25 16:57:16 [Information] [TraceId: cf14eb5ffd80c13d67d5bf02791563f6] Request starting "HTTP/1.1" "GET" "http"://"localhost:5062""""/swagger/v1/swagger.json""" - null null
2026-03-25 16:57:17 [Information] [TraceId: cf14eb5ffd80c13d67d5bf02791563f6] Request finished "HTTP/1.1" "GET" "http"://"localhost:5062""""/swagger/v1/swagger.json""" - 200 null "application/json;charset=utf-8" 366.7586ms
2026-03-25 16:57:30 [Information] [TraceId: 73ee908203e600672b6a87c59ec36e82] Request starting "HTTP/1.1" "POST" "http"://"localhost:5062""""/api/Auth/login""" - "application/json" 55
2026-03-25 16:57:31 [Information] [TraceId: 73ee908203e600672b6a87c59ec36e82] Executing endpoint '"AuthController.Login (MyApi)"'
2026-03-25 16:57:31 [Information] [TraceId: 73ee908203e600672b6a87c59ec36e82] Route matched with "{action = \"Login\", controller = \"Auth\"}". Executing controller action with signature "System.Threading.Tasks.Task`1[Microsoft.AspNetCore.Mvc.IActionResult] Login(MyApi.DTO.Employee.Logindto)" on controller "AuthController" ("MyApi").
2026-03-25 16:57:31 [Information] [TraceId: 73ee908203e600672b6a87c59ec36e82] Login requested for email "hmac@gmail.com".
2026-03-25 16:57:31 [Information] [TraceId: 73ee908203e600672b6a87c59ec36e82] Fetching employee by email from repository (email="hmac@gmail.com").
2026-03-25 16:57:33 [Warning] [TraceId: 73ee908203e600672b6a87c59ec36e82] Sensitive data logging is enabled. Log entries and exception messages may include sensitive application data; this mode should only be enabled during development.
2026-03-25 16:57:35 [Information] [TraceId: 73ee908203e600672b6a87c59ec36e82] Executed DbCommand ("141"ms) [Parameters=["@__email_0='hmac@gmail.com' (Size = 450)"], CommandType='Text', CommandTimeout='30']"
""SELECT TOP(1) [e].[Id], [e].[ApiKey], [e].[DepartmentId], [e].[Email], [e].[HmacSecretEncrypted], [e].[ManagerId], [e].[Name], [e].[PasswordHash], [e].[Salary], [e].[role], [d].[Id], [d].[CompanyId], [d].[ManagerId], [d].[Name], [e0].[Id], [e0].[ApiKey], [e0].[DepartmentId], [e0].[Email], [e0].[HmacSecretEncrypted], [e0].[ManagerId], [e0].[Name], [e0].[PasswordHash], [e0].[Salary], [e0].[role]
FROM [Employees] AS [e]
INNER JOIN [Departments] AS [d] ON [e].[DepartmentId] = [d].[Id]
LEFT JOIN [Employees] AS [e0] ON [e].[ManagerId] = [e0].[Id]
WHERE [e].[Email] = @__email_0"
2026-03-25 16:57:35 [Information] [TraceId: 73ee908203e600672b6a87c59ec36e82] Creating access token for employee (id=1021, email="hmac@gmail.com").
2026-03-25 16:57:36 [Information] [TraceId: 73ee908203e600672b6a87c59ec36e82] Generating refresh token.
2026-03-25 16:57:36 [Information] [TraceId: 73ee908203e600672b6a87c59ec36e82] Creating refresh token entity for employee (id=1021).
2026-03-25 16:57:36 [Information] [TraceId: 73ee908203e600672b6a87c59ec36e82] Hashing refresh token.
2026-03-25 16:57:36 [Information] [TraceId: 73ee908203e600672b6a87c59ec36e82] Persisting refresh token for employee (employeeId=1021, expires=04/01/2026 11:27:36).
2026-03-25 16:57:36 [Information] [TraceId: 73ee908203e600672b6a87c59ec36e82] Executed DbCommand ("21"ms) [Parameters=["@p0='1021', @p1='2026-04-01T11:27:36.1267386Z', @p2='False', @p3='xngIo997Q5t2bqzMtYFp/D6cuhBuoCq9KMP7UeSeT7Y=' (Nullable = false) (Size = 4000)"], CommandType='Text', CommandTimeout='30']"
""SET IMPLICIT_TRANSACTIONS OFF;
SET NOCOUNT ON;
INSERT INTO [RefreshTokens] ([EmployeeId], [Expires], [IsRevoked], [Token])
OUTPUT INSERTED.[Id]
VALUES (@p0, @p1, @p2, @p3);"
2026-03-25 16:57:36 [Information] [TraceId: 73ee908203e600672b6a87c59ec36e82] Login succeeded for employee (id=1021, email="hmac@gmail.com").
2026-03-25 16:57:36 [Information] [TraceId: 73ee908203e600672b6a87c59ec36e82] Executing "OkObjectResult", writing value of type '"<>f__AnonymousType1`2[[System.String, System.Private.CoreLib, Version=8.0.0.0, Culture=neutral, PublicKeyToken=7cec85d7bea7798e],[System.String, System.Private.CoreLib, Version=8.0.0.0, Culture=neutral, PublicKeyToken=7cec85d7bea7798e]]"'.
2026-03-25 16:57:36 [Information] [TraceId: 73ee908203e600672b6a87c59ec36e82] Executed action "AuthController.Login (MyApi)" in 5072.825ms
2026-03-25 16:57:36 [Information] [TraceId: 73ee908203e600672b6a87c59ec36e82] Executed endpoint '"AuthController.Login (MyApi)"'
2026-03-25 16:57:36 [Information] [TraceId: 73ee908203e600672b6a87c59ec36e82] Request finished "HTTP/1.1" "POST" "http"://"localhost:5062""""/api/Auth/login""" - 200 null "application/json; charset=utf-8" 5961.8453ms
2026-03-25 16:57:50 [Information] [TraceId: f4e866d1445c744365f2bf31dda6388d] Request starting "HTTP/1.1" "GET" "http"://"localhost:5062""""/api/Employees""" - null null
2026-03-25 16:57:51 [Information] [TraceId: f4e866d1445c744365f2bf31dda6388d] Executed DbCommand ("20"ms) [Parameters=["@__apiKey_0='245f0b3c-bf54-4fea-ac44-e7d7b4fef11e' (Size = 4000)"], CommandType='Text', CommandTimeout='30']"
""SELECT TOP(1) [e].[Id], [e].[ApiKey], [e].[DepartmentId], [e].[Email], [e].[HmacSecretEncrypted], [e].[ManagerId], [e].[Name], [e].[PasswordHash], [e].[Salary], [e].[role]
FROM [Employees] AS [e]
WHERE [e].[ApiKey] = @__apiKey_0"
2026-03-25 16:57:51 [Information] [TraceId: f4e866d1445c744365f2bf31dda6388d] Decrypting data using HMAC service.
2026-03-25 16:57:51 [Information] [TraceId: f4e866d1445c744365f2bf31dda6388d] Verifying HMAC signature.
2026-03-25 16:57:51 [Information] [TraceId: f4e866d1445c744365f2bf31dda6388d] Generating HMAC signature.
2026-03-25 16:57:51 [Information] [TraceId: f4e866d1445c744365f2bf31dda6388d] Executing endpoint '"EmployeesController.GetEmployees (MyApi)"'
2026-03-25 16:57:51 [Information] [TraceId: f4e866d1445c744365f2bf31dda6388d] Route matched with "{action = \"GetEmployees\", controller = \"Employees\"}". Executing controller action with signature "System.Threading.Tasks.Task`1[Microsoft.AspNetCore.Mvc.IActionResult] GetEmployees(MyApi.DTO.Employee.EmployeeQueryDto)" on controller "EmployeesController" ("MyApi").
2026-03-25 16:57:51 [Information] [TraceId: f4e866d1445c744365f2bf31dda6388d] GetEmployees called (search=null, departmentId=null, minSalary=null, page=1, pageSize=20, sortBy=null, desc=False).
2026-03-25 16:57:51 [Information] [TraceId: f4e866d1445c744365f2bf31dda6388d] Fetching employees with query (search=null, departmentId=null, minSalary=null, page=1, pageSize=20, sortBy=null, desc=False).
2026-03-25 16:57:51 [Information] [TraceId: f4e866d1445c744365f2bf31dda6388d] Building employee queryable in repository.
2026-03-25 16:57:51 [Information] [TraceId: f4e866d1445c744365f2bf31dda6388d] Executed DbCommand ("32"ms) [Parameters=[""], CommandType='Text', CommandTimeout='30']"
""SELECT COUNT(*)
FROM [Employees] AS [e]"
2026-03-25 16:57:52 [Information] [TraceId: f4e866d1445c744365f2bf31dda6388d] Executed DbCommand ("33"ms) [Parameters=["@__p_0='0', @__p_1='20'"], CommandType='Text', CommandTimeout='30']"
""SELECT [t].[Id], [t].[Name], [t].[Email], [d].[Name] AS [DepartmentName], [t].[Salary], [e0].[Name] AS [ManagerName]
FROM (
    SELECT [e].[Id], [e].[DepartmentId], [e].[Email], [e].[ManagerId], [e].[Name], [e].[Salary]
    FROM [Employees] AS [e]
    ORDER BY [e].[Id]
    OFFSET @__p_0 ROWS FETCH NEXT @__p_1 ROWS ONLY
) AS [t]
INNER JOIN [Departments] AS [d] ON [t].[DepartmentId] = [d].[Id]
LEFT JOIN [Employees] AS [e0] ON [t].[ManagerId] = [e0].[Id]
ORDER BY [t].[Id]"
2026-03-25 16:57:52 [Information] [TraceId: f4e866d1445c744365f2bf31dda6388d] Employee query completed with 12 results out of 12.
2026-03-25 16:57:52 [Information] [TraceId: f4e866d1445c744365f2bf31dda6388d] Executing "OkObjectResult", writing value of type '"<>f__AnonymousType16`4[[System.Int32, System.Private.CoreLib, Version=8.0.0.0, Culture=neutral, PublicKeyToken=7cec85d7bea7798e],[System.Int32, System.Private.CoreLib, Version=8.0.0.0, Culture=neutral, PublicKeyToken=7cec85d7bea7798e],[System.Int32, System.Private.CoreLib, Version=8.0.0.0, Culture=neutral, PublicKeyToken=7cec85d7bea7798e],[System.Collections.Generic.List`1[[MyApi.DTO.Employee.Reademployeedto, MyApi, Version=1.0.0.0, Culture=neutral, PublicKeyToken=null]], System.Private.CoreLib, Version=8.0.0.0, Culture=neutral, PublicKeyToken=7cec85d7bea7798e]]"'.
2026-03-25 16:57:52 [Information] [TraceId: f4e866d1445c744365f2bf31dda6388d] Executed action "EmployeesController.GetEmployees (MyApi)" in 973.4543ms
2026-03-25 16:57:52 [Information] [TraceId: f4e866d1445c744365f2bf31dda6388d] Executed endpoint '"EmployeesController.GetEmployees (MyApi)"'
2026-03-25 16:57:52 [Information] [TraceId: f4e866d1445c744365f2bf31dda6388d] Request finished "HTTP/1.1" "GET" "http"://"localhost:5062""""/api/Employees""" - 200 null "application/json; charset=utf-8" 1581.7006ms
2026-03-25 16:58:55 [Information] [TraceId: ] Server laptop-2j11tsn1:218360:a53cf2d4 caught stopping signal...
2026-03-25 16:58:55 [Information] [TraceId: ] Application is shutting down...
2026-03-25 16:58:56 [Information] [TraceId: ] Server laptop-2j11tsn1:218360:a53cf2d4 All dispatchers stopped
2026-03-25 16:58:56 [Information] [TraceId: ] Server laptop-2j11tsn1:218360:a53cf2d4 successfully reported itself as stopped in 9.9646 ms
2026-03-25 16:58:56 [Information] [TraceId: ] Server laptop-2j11tsn1:218360:a53cf2d4 has been stopped in total 457.195 ms
2026-03-25 16:59:09 [Information] [TraceId: ] Start installing Hangfire SQL objects...
2026-03-25 16:59:10 [Information] [TraceId: ] Hangfire SQL objects installed.
2026-03-25 16:59:10 [Information] [TraceId: ] User profile is available. Using '"C:\Users\HP\AppData\Local\ASP.NET\DataProtection-Keys"' as key repository and Windows DPAPI to encrypt keys at rest.
2026-03-25 16:59:11 [Information] [TraceId: ] Now listening on: "http://localhost:5062"
2026-03-25 16:59:11 [Information] [TraceId: ] Starting Hangfire Server using job storage: 'SQL Server: LAPTOP-2J11TSN1@employeeDb'
2026-03-25 16:59:11 [Information] [TraceId: ] Using the following options for SQL Server job storage: Queue poll interval: 00:00:00.
2026-03-25 16:59:11 [Information] [TraceId: ] Using the following options for Hangfire Server:
    Worker count: 20
    Listening queues: 'default'
    Shutdown timeout: 00:00:15
    Schedule polling interval: 00:00:15
2026-03-25 16:59:11 [Information] [TraceId: ] Application started. Press Ctrl+C to shut down.
2026-03-25 16:59:11 [Information] [TraceId: ] Hosting environment: "Development"
2026-03-25 16:59:11 [Information] [TraceId: ] Content root path: "C:\Users\HP\Desktop\asp.net\MyApi"
2026-03-25 16:59:11 [Information] [TraceId: ] Server laptop-2j11tsn1:205728:5a8aa043 successfully announced in 130.0687 ms
2026-03-25 16:59:11 [Information] [TraceId: ] Server laptop-2j11tsn1:205728:5a8aa043 is starting the registered dispatchers: ServerWatchdog, ServerJobCancellationWatcher, SqlServerHeartbeatProcess, ExpirationManager, CountersAggregator, Worker, DelayedJobScheduler, RecurringJobScheduler...
2026-03-25 16:59:11 [Information] [TraceId: ] Server laptop-2j11tsn1:205728:5a8aa043 all the dispatchers started
2026-03-25 16:59:35 [Information] [TraceId: 5ad6e9c2b10ce04304df2cd42232db6a] Request starting "HTTP/1.1" "GET" "http"://"localhost:5062""""/swagger/index.html""" - null null
2026-03-25 16:59:35 [Information] [TraceId: 5ad6e9c2b10ce04304df2cd42232db6a] Request finished "HTTP/1.1" "GET" "http"://"localhost:5062""""/swagger/index.html""" - 200 null "text/html;charset=utf-8" 762.7648ms
2026-03-25 16:59:35 [Information] [TraceId: 627fe44be99454f233fa8bf0a0e0a938] Request starting "HTTP/1.1" "GET" "http"://"localhost:5062""""/swagger/v1/swagger.json""" - null null
2026-03-25 16:59:36 [Information] [TraceId: 627fe44be99454f233fa8bf0a0e0a938] Request finished "HTTP/1.1" "GET" "http"://"localhost:5062""""/swagger/v1/swagger.json""" - 200 null "application/json;charset=utf-8" 391.5507ms
2026-03-25 16:59:47 [Information] [TraceId: 92acc27b8c9bb32352c07897b89e67c2] Request starting "HTTP/1.1" "POST" "http"://"localhost:5062""""/api/Auth/login""" - "application/json" 55
2026-03-25 16:59:47 [Warning] [TraceId: 92acc27b8c9bb32352c07897b89e67c2] Failed to determine the https port for redirect.
2026-03-25 16:59:48 [Information] [TraceId: 92acc27b8c9bb32352c07897b89e67c2] Executing endpoint '"AuthController.Login (MyApi)"'
2026-03-25 16:59:48 [Information] [TraceId: 92acc27b8c9bb32352c07897b89e67c2] Route matched with "{action = \"Login\", controller = \"Auth\"}". Executing controller action with signature "System.Threading.Tasks.Task`1[Microsoft.AspNetCore.Mvc.IActionResult] Login(MyApi.DTO.Employee.Logindto)" on controller "AuthController" ("MyApi").
2026-03-25 16:59:48 [Information] [TraceId: 92acc27b8c9bb32352c07897b89e67c2] Login requested for email "hmac@gmail.com".
2026-03-25 16:59:48 [Information] [TraceId: 92acc27b8c9bb32352c07897b89e67c2] Fetching employee by email from repository (email="hmac@gmail.com").
2026-03-25 16:59:49 [Warning] [TraceId: 92acc27b8c9bb32352c07897b89e67c2] Sensitive data logging is enabled. Log entries and exception messages may include sensitive application data; this mode should only be enabled during development.
2026-03-25 16:59:51 [Information] [TraceId: 92acc27b8c9bb32352c07897b89e67c2] Executed DbCommand ("36"ms) [Parameters=["@__email_0='hmac@gmail.com' (Size = 450)"], CommandType='Text', CommandTimeout='30']"
""SELECT TOP(1) [e].[Id], [e].[ApiKey], [e].[DepartmentId], [e].[Email], [e].[HmacSecretEncrypted], [e].[ManagerId], [e].[Name], [e].[PasswordHash], [e].[Salary], [e].[role], [d].[Id], [d].[CompanyId], [d].[ManagerId], [d].[Name], [e0].[Id], [e0].[ApiKey], [e0].[DepartmentId], [e0].[Email], [e0].[HmacSecretEncrypted], [e0].[ManagerId], [e0].[Name], [e0].[PasswordHash], [e0].[Salary], [e0].[role]
FROM [Employees] AS [e]
INNER JOIN [Departments] AS [d] ON [e].[DepartmentId] = [d].[Id]
LEFT JOIN [Employees] AS [e0] ON [e].[ManagerId] = [e0].[Id]
WHERE [e].[Email] = @__email_0"
2026-03-25 16:59:52 [Information] [TraceId: 92acc27b8c9bb32352c07897b89e67c2] Creating access token for employee (id=1021, email="hmac@gmail.com").
2026-03-25 16:59:52 [Information] [TraceId: 92acc27b8c9bb32352c07897b89e67c2] Generating refresh token.
2026-03-25 16:59:52 [Information] [TraceId: 92acc27b8c9bb32352c07897b89e67c2] Creating refresh token entity for employee (id=1021).
2026-03-25 16:59:52 [Information] [TraceId: 92acc27b8c9bb32352c07897b89e67c2] Hashing refresh token.
2026-03-25 16:59:52 [Information] [TraceId: 92acc27b8c9bb32352c07897b89e67c2] Persisting refresh token for employee (employeeId=1021, expires=04/01/2026 11:29:52).
2026-03-25 16:59:53 [Information] [TraceId: 92acc27b8c9bb32352c07897b89e67c2] Executed DbCommand ("51"ms) [Parameters=["@p0='1021', @p1='2026-04-01T11:29:52.6747935Z', @p2='False', @p3='gGXPxMMvII1W9zEm3Qd7Y3dnrQyGjItSLsMd2uEstmo=' (Nullable = false) (Size = 4000)"], CommandType='Text', CommandTimeout='30']"
""SET IMPLICIT_TRANSACTIONS OFF;
SET NOCOUNT ON;
INSERT INTO [RefreshTokens] ([EmployeeId], [Expires], [IsRevoked], [Token])
OUTPUT INSERTED.[Id]
VALUES (@p0, @p1, @p2, @p3);"
2026-03-25 16:59:53 [Information] [TraceId: 92acc27b8c9bb32352c07897b89e67c2] Login succeeded for employee (id=1021, email="hmac@gmail.com").
2026-03-25 16:59:53 [Information] [TraceId: 92acc27b8c9bb32352c07897b89e67c2] Executing "OkObjectResult", writing value of type '"<>f__AnonymousType1`2[[System.String, System.Private.CoreLib, Version=8.0.0.0, Culture=neutral, PublicKeyToken=7cec85d7bea7798e],[System.String, System.Private.CoreLib, Version=8.0.0.0, Culture=neutral, PublicKeyToken=7cec85d7bea7798e]]"'.
2026-03-25 16:59:53 [Information] [TraceId: 92acc27b8c9bb32352c07897b89e67c2] Executed action "AuthController.Login (MyApi)" in 5194.4656ms
2026-03-25 16:59:53 [Information] [TraceId: 92acc27b8c9bb32352c07897b89e67c2] Executed endpoint '"AuthController.Login (MyApi)"'
2026-03-25 16:59:53 [Information] [TraceId: 92acc27b8c9bb32352c07897b89e67c2] Request finished "HTTP/1.1" "POST" "http"://"localhost:5062""""/api/Auth/login""" - 200 null "application/json; charset=utf-8" 6185.3649ms
2026-03-25 17:00:06 [Information] [TraceId: d054974a557cd01dc617d26dedaba313] Request starting "HTTP/1.1" "GET" "http"://"localhost:5062""""/api/dapper-employees/all""" - null null
2026-03-25 17:00:06 [Information] [TraceId: d054974a557cd01dc617d26dedaba313] Executing endpoint '"DapperEmployeesController.GetAllEmployees (MyApi)"'
2026-03-25 17:00:07 [Information] [TraceId: d054974a557cd01dc617d26dedaba313] Route matched with "{action = \"GetAllEmployees\", controller = \"DapperEmployees\"}". Executing controller action with signature "System.Threading.Tasks.Task`1[Microsoft.AspNetCore.Mvc.IActionResult] GetAllEmployees()" on controller "DapperEmployeesController" ("MyApi").
2026-03-25 17:00:07 [Information] [TraceId: d054974a557cd01dc617d26dedaba313] Dapper GetAllEmployees called.
2026-03-25 17:00:07 [Information] [TraceId: d054974a557cd01dc617d26dedaba313] Fetching all employees through Dapper service.
2026-03-25 17:00:07 [Information] [TraceId: d054974a557cd01dc617d26dedaba313] Fetching all employees with Dapper.
2026-03-25 17:00:07 [Information] [TraceId: d054974a557cd01dc617d26dedaba313] Executing "OkObjectResult", writing value of type '"System.Collections.Generic.List`1[[MyApi.DTO.Employee.Reademployeedto, MyApi, Version=1.0.0.0, Culture=neutral, PublicKeyToken=null]]"'.
2026-03-25 17:00:07 [Information] [TraceId: d054974a557cd01dc617d26dedaba313] Executed action "DapperEmployeesController.GetAllEmployees (MyApi)" in 548.4642ms
2026-03-25 17:00:07 [Information] [TraceId: d054974a557cd01dc617d26dedaba313] Executed endpoint '"DapperEmployeesController.GetAllEmployees (MyApi)"'
2026-03-25 17:00:07 [Information] [TraceId: d054974a557cd01dc617d26dedaba313] Request finished "HTTP/1.1" "GET" "http"://"localhost:5062""""/api/dapper-employees/all""" - 200 null "application/json; charset=utf-8" 1380.9824ms
2026-03-25 17:00:20 [Information] [TraceId: 3958208f9620f421bc8732219b726f0e] Request starting "HTTP/1.1" "GET" "http"://"localhost:5062""""/api/Employees""" - null null
2026-03-25 17:00:20 [Information] [TraceId: 3958208f9620f421bc8732219b726f0e] Executed DbCommand ("12"ms) [Parameters=["@__apiKey_0='245f0b3c-bf54-4fea-ac44-e7d7b4fef11e' (Size = 4000)"], CommandType='Text', CommandTimeout='30']"
""SELECT TOP(1) [e].[Id], [e].[ApiKey], [e].[DepartmentId], [e].[Email], [e].[HmacSecretEncrypted], [e].[ManagerId], [e].[Name], [e].[PasswordHash], [e].[Salary], [e].[role]
FROM [Employees] AS [e]
WHERE [e].[ApiKey] = @__apiKey_0"
2026-03-25 17:00:20 [Information] [TraceId: 3958208f9620f421bc8732219b726f0e] Decrypting data using HMAC service.
2026-03-25 17:00:20 [Information] [TraceId: 3958208f9620f421bc8732219b726f0e] Verifying HMAC signature.
2026-03-25 17:00:20 [Information] [TraceId: 3958208f9620f421bc8732219b726f0e] Generating HMAC signature.
2026-03-25 17:00:20 [Information] [TraceId: 3958208f9620f421bc8732219b726f0e] Executing endpoint '"EmployeesController.GetEmployees (MyApi)"'
2026-03-25 17:00:20 [Information] [TraceId: 3958208f9620f421bc8732219b726f0e] Route matched with "{action = \"GetEmployees\", controller = \"Employees\"}". Executing controller action with signature "System.Threading.Tasks.Task`1[Microsoft.AspNetCore.Mvc.IActionResult] GetEmployees(MyApi.DTO.Employee.EmployeeQueryDto)" on controller "EmployeesController" ("MyApi").
2026-03-25 17:00:20 [Information] [TraceId: 3958208f9620f421bc8732219b726f0e] GetEmployees called (search=null, departmentId=null, minSalary=null, page=1, pageSize=20, sortBy=null, desc=False).
2026-03-25 17:00:20 [Information] [TraceId: 3958208f9620f421bc8732219b726f0e] Fetching employees with query (search=null, departmentId=null, minSalary=null, page=1, pageSize=20, sortBy=null, desc=False).
2026-03-25 17:00:20 [Information] [TraceId: 3958208f9620f421bc8732219b726f0e] Building employee queryable in repository.
2026-03-25 17:00:21 [Information] [TraceId: 3958208f9620f421bc8732219b726f0e] Executed DbCommand ("14"ms) [Parameters=[""], CommandType='Text', CommandTimeout='30']"
""SELECT COUNT(*)
FROM [Employees] AS [e]"
2026-03-25 17:00:21 [Information] [TraceId: 3958208f9620f421bc8732219b726f0e] Executed DbCommand ("36"ms) [Parameters=["@__p_0='0', @__p_1='20'"], CommandType='Text', CommandTimeout='30']"
""SELECT [t].[Id], [t].[Name], [t].[Email], [d].[Name] AS [DepartmentName], [t].[Salary], [e0].[Name] AS [ManagerName]
FROM (
    SELECT [e].[Id], [e].[DepartmentId], [e].[Email], [e].[ManagerId], [e].[Name], [e].[Salary]
    FROM [Employees] AS [e]
    ORDER BY [e].[Id]
    OFFSET @__p_0 ROWS FETCH NEXT @__p_1 ROWS ONLY
) AS [t]
INNER JOIN [Departments] AS [d] ON [t].[DepartmentId] = [d].[Id]
LEFT JOIN [Employees] AS [e0] ON [t].[ManagerId] = [e0].[Id]
ORDER BY [t].[Id]"
2026-03-25 17:00:21 [Information] [TraceId: 3958208f9620f421bc8732219b726f0e] Employee query completed with 12 results out of 12.
2026-03-25 17:00:21 [Information] [TraceId: 3958208f9620f421bc8732219b726f0e] Executing "OkObjectResult", writing value of type '"<>f__AnonymousType16`4[[System.Int32, System.Private.CoreLib, Version=8.0.0.0, Culture=neutral, PublicKeyToken=7cec85d7bea7798e],[System.Int32, System.Private.CoreLib, Version=8.0.0.0, Culture=neutral, PublicKeyToken=7cec85d7bea7798e],[System.Int32, System.Private.CoreLib, Version=8.0.0.0, Culture=neutral, PublicKeyToken=7cec85d7bea7798e],[System.Collections.Generic.List`1[[MyApi.DTO.Employee.Reademployeedto, MyApi, Version=1.0.0.0, Culture=neutral, PublicKeyToken=null]], System.Private.CoreLib, Version=8.0.0.0, Culture=neutral, PublicKeyToken=7cec85d7bea7798e]]"'.
2026-03-25 17:00:21 [Information] [TraceId: 3958208f9620f421bc8732219b726f0e] Executed action "EmployeesController.GetEmployees (MyApi)" in 829.6333ms
2026-03-25 17:00:21 [Information] [TraceId: 3958208f9620f421bc8732219b726f0e] Executed endpoint '"EmployeesController.GetEmployees (MyApi)"'
2026-03-25 17:00:21 [Information] [TraceId: 3958208f9620f421bc8732219b726f0e] Request finished "HTTP/1.1" "GET" "http"://"localhost:5062""""/api/Employees""" - 200 null "application/json; charset=utf-8" 1360.5004ms
2026-03-25 17:00:29 [Information] [TraceId: 410b2c81abfc5ac1344b440de1c5b130] Request starting "HTTP/1.1" "GET" "http"://"localhost:5062""""/api/Employees/all""" - null null
2026-03-25 17:00:30 [Information] [TraceId: 410b2c81abfc5ac1344b440de1c5b130] Request finished "HTTP/1.1" "GET" "http"://"localhost:5062""""/api/Employees/all""" - 401 null null 305.6389ms
2026-03-25 17:18:34 [Information] [TraceId: 0ebb272e5abc801c475be11c65e817e2] Request starting "HTTP/1.1" "POST" "http"://"localhost:5062""""/api/Auth/login""" - "application/json" 55
2026-03-25 17:18:34 [Information] [TraceId: 0ebb272e5abc801c475be11c65e817e2] Executing endpoint '"AuthController.Login (MyApi)"'
2026-03-25 17:18:34 [Information] [TraceId: 0ebb272e5abc801c475be11c65e817e2] Route matched with "{action = \"Login\", controller = \"Auth\"}". Executing controller action with signature "System.Threading.Tasks.Task`1[Microsoft.AspNetCore.Mvc.IActionResult] Login(MyApi.DTO.Employee.Logindto)" on controller "AuthController" ("MyApi").
2026-03-25 17:18:34 [Information] [TraceId: 0ebb272e5abc801c475be11c65e817e2] Login requested for email "hmac@gmail.com".
2026-03-25 17:18:34 [Information] [TraceId: 0ebb272e5abc801c475be11c65e817e2] Fetching employee by email from repository (email="hmac@gmail.com").
2026-03-25 17:18:34 [Information] [TraceId: 0ebb272e5abc801c475be11c65e817e2] Executed DbCommand ("38"ms) [Parameters=["@__email_0='hmac@gmail.com' (Size = 450)"], CommandType='Text', CommandTimeout='30']"
""SELECT TOP(1) [e].[Id], [e].[ApiKey], [e].[DepartmentId], [e].[Email], [e].[HmacSecretEncrypted], [e].[ManagerId], [e].[Name], [e].[PasswordHash], [e].[Salary], [e].[role], [d].[Id], [d].[CompanyId], [d].[ManagerId], [d].[Name], [e0].[Id], [e0].[ApiKey], [e0].[DepartmentId], [e0].[Email], [e0].[HmacSecretEncrypted], [e0].[ManagerId], [e0].[Name], [e0].[PasswordHash], [e0].[Salary], [e0].[role]
FROM [Employees] AS [e]
INNER JOIN [Departments] AS [d] ON [e].[DepartmentId] = [d].[Id]
LEFT JOIN [Employees] AS [e0] ON [e].[ManagerId] = [e0].[Id]
WHERE [e].[Email] = @__email_0"
2026-03-25 17:18:35 [Information] [TraceId: 0ebb272e5abc801c475be11c65e817e2] Creating access token for employee (id=1021, email="hmac@gmail.com").
2026-03-25 17:18:35 [Information] [TraceId: 0ebb272e5abc801c475be11c65e817e2] Generating refresh token.
2026-03-25 17:18:35 [Information] [TraceId: 0ebb272e5abc801c475be11c65e817e2] Creating refresh token entity for employee (id=1021).
2026-03-25 17:18:35 [Information] [TraceId: 0ebb272e5abc801c475be11c65e817e2] Hashing refresh token.
2026-03-25 17:18:35 [Information] [TraceId: 0ebb272e5abc801c475be11c65e817e2] Persisting refresh token for employee (employeeId=1021, expires=04/01/2026 11:48:35).
2026-03-25 17:18:35 [Information] [TraceId: 0ebb272e5abc801c475be11c65e817e2] Executed DbCommand ("33"ms) [Parameters=["@p0='1021', @p1='2026-04-01T11:48:35.4932747Z', @p2='False', @p3='/2vY9xL8U0az7upJXBbI7uHgwLf60pfn8Ny9sFrZNNM=' (Nullable = false) (Size = 4000)"], CommandType='Text', CommandTimeout='30']"
""SET IMPLICIT_TRANSACTIONS OFF;
SET NOCOUNT ON;
INSERT INTO [RefreshTokens] ([EmployeeId], [Expires], [IsRevoked], [Token])
OUTPUT INSERTED.[Id]
VALUES (@p0, @p1, @p2, @p3);"
2026-03-25 17:18:35 [Information] [TraceId: 0ebb272e5abc801c475be11c65e817e2] Login succeeded for employee (id=1021, email="hmac@gmail.com").
2026-03-25 17:18:35 [Information] [TraceId: 0ebb272e5abc801c475be11c65e817e2] Executing "OkObjectResult", writing value of type '"<>f__AnonymousType1`2[[System.String, System.Private.CoreLib, Version=8.0.0.0, Culture=neutral, PublicKeyToken=7cec85d7bea7798e],[System.String, System.Private.CoreLib, Version=8.0.0.0, Culture=neutral, PublicKeyToken=7cec85d7bea7798e]]"'.
2026-03-25 17:18:35 [Information] [TraceId: 0ebb272e5abc801c475be11c65e817e2] Executed action "AuthController.Login (MyApi)" in 965.7151ms
2026-03-25 17:18:35 [Information] [TraceId: 0ebb272e5abc801c475be11c65e817e2] Executed endpoint '"AuthController.Login (MyApi)"'
2026-03-25 17:18:35 [Information] [TraceId: 0ebb272e5abc801c475be11c65e817e2] Request finished "HTTP/1.1" "POST" "http"://"localhost:5062""""/api/Auth/login""" - 200 null "application/json; charset=utf-8" 1383.2016ms
2026-03-25 17:18:45 [Information] [TraceId: fcdc00155c0a99231903eb60aecd48b8] Request starting "HTTP/1.1" "GET" "http"://"localhost:5062""""/api/Employees""" - null null
2026-03-25 17:18:45 [Information] [TraceId: fcdc00155c0a99231903eb60aecd48b8] Executed DbCommand ("9"ms) [Parameters=["@__apiKey_0='245f0b3c-bf54-4fea-ac44-e7d7b4fef11e' (Size = 4000)"], CommandType='Text', CommandTimeout='30']"
""SELECT TOP(1) [e].[Id], [e].[ApiKey], [e].[DepartmentId], [e].[Email], [e].[HmacSecretEncrypted], [e].[ManagerId], [e].[Name], [e].[PasswordHash], [e].[Salary], [e].[role]
FROM [Employees] AS [e]
WHERE [e].[ApiKey] = @__apiKey_0"
2026-03-25 17:18:45 [Information] [TraceId: fcdc00155c0a99231903eb60aecd48b8] Decrypting data using HMAC service.
2026-03-25 17:18:45 [Information] [TraceId: fcdc00155c0a99231903eb60aecd48b8] Verifying HMAC signature.
2026-03-25 17:18:45 [Information] [TraceId: fcdc00155c0a99231903eb60aecd48b8] Generating HMAC signature.
2026-03-25 17:18:45 [Information] [TraceId: fcdc00155c0a99231903eb60aecd48b8] Executing endpoint '"EmployeesController.GetEmployees (MyApi)"'
2026-03-25 17:18:45 [Information] [TraceId: fcdc00155c0a99231903eb60aecd48b8] Route matched with "{action = \"GetEmployees\", controller = \"Employees\"}". Executing controller action with signature "System.Threading.Tasks.Task`1[Microsoft.AspNetCore.Mvc.IActionResult] GetEmployees(MyApi.DTO.Employee.EmployeeQueryDto)" on controller "EmployeesController" ("MyApi").
2026-03-25 17:18:45 [Information] [TraceId: fcdc00155c0a99231903eb60aecd48b8] GetEmployees called (search=null, departmentId=null, minSalary=null, page=1, pageSize=20, sortBy=null, desc=False).
2026-03-25 17:18:46 [Information] [TraceId: fcdc00155c0a99231903eb60aecd48b8] Fetching employees with query (search=null, departmentId=null, minSalary=null, page=1, pageSize=20, sortBy=null, desc=False).
2026-03-25 17:18:46 [Information] [TraceId: fcdc00155c0a99231903eb60aecd48b8] Building employee queryable in repository.
2026-03-25 17:18:46 [Information] [TraceId: fcdc00155c0a99231903eb60aecd48b8] Executed DbCommand ("5"ms) [Parameters=[""], CommandType='Text', CommandTimeout='30']"
""SELECT COUNT(*)
FROM [Employees] AS [e]"
2026-03-25 17:18:46 [Information] [TraceId: fcdc00155c0a99231903eb60aecd48b8] Executed DbCommand ("12"ms) [Parameters=["@__p_0='0', @__p_1='20'"], CommandType='Text', CommandTimeout='30']"
""SELECT [t].[Id], [t].[Name], [t].[Email], [d].[Name] AS [DepartmentName], [t].[Salary], [e0].[Name] AS [ManagerName]
FROM (
    SELECT [e].[Id], [e].[DepartmentId], [e].[Email], [e].[ManagerId], [e].[Name], [e].[Salary]
    FROM [Employees] AS [e]
    ORDER BY [e].[Id]
    OFFSET @__p_0 ROWS FETCH NEXT @__p_1 ROWS ONLY
) AS [t]
INNER JOIN [Departments] AS [d] ON [t].[DepartmentId] = [d].[Id]
LEFT JOIN [Employees] AS [e0] ON [t].[ManagerId] = [e0].[Id]
ORDER BY [t].[Id]"
2026-03-25 17:18:46 [Information] [TraceId: fcdc00155c0a99231903eb60aecd48b8] Employee query completed with 12 results out of 12.
2026-03-25 17:18:46 [Information] [TraceId: fcdc00155c0a99231903eb60aecd48b8] Executing "OkObjectResult", writing value of type '"<>f__AnonymousType16`4[[System.Int32, System.Private.CoreLib, Version=8.0.0.0, Culture=neutral, PublicKeyToken=7cec85d7bea7798e],[System.Int32, System.Private.CoreLib, Version=8.0.0.0, Culture=neutral, PublicKeyToken=7cec85d7bea7798e],[System.Int32, System.Private.CoreLib, Version=8.0.0.0, Culture=neutral, PublicKeyToken=7cec85d7bea7798e],[System.Collections.Generic.List`1[[MyApi.DTO.Employee.Reademployeedto, MyApi, Version=1.0.0.0, Culture=neutral, PublicKeyToken=null]], System.Private.CoreLib, Version=8.0.0.0, Culture=neutral, PublicKeyToken=7cec85d7bea7798e]]"'.
2026-03-25 17:18:46 [Information] [TraceId: fcdc00155c0a99231903eb60aecd48b8] Executed action "EmployeesController.GetEmployees (MyApi)" in 313.9239ms
2026-03-25 17:18:46 [Information] [TraceId: fcdc00155c0a99231903eb60aecd48b8] Executed endpoint '"EmployeesController.GetEmployees (MyApi)"'
2026-03-25 17:18:46 [Information] [TraceId: fcdc00155c0a99231903eb60aecd48b8] Request finished "HTTP/1.1" "GET" "http"://"localhost:5062""""/api/Employees""" - 200 null "application/json; charset=utf-8" 593.4782ms
2026-03-25 17:18:54 [Information] [TraceId: 275b71d537be32fbd067b52dd0cefde4] Request starting "HTTP/1.1" "GET" "http"://"localhost:5062""""/api/Employees""" - null null
2026-03-25 17:18:54 [Information] [TraceId: 275b71d537be32fbd067b52dd0cefde4] Request finished "HTTP/1.1" "GET" "http"://"localhost:5062""""/api/Employees""" - 401 null null 43.1453ms
2026-03-25 17:19:01 [Information] [TraceId: f4602b561b7832fb5f14f530eee2259e] Request starting "HTTP/1.1" "GET" "http"://"localhost:5062""""/api/Employees""" - null null
2026-03-25 17:19:01 [Information] [TraceId: f4602b561b7832fb5f14f530eee2259e] Executed DbCommand ("9"ms) [Parameters=["@__apiKey_0='245f0b3c-bf54-4fea-ac44-e7d7b4fef11e' (Size = 4000)"], CommandType='Text', CommandTimeout='30']"
""SELECT TOP(1) [e].[Id], [e].[ApiKey], [e].[DepartmentId], [e].[Email], [e].[HmacSecretEncrypted], [e].[ManagerId], [e].[Name], [e].[PasswordHash], [e].[Salary], [e].[role]
FROM [Employees] AS [e]
WHERE [e].[ApiKey] = @__apiKey_0"
2026-03-25 17:19:01 [Information] [TraceId: f4602b561b7832fb5f14f530eee2259e] Decrypting data using HMAC service.
2026-03-25 17:19:01 [Information] [TraceId: f4602b561b7832fb5f14f530eee2259e] Verifying HMAC signature.
2026-03-25 17:19:01 [Information] [TraceId: f4602b561b7832fb5f14f530eee2259e] Generating HMAC signature.
2026-03-25 17:19:01 [Information] [TraceId: f4602b561b7832fb5f14f530eee2259e] Executing endpoint '"EmployeesController.GetEmployees (MyApi)"'
2026-03-25 17:19:01 [Information] [TraceId: f4602b561b7832fb5f14f530eee2259e] Route matched with "{action = \"GetEmployees\", controller = \"Employees\"}". Executing controller action with signature "System.Threading.Tasks.Task`1[Microsoft.AspNetCore.Mvc.IActionResult] GetEmployees(MyApi.DTO.Employee.EmployeeQueryDto)" on controller "EmployeesController" ("MyApi").
2026-03-25 17:19:01 [Information] [TraceId: f4602b561b7832fb5f14f530eee2259e] GetEmployees called (search=null, departmentId=null, minSalary=null, page=1, pageSize=20, sortBy=null, desc=False).
2026-03-25 17:19:01 [Information] [TraceId: f4602b561b7832fb5f14f530eee2259e] Fetching employees with query (search=null, departmentId=null, minSalary=null, page=1, pageSize=20, sortBy=null, desc=False).
2026-03-25 17:19:01 [Information] [TraceId: f4602b561b7832fb5f14f530eee2259e] Building employee queryable in repository.
2026-03-25 17:19:01 [Information] [TraceId: f4602b561b7832fb5f14f530eee2259e] Executed DbCommand ("4"ms) [Parameters=[""], CommandType='Text', CommandTimeout='30']"
""SELECT COUNT(*)
FROM [Employees] AS [e]"
2026-03-25 17:19:01 [Information] [TraceId: f4602b561b7832fb5f14f530eee2259e] Executed DbCommand ("9"ms) [Parameters=["@__p_0='0', @__p_1='20'"], CommandType='Text', CommandTimeout='30']"
""SELECT [t].[Id], [t].[Name], [t].[Email], [d].[Name] AS [DepartmentName], [t].[Salary], [e0].[Name] AS [ManagerName]
FROM (
    SELECT [e].[Id], [e].[DepartmentId], [e].[Email], [e].[ManagerId], [e].[Name], [e].[Salary]
    FROM [Employees] AS [e]
    ORDER BY [e].[Id]
    OFFSET @__p_0 ROWS FETCH NEXT @__p_1 ROWS ONLY
) AS [t]
INNER JOIN [Departments] AS [d] ON [t].[DepartmentId] = [d].[Id]
LEFT JOIN [Employees] AS [e0] ON [t].[ManagerId] = [e0].[Id]
ORDER BY [t].[Id]"
2026-03-25 17:19:01 [Information] [TraceId: f4602b561b7832fb5f14f530eee2259e] Employee query completed with 12 results out of 12.
2026-03-25 17:19:01 [Information] [TraceId: f4602b561b7832fb5f14f530eee2259e] Executing "OkObjectResult", writing value of type '"<>f__AnonymousType16`4[[System.Int32, System.Private.CoreLib, Version=8.0.0.0, Culture=neutral, PublicKeyToken=7cec85d7bea7798e],[System.Int32, System.Private.CoreLib, Version=8.0.0.0, Culture=neutral, PublicKeyToken=7cec85d7bea7798e],[System.Int32, System.Private.CoreLib, Version=8.0.0.0, Culture=neutral, PublicKeyToken=7cec85d7bea7798e],[System.Collections.Generic.List`1[[MyApi.DTO.Employee.Reademployeedto, MyApi, Version=1.0.0.0, Culture=neutral, PublicKeyToken=null]], System.Private.CoreLib, Version=8.0.0.0, Culture=neutral, PublicKeyToken=7cec85d7bea7798e]]"'.
2026-03-25 17:19:01 [Information] [TraceId: f4602b561b7832fb5f14f530eee2259e] Executed action "EmployeesController.GetEmployees (MyApi)" in 63.5812ms
2026-03-25 17:19:01 [Information] [TraceId: f4602b561b7832fb5f14f530eee2259e] Executed endpoint '"EmployeesController.GetEmployees (MyApi)"'
2026-03-25 17:19:01 [Information] [TraceId: f4602b561b7832fb5f14f530eee2259e] Request finished "HTTP/1.1" "GET" "http"://"localhost:5062""""/api/Employees""" - 200 null "application/json; charset=utf-8" 152.9749ms
2026-03-25 17:19:03 [Information] [TraceId: a4eb36bc480d55601297de8213b10a6f] Request starting "HTTP/1.1" "GET" "http"://"localhost:5062""""/api/Employees""" - null null
2026-03-25 17:19:03 [Information] [TraceId: a4eb36bc480d55601297de8213b10a6f] Executed DbCommand ("9"ms) [Parameters=["@__apiKey_0='245f0b3c-bf54-4fea-ac44-e7d7b4fef11e' (Size = 4000)"], CommandType='Text', CommandTimeout='30']"
""SELECT TOP(1) [e].[Id], [e].[ApiKey], [e].[DepartmentId], [e].[Email], [e].[HmacSecretEncrypted], [e].[ManagerId], [e].[Name], [e].[PasswordHash], [e].[Salary], [e].[role]
FROM [Employees] AS [e]
WHERE [e].[ApiKey] = @__apiKey_0"
2026-03-25 17:19:03 [Information] [TraceId: a4eb36bc480d55601297de8213b10a6f] Decrypting data using HMAC service.
2026-03-25 17:19:03 [Information] [TraceId: a4eb36bc480d55601297de8213b10a6f] Verifying HMAC signature.
2026-03-25 17:19:03 [Information] [TraceId: a4eb36bc480d55601297de8213b10a6f] Generating HMAC signature.
2026-03-25 17:19:03 [Information] [TraceId: a4eb36bc480d55601297de8213b10a6f] Executing endpoint '"EmployeesController.GetEmployees (MyApi)"'
2026-03-25 17:19:03 [Information] [TraceId: a4eb36bc480d55601297de8213b10a6f] Route matched with "{action = \"GetEmployees\", controller = \"Employees\"}". Executing controller action with signature "System.Threading.Tasks.Task`1[Microsoft.AspNetCore.Mvc.IActionResult] GetEmployees(MyApi.DTO.Employee.EmployeeQueryDto)" on controller "EmployeesController" ("MyApi").
2026-03-25 17:19:03 [Information] [TraceId: a4eb36bc480d55601297de8213b10a6f] GetEmployees called (search=null, departmentId=null, minSalary=null, page=1, pageSize=20, sortBy=null, desc=False).
2026-03-25 17:19:03 [Information] [TraceId: a4eb36bc480d55601297de8213b10a6f] Fetching employees with query (search=null, departmentId=null, minSalary=null, page=1, pageSize=20, sortBy=null, desc=False).
2026-03-25 17:19:03 [Information] [TraceId: a4eb36bc480d55601297de8213b10a6f] Building employee queryable in repository.
2026-03-25 17:19:03 [Information] [TraceId: a4eb36bc480d55601297de8213b10a6f] Executed DbCommand ("5"ms) [Parameters=[""], CommandType='Text', CommandTimeout='30']"
""SELECT COUNT(*)
FROM [Employees] AS [e]"
2026-03-25 17:19:03 [Information] [TraceId: a4eb36bc480d55601297de8213b10a6f] Executed DbCommand ("8"ms) [Parameters=["@__p_0='0', @__p_1='20'"], CommandType='Text', CommandTimeout='30']"
""SELECT [t].[Id], [t].[Name], [t].[Email], [d].[Name] AS [DepartmentName], [t].[Salary], [e0].[Name] AS [ManagerName]
FROM (
    SELECT [e].[Id], [e].[DepartmentId], [e].[Email], [e].[ManagerId], [e].[Name], [e].[Salary]
    FROM [Employees] AS [e]
    ORDER BY [e].[Id]
    OFFSET @__p_0 ROWS FETCH NEXT @__p_1 ROWS ONLY
) AS [t]
INNER JOIN [Departments] AS [d] ON [t].[DepartmentId] = [d].[Id]
LEFT JOIN [Employees] AS [e0] ON [t].[ManagerId] = [e0].[Id]
ORDER BY [t].[Id]"
2026-03-25 17:19:03 [Information] [TraceId: a4eb36bc480d55601297de8213b10a6f] Employee query completed with 12 results out of 12.
2026-03-25 17:19:03 [Information] [TraceId: a4eb36bc480d55601297de8213b10a6f] Executing "OkObjectResult", writing value of type '"<>f__AnonymousType16`4[[System.Int32, System.Private.CoreLib, Version=8.0.0.0, Culture=neutral, PublicKeyToken=7cec85d7bea7798e],[System.Int32, System.Private.CoreLib, Version=8.0.0.0, Culture=neutral, PublicKeyToken=7cec85d7bea7798e],[System.Int32, System.Private.CoreLib, Version=8.0.0.0, Culture=neutral, PublicKeyToken=7cec85d7bea7798e],[System.Collections.Generic.List`1[[MyApi.DTO.Employee.Reademployeedto, MyApi, Version=1.0.0.0, Culture=neutral, PublicKeyToken=null]], System.Private.CoreLib, Version=8.0.0.0, Culture=neutral, PublicKeyToken=7cec85d7bea7798e]]"'.
2026-03-25 17:19:03 [Information] [TraceId: a4eb36bc480d55601297de8213b10a6f] Executed action "EmployeesController.GetEmployees (MyApi)" in 49.6078ms
2026-03-25 17:19:03 [Information] [TraceId: a4eb36bc480d55601297de8213b10a6f] Executed endpoint '"EmployeesController.GetEmployees (MyApi)"'
2026-03-25 17:19:03 [Information] [TraceId: a4eb36bc480d55601297de8213b10a6f] Request finished "HTTP/1.1" "GET" "http"://"localhost:5062""""/api/Employees""" - 200 null "application/json; charset=utf-8" 166.8266ms
2026-03-25 17:19:40 [Information] [TraceId: b7f4204144a5558b4e4f178b1f5ada8e] Request starting "HTTP/1.1" "GET" "http"://"localhost:5062""""/api/Employees""" - null null
2026-03-25 17:19:40 [Information] [TraceId: b7f4204144a5558b4e4f178b1f5ada8e] Executed DbCommand ("63"ms) [Parameters=["@__apiKey_0='245f0b3c-bf54-4fea-ac44-e7d7b4fef11e' (Size = 4000)"], CommandType='Text', CommandTimeout='30']"
""SELECT TOP(1) [e].[Id], [e].[ApiKey], [e].[DepartmentId], [e].[Email], [e].[HmacSecretEncrypted], [e].[ManagerId], [e].[Name], [e].[PasswordHash], [e].[Salary], [e].[role]
FROM [Employees] AS [e]
WHERE [e].[ApiKey] = @__apiKey_0"
2026-03-25 17:19:41 [Information] [TraceId: b7f4204144a5558b4e4f178b1f5ada8e] Decrypting data using HMAC service.
2026-03-25 17:19:41 [Information] [TraceId: b7f4204144a5558b4e4f178b1f5ada8e] Verifying HMAC signature.
2026-03-25 17:19:42 [Information] [TraceId: b7f4204144a5558b4e4f178b1f5ada8e] Generating HMAC signature.
2026-03-25 17:19:42 [Information] [TraceId: b7f4204144a5558b4e4f178b1f5ada8e] Executing endpoint '"EmployeesController.GetEmployees (MyApi)"'
2026-03-25 17:19:42 [Information] [TraceId: b7f4204144a5558b4e4f178b1f5ada8e] Route matched with "{action = \"GetEmployees\", controller = \"Employees\"}". Executing controller action with signature "System.Threading.Tasks.Task`1[Microsoft.AspNetCore.Mvc.IActionResult] GetEmployees(MyApi.DTO.Employee.EmployeeQueryDto)" on controller "EmployeesController" ("MyApi").
2026-03-25 17:19:42 [Information] [TraceId: b7f4204144a5558b4e4f178b1f5ada8e] GetEmployees called (search=null, departmentId=null, minSalary=null, page=1, pageSize=20, sortBy=null, desc=False).
2026-03-25 17:19:42 [Information] [TraceId: b7f4204144a5558b4e4f178b1f5ada8e] Fetching employees with query (search=null, departmentId=null, minSalary=null, page=1, pageSize=20, sortBy=null, desc=False).
2026-03-25 17:19:42 [Information] [TraceId: b7f4204144a5558b4e4f178b1f5ada8e] Building employee queryable in repository.
2026-03-25 17:19:42 [Information] [TraceId: b7f4204144a5558b4e4f178b1f5ada8e] Executed DbCommand ("29"ms) [Parameters=[""], CommandType='Text', CommandTimeout='30']"
""SELECT COUNT(*)
FROM [Employees] AS [e]"
2026-03-25 17:19:43 [Information] [TraceId: b7f4204144a5558b4e4f178b1f5ada8e] Executed DbCommand ("83"ms) [Parameters=["@__p_0='0', @__p_1='20'"], CommandType='Text', CommandTimeout='30']"
""SELECT [t].[Id], [t].[Name], [t].[Email], [d].[Name] AS [DepartmentName], [t].[Salary], [e0].[Name] AS [ManagerName]
FROM (
    SELECT [e].[Id], [e].[DepartmentId], [e].[Email], [e].[ManagerId], [e].[Name], [e].[Salary]
    FROM [Employees] AS [e]
    ORDER BY [e].[Id]
    OFFSET @__p_0 ROWS FETCH NEXT @__p_1 ROWS ONLY
) AS [t]
INNER JOIN [Departments] AS [d] ON [t].[DepartmentId] = [d].[Id]
LEFT JOIN [Employees] AS [e0] ON [t].[ManagerId] = [e0].[Id]
ORDER BY [t].[Id]"
2026-03-25 17:19:43 [Information] [TraceId: b7f4204144a5558b4e4f178b1f5ada8e] Employee query completed with 12 results out of 12.
2026-03-25 17:19:43 [Information] [TraceId: b7f4204144a5558b4e4f178b1f5ada8e] Executing "OkObjectResult", writing value of type '"<>f__AnonymousType16`4[[System.Int32, System.Private.CoreLib, Version=8.0.0.0, Culture=neutral, PublicKeyToken=7cec85d7bea7798e],[System.Int32, System.Private.CoreLib, Version=8.0.0.0, Culture=neutral, PublicKeyToken=7cec85d7bea7798e],[System.Int32, System.Private.CoreLib, Version=8.0.0.0, Culture=neutral, PublicKeyToken=7cec85d7bea7798e],[System.Collections.Generic.List`1[[MyApi.DTO.Employee.Reademployeedto, MyApi, Version=1.0.0.0, Culture=neutral, PublicKeyToken=null]], System.Private.CoreLib, Version=8.0.0.0, Culture=neutral, PublicKeyToken=7cec85d7bea7798e]]"'.
2026-03-25 17:19:43 [Information] [TraceId: b7f4204144a5558b4e4f178b1f5ada8e] Executed action "EmployeesController.GetEmployees (MyApi)" in 1001.5238ms
2026-03-25 17:19:43 [Information] [TraceId: b7f4204144a5558b4e4f178b1f5ada8e] Executed endpoint '"EmployeesController.GetEmployees (MyApi)"'
2026-03-25 17:19:43 [Information] [TraceId: b7f4204144a5558b4e4f178b1f5ada8e] Request finished "HTTP/1.1" "GET" "http"://"localhost:5062""""/api/Employees""" - 200 null "application/json; charset=utf-8" 3156.3271ms
2026-03-25 17:19:52 [Information] [TraceId: 5e21a2000f269111b3a0c2d360dff185] Request starting "HTTP/1.1" "GET" "http"://"localhost:5062""""/api/Employees""" - null null
2026-03-25 17:19:52 [Information] [TraceId: 5e21a2000f269111b3a0c2d360dff185] Executed DbCommand ("6"ms) [Parameters=["@__apiKey_0='245f0b3c-bf54-4fea-ac44-e7d7b4fef11e' (Size = 4000)"], CommandType='Text', CommandTimeout='30']"
""SELECT TOP(1) [e].[Id], [e].[ApiKey], [e].[DepartmentId], [e].[Email], [e].[HmacSecretEncrypted], [e].[ManagerId], [e].[Name], [e].[PasswordHash], [e].[Salary], [e].[role]
FROM [Employees] AS [e]
WHERE [e].[ApiKey] = @__apiKey_0"
2026-03-25 17:19:52 [Information] [TraceId: 5e21a2000f269111b3a0c2d360dff185] Request finished "HTTP/1.1" "GET" "http"://"localhost:5062""""/api/Employees""" - 401 null null 180.4591ms
2026-03-25 17:20:09 [Information] [TraceId: e6a78dd3433a63610e025147b5f2ddac] Request starting "HTTP/1.1" "GET" "http"://"localhost:5062""""/api/Employees""" - null null
2026-03-25 17:20:10 [Information] [TraceId: e6a78dd3433a63610e025147b5f2ddac] Executed DbCommand ("8"ms) [Parameters=["@__apiKey_0='245f0b3c-bf54-4fea-ac44-e7d7b4fef11e' (Size = 4000)"], CommandType='Text', CommandTimeout='30']"
""SELECT TOP(1) [e].[Id], [e].[ApiKey], [e].[DepartmentId], [e].[Email], [e].[HmacSecretEncrypted], [e].[ManagerId], [e].[Name], [e].[PasswordHash], [e].[Salary], [e].[role]
FROM [Employees] AS [e]
WHERE [e].[ApiKey] = @__apiKey_0"
2026-03-25 17:20:10 [Information] [TraceId: e6a78dd3433a63610e025147b5f2ddac] Decrypting data using HMAC service.
2026-03-25 17:20:10 [Information] [TraceId: e6a78dd3433a63610e025147b5f2ddac] Verifying HMAC signature.
2026-03-25 17:20:10 [Information] [TraceId: e6a78dd3433a63610e025147b5f2ddac] Generating HMAC signature.
2026-03-25 17:20:10 [Information] [TraceId: e6a78dd3433a63610e025147b5f2ddac] Request finished "HTTP/1.1" "GET" "http"://"localhost:5062""""/api/Employees""" - 401 null null 277.1969ms
2026-03-25 17:20:16 [Information] [TraceId: b2ef07bba97365fef61e3ec79c08c6ea] Request starting "HTTP/1.1" "GET" "http"://"localhost:5062""""/api/Employees""" - null null
2026-03-25 17:20:16 [Information] [TraceId: b2ef07bba97365fef61e3ec79c08c6ea] Executed DbCommand ("19"ms) [Parameters=["@__apiKey_0='245f0b3c-bf54-4fea-ac44-e7d7b4fef11e' (Size = 4000)"], CommandType='Text', CommandTimeout='30']"
""SELECT TOP(1) [e].[Id], [e].[ApiKey], [e].[DepartmentId], [e].[Email], [e].[HmacSecretEncrypted], [e].[ManagerId], [e].[Name], [e].[PasswordHash], [e].[Salary], [e].[role]
FROM [Employees] AS [e]
WHERE [e].[ApiKey] = @__apiKey_0"
2026-03-25 17:20:16 [Information] [TraceId: b2ef07bba97365fef61e3ec79c08c6ea] Decrypting data using HMAC service.
2026-03-25 17:20:16 [Information] [TraceId: b2ef07bba97365fef61e3ec79c08c6ea] Verifying HMAC signature.
2026-03-25 17:20:16 [Information] [TraceId: b2ef07bba97365fef61e3ec79c08c6ea] Generating HMAC signature.
2026-03-25 17:20:16 [Information] [TraceId: b2ef07bba97365fef61e3ec79c08c6ea] Executing endpoint '"EmployeesController.GetEmployees (MyApi)"'
2026-03-25 17:20:16 [Information] [TraceId: b2ef07bba97365fef61e3ec79c08c6ea] Route matched with "{action = \"GetEmployees\", controller = \"Employees\"}". Executing controller action with signature "System.Threading.Tasks.Task`1[Microsoft.AspNetCore.Mvc.IActionResult] GetEmployees(MyApi.DTO.Employee.EmployeeQueryDto)" on controller "EmployeesController" ("MyApi").
2026-03-25 17:20:16 [Information] [TraceId: b2ef07bba97365fef61e3ec79c08c6ea] GetEmployees called (search=null, departmentId=null, minSalary=null, page=1, pageSize=20, sortBy=null, desc=False).
2026-03-25 17:20:16 [Information] [TraceId: b2ef07bba97365fef61e3ec79c08c6ea] Fetching employees with query (search=null, departmentId=null, minSalary=null, page=1, pageSize=20, sortBy=null, desc=False).
2026-03-25 17:20:16 [Information] [TraceId: b2ef07bba97365fef61e3ec79c08c6ea] Building employee queryable in repository.
2026-03-25 17:20:16 [Information] [TraceId: b2ef07bba97365fef61e3ec79c08c6ea] Executed DbCommand ("7"ms) [Parameters=[""], CommandType='Text', CommandTimeout='30']"
""SELECT COUNT(*)
FROM [Employees] AS [e]"
2026-03-25 17:20:16 [Information] [TraceId: b2ef07bba97365fef61e3ec79c08c6ea] Executed DbCommand ("42"ms) [Parameters=["@__p_0='0', @__p_1='20'"], CommandType='Text', CommandTimeout='30']"
""SELECT [t].[Id], [t].[Name], [t].[Email], [d].[Name] AS [DepartmentName], [t].[Salary], [e0].[Name] AS [ManagerName]
FROM (
    SELECT [e].[Id], [e].[DepartmentId], [e].[Email], [e].[ManagerId], [e].[Name], [e].[Salary]
    FROM [Employees] AS [e]
    ORDER BY [e].[Id]
    OFFSET @__p_0 ROWS FETCH NEXT @__p_1 ROWS ONLY
) AS [t]
INNER JOIN [Departments] AS [d] ON [t].[DepartmentId] = [d].[Id]
LEFT JOIN [Employees] AS [e0] ON [t].[ManagerId] = [e0].[Id]
ORDER BY [t].[Id]"
2026-03-25 17:20:16 [Information] [TraceId: b2ef07bba97365fef61e3ec79c08c6ea] Employee query completed with 12 results out of 12.
2026-03-25 17:20:16 [Information] [TraceId: b2ef07bba97365fef61e3ec79c08c6ea] Executing "OkObjectResult", writing value of type '"<>f__AnonymousType16`4[[System.Int32, System.Private.CoreLib, Version=8.0.0.0, Culture=neutral, PublicKeyToken=7cec85d7bea7798e],[System.Int32, System.Private.CoreLib, Version=8.0.0.0, Culture=neutral, PublicKeyToken=7cec85d7bea7798e],[System.Int32, System.Private.CoreLib, Version=8.0.0.0, Culture=neutral, PublicKeyToken=7cec85d7bea7798e],[System.Collections.Generic.List`1[[MyApi.DTO.Employee.Reademployeedto, MyApi, Version=1.0.0.0, Culture=neutral, PublicKeyToken=null]], System.Private.CoreLib, Version=8.0.0.0, Culture=neutral, PublicKeyToken=7cec85d7bea7798e]]"'.
2026-03-25 17:20:16 [Information] [TraceId: b2ef07bba97365fef61e3ec79c08c6ea] Executed action "EmployeesController.GetEmployees (MyApi)" in 221.9292ms
2026-03-25 17:20:16 [Information] [TraceId: b2ef07bba97365fef61e3ec79c08c6ea] Executed endpoint '"EmployeesController.GetEmployees (MyApi)"'
2026-03-25 17:20:16 [Information] [TraceId: b2ef07bba97365fef61e3ec79c08c6ea] Request finished "HTTP/1.1" "GET" "http"://"localhost:5062""""/api/Employees""" - 200 null "application/json; charset=utf-8" 755.7627ms
2026-03-25 17:21:49 [Information] [TraceId: 22403d0cc173d43b30f579d3c4917134] Request starting "HTTP/1.1" "GET" "http"://"localhost:5062""""/api/Employees""" - null null
2026-03-25 17:21:51 [Information] [TraceId: 22403d0cc173d43b30f579d3c4917134] Executed DbCommand ("14"ms) [Parameters=["@__apiKey_0='245f0b3c-bf54-4fea-ac44-e7d7b4fef11e' (Size = 4000)"], CommandType='Text', CommandTimeout='30']"
""SELECT TOP(1) [e].[Id], [e].[ApiKey], [e].[DepartmentId], [e].[Email], [e].[HmacSecretEncrypted], [e].[ManagerId], [e].[Name], [e].[PasswordHash], [e].[Salary], [e].[role]
FROM [Employees] AS [e]
WHERE [e].[ApiKey] = @__apiKey_0"
2026-03-25 17:21:51 [Information] [TraceId: 22403d0cc173d43b30f579d3c4917134] Decrypting data using HMAC service.
2026-03-25 17:21:52 [Information] [TraceId: 22403d0cc173d43b30f579d3c4917134] Verifying HMAC signature.
2026-03-25 17:21:52 [Information] [TraceId: 22403d0cc173d43b30f579d3c4917134] Generating HMAC signature.
2026-03-25 17:21:52 [Information] [TraceId: 22403d0cc173d43b30f579d3c4917134] Executing endpoint '"EmployeesController.GetEmployees (MyApi)"'
2026-03-25 17:21:52 [Information] [TraceId: 22403d0cc173d43b30f579d3c4917134] Route matched with "{action = \"GetEmployees\", controller = \"Employees\"}". Executing controller action with signature "System.Threading.Tasks.Task`1[Microsoft.AspNetCore.Mvc.IActionResult] GetEmployees(MyApi.DTO.Employee.EmployeeQueryDto)" on controller "EmployeesController" ("MyApi").
2026-03-25 17:21:52 [Information] [TraceId: 22403d0cc173d43b30f579d3c4917134] GetEmployees called (search=null, departmentId=null, minSalary=null, page=1, pageSize=20, sortBy=null, desc=False).
2026-03-25 17:21:52 [Information] [TraceId: 22403d0cc173d43b30f579d3c4917134] Fetching employees with query (search=null, departmentId=null, minSalary=null, page=1, pageSize=20, sortBy=null, desc=False).
2026-03-25 17:21:52 [Information] [TraceId: 22403d0cc173d43b30f579d3c4917134] Building employee queryable in repository.
2026-03-25 17:21:52 [Information] [TraceId: 22403d0cc173d43b30f579d3c4917134] Executed DbCommand ("12"ms) [Parameters=[""], CommandType='Text', CommandTimeout='30']"
""SELECT COUNT(*)
FROM [Employees] AS [e]"
2026-03-25 17:21:52 [Information] [TraceId: 22403d0cc173d43b30f579d3c4917134] Executed DbCommand ("25"ms) [Parameters=["@__p_0='0', @__p_1='20'"], CommandType='Text', CommandTimeout='30']"
""SELECT [t].[Id], [t].[Name], [t].[Email], [d].[Name] AS [DepartmentName], [t].[Salary], [e0].[Name] AS [ManagerName]
FROM (
    SELECT [e].[Id], [e].[DepartmentId], [e].[Email], [e].[ManagerId], [e].[Name], [e].[Salary]
    FROM [Employees] AS [e]
    ORDER BY [e].[Id]
    OFFSET @__p_0 ROWS FETCH NEXT @__p_1 ROWS ONLY
) AS [t]
INNER JOIN [Departments] AS [d] ON [t].[DepartmentId] = [d].[Id]
LEFT JOIN [Employees] AS [e0] ON [t].[ManagerId] = [e0].[Id]
ORDER BY [t].[Id]"
2026-03-25 17:21:52 [Information] [TraceId: 22403d0cc173d43b30f579d3c4917134] Employee query completed with 12 results out of 12.
2026-03-25 17:21:52 [Information] [TraceId: 22403d0cc173d43b30f579d3c4917134] Executing "OkObjectResult", writing value of type '"<>f__AnonymousType16`4[[System.Int32, System.Private.CoreLib, Version=8.0.0.0, Culture=neutral, PublicKeyToken=7cec85d7bea7798e],[System.Int32, System.Private.CoreLib, Version=8.0.0.0, Culture=neutral, PublicKeyToken=7cec85d7bea7798e],[System.Int32, System.Private.CoreLib, Version=8.0.0.0, Culture=neutral, PublicKeyToken=7cec85d7bea7798e],[System.Collections.Generic.List`1[[MyApi.DTO.Employee.Reademployeedto, MyApi, Version=1.0.0.0, Culture=neutral, PublicKeyToken=null]], System.Private.CoreLib, Version=8.0.0.0, Culture=neutral, PublicKeyToken=7cec85d7bea7798e]]"'.
2026-03-25 17:21:52 [Information] [TraceId: 22403d0cc173d43b30f579d3c4917134] Executed action "EmployeesController.GetEmployees (MyApi)" in 137.7414ms
2026-03-25 17:21:52 [Information] [TraceId: 22403d0cc173d43b30f579d3c4917134] Executed endpoint '"EmployeesController.GetEmployees (MyApi)"'
2026-03-25 17:21:52 [Information] [TraceId: 22403d0cc173d43b30f579d3c4917134] Request finished "HTTP/1.1" "GET" "http"://"localhost:5062""""/api/Employees""" - 200 null "application/json; charset=utf-8" 3319.1818ms
2026-03-25 17:25:11 [Information] [TraceId: ] Server laptop-2j11tsn1:205728:5a8aa043 caught stopping signal...
2026-03-25 17:25:11 [Information] [TraceId: ] Application is shutting down...
2026-03-25 17:25:12 [Information] [TraceId: ] Server laptop-2j11tsn1:205728:5a8aa043 caught stopped signal...
2026-03-25 17:25:12 [Information] [TraceId: ] Server laptop-2j11tsn1:205728:5a8aa043 All dispatchers stopped
2026-03-25 17:25:12 [Information] [TraceId: ] Server laptop-2j11tsn1:205728:5a8aa043 successfully reported itself as stopped in 17.8255 ms
2026-03-25 17:25:12 [Information] [TraceId: ] Server laptop-2j11tsn1:205728:5a8aa043 has been stopped in total 874.0509 ms
2026-03-25 17:27:20 [Information] [TraceId: ] Start installing Hangfire SQL objects...
2026-03-25 17:27:22 [Information] [TraceId: ] Hangfire SQL objects installed.
2026-03-25 17:27:22 [Information] [TraceId: ] User profile is available. Using '"C:\Users\HP\AppData\Local\ASP.NET\DataProtection-Keys"' as key repository and Windows DPAPI to encrypt keys at rest.
2026-03-25 17:27:22 [Information] [TraceId: ] Now listening on: "http://localhost:5062"
2026-03-25 17:27:22 [Information] [TraceId: ] Starting Hangfire Server using job storage: 'SQL Server: LAPTOP-2J11TSN1@employeeDb'
2026-03-25 17:27:22 [Information] [TraceId: ] Using the following options for SQL Server job storage: Queue poll interval: 00:00:00.
2026-03-25 17:27:22 [Information] [TraceId: ] Using the following options for Hangfire Server:
    Worker count: 20
    Listening queues: 'default'
    Shutdown timeout: 00:00:15
    Schedule polling interval: 00:00:15
2026-03-25 17:27:22 [Information] [TraceId: ] Application started. Press Ctrl+C to shut down.
2026-03-25 17:27:22 [Information] [TraceId: ] Hosting environment: "Development"
2026-03-25 17:27:22 [Information] [TraceId: ] Content root path: "C:\Users\HP\Desktop\asp.net\MyApi"
2026-03-25 17:27:22 [Information] [TraceId: ] Server laptop-2j11tsn1:225524:a9dee8f9 successfully announced in 105.7781 ms
2026-03-25 17:27:22 [Information] [TraceId: ] Server laptop-2j11tsn1:225524:a9dee8f9 is starting the registered dispatchers: ServerWatchdog, ServerJobCancellationWatcher, SqlServerHeartbeatProcess, ExpirationManager, CountersAggregator, Worker, DelayedJobScheduler, RecurringJobScheduler...
2026-03-25 17:27:22 [Information] [TraceId: ] Server laptop-2j11tsn1:225524:a9dee8f9 all the dispatchers started
2026-03-25 17:27:25 [Information] [TraceId: 05fc8fa8e278697b656e65d04d926b90] Request starting "HTTP/1.1" "GET" "http"://"localhost:5062""""/""" - null null
2026-03-25 17:27:26 [Warning] [TraceId: 05fc8fa8e278697b656e65d04d926b90] Failed to determine the https port for redirect.
2026-03-25 17:27:26 [Information] [TraceId: 05fc8fa8e278697b656e65d04d926b90] Request finished "HTTP/1.1" "GET" "http"://"localhost:5062""""/""" - 401 null null 1038.0078ms
2026-03-25 17:27:27 [Information] [TraceId: 88de5f469a7b294d50e6a529a3e7d548] Request starting "HTTP/1.1" "GET" "http"://"localhost:5062""""/favicon.ico""" - null null
2026-03-25 17:27:27 [Information] [TraceId: 88de5f469a7b294d50e6a529a3e7d548] Request finished "HTTP/1.1" "GET" "http"://"localhost:5062""""/favicon.ico""" - 401 null null 136.3128ms
2026-03-25 17:27:32 [Information] [TraceId: 6cb70c128f867cb9e698db3194fa1489] Request starting "HTTP/1.1" "GET" "http"://"localhost:5062""""//""" - null null
2026-03-25 17:27:32 [Information] [TraceId: 6cb70c128f867cb9e698db3194fa1489] Request finished "HTTP/1.1" "GET" "http"://"localhost:5062""""//""" - 401 null null 22.9379ms
2026-03-25 17:27:32 [Information] [TraceId: 95981fbcfd2986bb5a9e86c05a892be4] Request starting "HTTP/1.1" "GET" "http"://"localhost:5062""""/favicon.ico""" - null null
2026-03-25 17:27:32 [Information] [TraceId: 95981fbcfd2986bb5a9e86c05a892be4] Request finished "HTTP/1.1" "GET" "http"://"localhost:5062""""/favicon.ico""" - 401 null null 10.0928ms
2026-03-25 17:27:38 [Information] [TraceId: 19f487b6896e5e78489f026d8132dc54] Request starting "HTTP/1.1" "GET" "http"://"localhost:5062""""/swagger/index.html""" - null null
2026-03-25 17:27:38 [Information] [TraceId: 19f487b6896e5e78489f026d8132dc54] Request finished "HTTP/1.1" "GET" "http"://"localhost:5062""""/swagger/index.html""" - 200 null "text/html;charset=utf-8" 401.5344ms
2026-03-25 17:27:39 [Information] [TraceId: 9ec64fd86c47750f53335b4c6df4b22b] Request starting "HTTP/1.1" "GET" "http"://"localhost:5062""""/swagger/v1/swagger.json""" - null null
2026-03-25 17:27:39 [Information] [TraceId: 9ec64fd86c47750f53335b4c6df4b22b] Request finished "HTTP/1.1" "GET" "http"://"localhost:5062""""/swagger/v1/swagger.json""" - 200 null "application/json;charset=utf-8" 680.4817ms
2026-03-25 17:27:50 [Information] [TraceId: 4063a114a5251e14f96de9ef201d28cb] Request starting "HTTP/1.1" "POST" "http"://"localhost:5062""""/api/Auth/login""" - "application/json" 55
2026-03-25 17:27:50 [Information] [TraceId: 4063a114a5251e14f96de9ef201d28cb] Executing endpoint '"AuthController.Login (MyApi)"'
2026-03-25 17:27:51 [Information] [TraceId: 4063a114a5251e14f96de9ef201d28cb] Route matched with "{action = \"Login\", controller = \"Auth\"}". Executing controller action with signature "System.Threading.Tasks.Task`1[Microsoft.AspNetCore.Mvc.IActionResult] Login(MyApi.DTO.Employee.Logindto)" on controller "AuthController" ("MyApi").
2026-03-25 17:27:51 [Information] [TraceId: 4063a114a5251e14f96de9ef201d28cb] Login requested for email "hmac@gmail.com".
2026-03-25 17:27:51 [Information] [TraceId: 4063a114a5251e14f96de9ef201d28cb] Fetching employee by email from repository (email="hmac@gmail.com").
2026-03-25 17:27:52 [Warning] [TraceId: 4063a114a5251e14f96de9ef201d28cb] Sensitive data logging is enabled. Log entries and exception messages may include sensitive application data; this mode should only be enabled during development.
2026-03-25 17:27:53 [Information] [TraceId: 4063a114a5251e14f96de9ef201d28cb] Executed DbCommand ("50"ms) [Parameters=["@__email_0='hmac@gmail.com' (Size = 450)"], CommandType='Text', CommandTimeout='30']"
""SELECT TOP(1) [e].[Id], [e].[ApiKey], [e].[DepartmentId], [e].[Email], [e].[HmacSecretEncrypted], [e].[ManagerId], [e].[Name], [e].[PasswordHash], [e].[Salary], [e].[role], [d].[Id], [d].[CompanyId], [d].[ManagerId], [d].[Name], [e0].[Id], [e0].[ApiKey], [e0].[DepartmentId], [e0].[Email], [e0].[HmacSecretEncrypted], [e0].[ManagerId], [e0].[Name], [e0].[PasswordHash], [e0].[Salary], [e0].[role]
FROM [Employees] AS [e]
INNER JOIN [Departments] AS [d] ON [e].[DepartmentId] = [d].[Id]
LEFT JOIN [Employees] AS [e0] ON [e].[ManagerId] = [e0].[Id]
WHERE [e].[Email] = @__email_0"
2026-03-25 17:27:54 [Information] [TraceId: 4063a114a5251e14f96de9ef201d28cb] Creating access token for employee (id=1021, email="hmac@gmail.com").
2026-03-25 17:27:54 [Information] [TraceId: 4063a114a5251e14f96de9ef201d28cb] Generating refresh token.
2026-03-25 17:27:54 [Information] [TraceId: 4063a114a5251e14f96de9ef201d28cb] Creating refresh token entity for employee (id=1021).
2026-03-25 17:27:54 [Information] [TraceId: 4063a114a5251e14f96de9ef201d28cb] Hashing refresh token.
2026-03-25 17:27:54 [Information] [TraceId: 4063a114a5251e14f96de9ef201d28cb] Persisting refresh token for employee (employeeId=1021, expires=04/01/2026 11:57:54).
2026-03-25 17:27:55 [Information] [TraceId: 4063a114a5251e14f96de9ef201d28cb] Executed DbCommand ("13"ms) [Parameters=["@p0='1021', @p1='2026-04-01T11:57:54.7204350Z', @p2='False', @p3='FgG1Bj0G6iZnYnpcRO81c7wSVt2i50qPfbDIYnu4/9A=' (Nullable = false) (Size = 4000)"], CommandType='Text', CommandTimeout='30']"
""SET IMPLICIT_TRANSACTIONS OFF;
SET NOCOUNT ON;
INSERT INTO [RefreshTokens] ([EmployeeId], [Expires], [IsRevoked], [Token])
OUTPUT INSERTED.[Id]
VALUES (@p0, @p1, @p2, @p3);"
2026-03-25 17:27:55 [Information] [TraceId: 4063a114a5251e14f96de9ef201d28cb] Login succeeded for employee (id=1021, email="hmac@gmail.com").
2026-03-25 17:27:55 [Information] [TraceId: 4063a114a5251e14f96de9ef201d28cb] Executing "OkObjectResult", writing value of type '"<>f__AnonymousType1`2[[System.String, System.Private.CoreLib, Version=8.0.0.0, Culture=neutral, PublicKeyToken=7cec85d7bea7798e],[System.String, System.Private.CoreLib, Version=8.0.0.0, Culture=neutral, PublicKeyToken=7cec85d7bea7798e]]"'.
2026-03-25 17:27:55 [Information] [TraceId: 4063a114a5251e14f96de9ef201d28cb] Executed action "AuthController.Login (MyApi)" in 4062.3845ms
2026-03-25 17:27:55 [Information] [TraceId: 4063a114a5251e14f96de9ef201d28cb] Executed endpoint '"AuthController.Login (MyApi)"'
2026-03-25 17:27:55 [Information] [TraceId: 4063a114a5251e14f96de9ef201d28cb] Request finished "HTTP/1.1" "POST" "http"://"localhost:5062""""/api/Auth/login""" - 200 null "application/json; charset=utf-8" 4621.5001ms
2026-03-25 17:28:08 [Information] [TraceId: 591a8ad8e1179e1f7918004f1e8880c3] Request starting "HTTP/1.1" "GET" "http"://"localhost:5062""""/api/Employees""" - null null
2026-03-25 17:28:08 [Information] [TraceId: 591a8ad8e1179e1f7918004f1e8880c3] Executed DbCommand ("7"ms) [Parameters=["@__apiKey_0='245f0b3c-bf54-4fea-ac44-e7d7b4fef11e' (Size = 4000)"], CommandType='Text', CommandTimeout='30']"
""SELECT TOP(1) [e].[Id], [e].[ApiKey], [e].[DepartmentId], [e].[Email], [e].[HmacSecretEncrypted], [e].[ManagerId], [e].[Name], [e].[PasswordHash], [e].[Salary], [e].[role]
FROM [Employees] AS [e]
WHERE [e].[ApiKey] = @__apiKey_0"
2026-03-25 17:28:08 [Information] [TraceId: 591a8ad8e1179e1f7918004f1e8880c3] Decrypting data using HMAC service.
2026-03-25 17:28:08 [Information] [TraceId: 591a8ad8e1179e1f7918004f1e8880c3] Verifying HMAC signature.
2026-03-25 17:28:08 [Information] [TraceId: 591a8ad8e1179e1f7918004f1e8880c3] Generating HMAC signature.
2026-03-25 17:28:08 [Information] [TraceId: 591a8ad8e1179e1f7918004f1e8880c3] Executing endpoint '"EmployeesController.GetEmployees (MyApi)"'
2026-03-25 17:28:08 [Information] [TraceId: 591a8ad8e1179e1f7918004f1e8880c3] Route matched with "{action = \"GetEmployees\", controller = \"Employees\"}". Executing controller action with signature "System.Threading.Tasks.Task`1[Microsoft.AspNetCore.Mvc.IActionResult] GetEmployees(MyApi.DTO.Employee.EmployeeQueryDto)" on controller "EmployeesController" ("MyApi").
2026-03-25 17:28:08 [Information] [TraceId: 591a8ad8e1179e1f7918004f1e8880c3] GetEmployees called (search=null, departmentId=null, minSalary=null, page=1, pageSize=20, sortBy=null, desc=False).
2026-03-25 17:28:08 [Information] [TraceId: 591a8ad8e1179e1f7918004f1e8880c3] Fetching employees with query (search=null, departmentId=null, minSalary=null, page=1, pageSize=20, sortBy=null, desc=False).
2026-03-25 17:28:08 [Information] [TraceId: 591a8ad8e1179e1f7918004f1e8880c3] Building employee queryable in repository.
2026-03-25 17:28:08 [Information] [TraceId: 591a8ad8e1179e1f7918004f1e8880c3] Executed DbCommand ("6"ms) [Parameters=[""], CommandType='Text', CommandTimeout='30']"
""SELECT COUNT(*)
FROM [Employees] AS [e]"
2026-03-25 17:28:08 [Information] [TraceId: 591a8ad8e1179e1f7918004f1e8880c3] Executed DbCommand ("11"ms) [Parameters=["@__p_0='0', @__p_1='20'"], CommandType='Text', CommandTimeout='30']"
""SELECT [t].[Id], [t].[Name], [t].[Email], [d].[Name] AS [DepartmentName], [t].[Salary], [e0].[Name] AS [ManagerName]
FROM (
    SELECT [e].[Id], [e].[DepartmentId], [e].[Email], [e].[ManagerId], [e].[Name], [e].[Salary]
    FROM [Employees] AS [e]
    ORDER BY [e].[Id]
    OFFSET @__p_0 ROWS FETCH NEXT @__p_1 ROWS ONLY
) AS [t]
INNER JOIN [Departments] AS [d] ON [t].[DepartmentId] = [d].[Id]
LEFT JOIN [Employees] AS [e0] ON [t].[ManagerId] = [e0].[Id]
ORDER BY [t].[Id]"
2026-03-25 17:28:08 [Information] [TraceId: 591a8ad8e1179e1f7918004f1e8880c3] Employee query completed with 12 results out of 12.
2026-03-25 17:28:08 [Information] [TraceId: 591a8ad8e1179e1f7918004f1e8880c3] Executing "OkObjectResult", writing value of type '"<>f__AnonymousType16`4[[System.Int32, System.Private.CoreLib, Version=8.0.0.0, Culture=neutral, PublicKeyToken=7cec85d7bea7798e],[System.Int32, System.Private.CoreLib, Version=8.0.0.0, Culture=neutral, PublicKeyToken=7cec85d7bea7798e],[System.Int32, System.Private.CoreLib, Version=8.0.0.0, Culture=neutral, PublicKeyToken=7cec85d7bea7798e],[System.Collections.Generic.List`1[[MyApi.DTO.Employee.Reademployeedto, MyApi, Version=1.0.0.0, Culture=neutral, PublicKeyToken=null]], System.Private.CoreLib, Version=8.0.0.0, Culture=neutral, PublicKeyToken=7cec85d7bea7798e]]"'.
2026-03-25 17:28:08 [Information] [TraceId: 591a8ad8e1179e1f7918004f1e8880c3] Executed action "EmployeesController.GetEmployees (MyApi)" in 379.6158ms
2026-03-25 17:28:08 [Information] [TraceId: 591a8ad8e1179e1f7918004f1e8880c3] Executed endpoint '"EmployeesController.GetEmployees (MyApi)"'
2026-03-25 17:28:08 [Information] [TraceId: 591a8ad8e1179e1f7918004f1e8880c3] Request finished "HTTP/1.1" "GET" "http"://"localhost:5062""""/api/Employees""" - 200 null "application/json; charset=utf-8" 692.3592ms
2026-03-25 17:28:17 [Information] [TraceId: 291171cab0ac9a1d2fa9433a8a16066a] Request starting "HTTP/1.1" "GET" "http"://"localhost:5062""""/api/dapper-employees/with-projects""" - null null
2026-03-25 17:28:17 [Information] [TraceId: 291171cab0ac9a1d2fa9433a8a16066a] Authorization failed. "These requirements were not met:
DenyAnonymousAuthorizationRequirement: Requires an authenticated user."
2026-03-25 17:28:17 [Information] [TraceId: 291171cab0ac9a1d2fa9433a8a16066a] AuthenticationScheme: "Bearer" was challenged.
2026-03-25 17:28:17 [Information] [TraceId: 291171cab0ac9a1d2fa9433a8a16066a] Request finished "HTTP/1.1" "GET" "http"://"localhost:5062""""/api/dapper-employees/with-projects""" - 401 0 null 36.5456ms
2026-03-25 17:28:26 [Information] [TraceId: da402e04a09996bc8d1cca47c75331aa] Request starting "HTTP/1.1" "GET" "http"://"localhost:5062""""/api/dapper-employees/with-projects""" - null null
2026-03-25 17:28:26 [Information] [TraceId: da402e04a09996bc8d1cca47c75331aa] Executing endpoint '"DapperEmployeesController.GetEmployeesWithProjects (MyApi)"'
2026-03-25 17:28:26 [Information] [TraceId: da402e04a09996bc8d1cca47c75331aa] Route matched with "{action = \"GetEmployeesWithProjects\", controller = \"DapperEmployees\"}". Executing controller action with signature "System.Threading.Tasks.Task`1[Microsoft.AspNetCore.Mvc.IActionResult] GetEmployeesWithProjects()" on controller "DapperEmployeesController" ("MyApi").
2026-03-25 17:28:26 [Information] [TraceId: da402e04a09996bc8d1cca47c75331aa] Fetching employees with projects (many-to-many)
2026-03-25 17:28:26 [Information] [TraceId: da402e04a09996bc8d1cca47c75331aa] Executing "OkObjectResult", writing value of type '"System.Collections.Generic.Dictionary`2+ValueCollection[[System.Int32, System.Private.CoreLib, Version=8.0.0.0, Culture=neutral, PublicKeyToken=7cec85d7bea7798e],[MyApi.DTO.Employee.Reademployeedto, MyApi, Version=1.0.0.0, Culture=neutral, PublicKeyToken=null]]"'.
2026-03-25 17:28:26 [Information] [TraceId: da402e04a09996bc8d1cca47c75331aa] Executed action "DapperEmployeesController.GetEmployeesWithProjects (MyApi)" in 242.593ms
2026-03-25 17:28:26 [Information] [TraceId: da402e04a09996bc8d1cca47c75331aa] Executed endpoint '"DapperEmployeesController.GetEmployeesWithProjects (MyApi)"'
2026-03-25 17:28:26 [Information] [TraceId: da402e04a09996bc8d1cca47c75331aa] Request finished "HTTP/1.1" "GET" "http"://"localhost:5062""""/api/dapper-employees/with-projects""" - 200 null "application/json; charset=utf-8" 517.4957ms
2026-03-25 17:37:17 [Information] [TraceId: 27ffbe25e7e812641a45d0a03a2bff1c] Request starting "HTTP/1.1" "GET" "http"://"localhost:5062""""/api/Employees""" - null null
2026-03-25 17:37:17 [Information] [TraceId: 27ffbe25e7e812641a45d0a03a2bff1c] Executed DbCommand ("15"ms) [Parameters=["@__apiKey_0='245f0b3c-bf54-4fea-ac44-e7d7b4fef11e' (Size = 4000)"], CommandType='Text', CommandTimeout='30']"
""SELECT TOP(1) [e].[Id], [e].[ApiKey], [e].[DepartmentId], [e].[Email], [e].[HmacSecretEncrypted], [e].[ManagerId], [e].[Name], [e].[PasswordHash], [e].[Salary], [e].[role]
FROM [Employees] AS [e]
WHERE [e].[ApiKey] = @__apiKey_0"
2026-03-25 17:37:17 [Information] [TraceId: 27ffbe25e7e812641a45d0a03a2bff1c] Decrypting data using HMAC service.
2026-03-25 17:37:17 [Information] [TraceId: 27ffbe25e7e812641a45d0a03a2bff1c] Verifying HMAC signature.
2026-03-25 17:37:17 [Information] [TraceId: 27ffbe25e7e812641a45d0a03a2bff1c] Generating HMAC signature.
2026-03-25 17:37:17 [Information] [TraceId: 27ffbe25e7e812641a45d0a03a2bff1c] Executing endpoint '"EmployeesController.GetEmployees (MyApi)"'
2026-03-25 17:37:17 [Information] [TraceId: 27ffbe25e7e812641a45d0a03a2bff1c] Route matched with "{action = \"GetEmployees\", controller = \"Employees\"}". Executing controller action with signature "System.Threading.Tasks.Task`1[Microsoft.AspNetCore.Mvc.IActionResult] GetEmployees(MyApi.DTO.Employee.EmployeeQueryDto)" on controller "EmployeesController" ("MyApi").
2026-03-25 17:37:17 [Information] [TraceId: 27ffbe25e7e812641a45d0a03a2bff1c] GetEmployees called (search=null, departmentId=null, minSalary=null, page=1, pageSize=20, sortBy=null, desc=False).
2026-03-25 17:37:17 [Information] [TraceId: 27ffbe25e7e812641a45d0a03a2bff1c] Fetching employees with query (search=null, departmentId=null, minSalary=null, page=1, pageSize=20, sortBy=null, desc=False).
2026-03-25 17:37:17 [Information] [TraceId: 27ffbe25e7e812641a45d0a03a2bff1c] Building employee queryable in repository.
2026-03-25 17:37:17 [Information] [TraceId: 27ffbe25e7e812641a45d0a03a2bff1c] Executed DbCommand ("8"ms) [Parameters=[""], CommandType='Text', CommandTimeout='30']"
""SELECT COUNT(*)
FROM [Employees] AS [e]"
2026-03-25 17:37:17 [Information] [TraceId: 27ffbe25e7e812641a45d0a03a2bff1c] Executed DbCommand ("21"ms) [Parameters=["@__p_0='0', @__p_1='20'"], CommandType='Text', CommandTimeout='30']"
""SELECT [t].[Id], [t].[Name], [t].[Email], [d].[Name] AS [DepartmentName], [t].[Salary], [e0].[Name] AS [ManagerName]
FROM (
    SELECT [e].[Id], [e].[DepartmentId], [e].[Email], [e].[ManagerId], [e].[Name], [e].[Salary]
    FROM [Employees] AS [e]
    ORDER BY [e].[Id]
    OFFSET @__p_0 ROWS FETCH NEXT @__p_1 ROWS ONLY
) AS [t]
INNER JOIN [Departments] AS [d] ON [t].[DepartmentId] = [d].[Id]
LEFT JOIN [Employees] AS [e0] ON [t].[ManagerId] = [e0].[Id]
ORDER BY [t].[Id]"
2026-03-25 17:37:17 [Information] [TraceId: 27ffbe25e7e812641a45d0a03a2bff1c] Employee query completed with 12 results out of 12.
2026-03-25 17:37:17 [Information] [TraceId: 27ffbe25e7e812641a45d0a03a2bff1c] Executing "OkObjectResult", writing value of type '"<>f__AnonymousType16`4[[System.Int32, System.Private.CoreLib, Version=8.0.0.0, Culture=neutral, PublicKeyToken=7cec85d7bea7798e],[System.Int32, System.Private.CoreLib, Version=8.0.0.0, Culture=neutral, PublicKeyToken=7cec85d7bea7798e],[System.Int32, System.Private.CoreLib, Version=8.0.0.0, Culture=neutral, PublicKeyToken=7cec85d7bea7798e],[System.Collections.Generic.List`1[[MyApi.DTO.Employee.Reademployeedto, MyApi, Version=1.0.0.0, Culture=neutral, PublicKeyToken=null]], System.Private.CoreLib, Version=8.0.0.0, Culture=neutral, PublicKeyToken=7cec85d7bea7798e]]"'.
2026-03-25 17:37:17 [Information] [TraceId: 27ffbe25e7e812641a45d0a03a2bff1c] Executed action "EmployeesController.GetEmployees (MyApi)" in 113.1211ms
2026-03-25 17:37:17 [Information] [TraceId: 27ffbe25e7e812641a45d0a03a2bff1c] Executed endpoint '"EmployeesController.GetEmployees (MyApi)"'
2026-03-25 17:37:17 [Information] [TraceId: 27ffbe25e7e812641a45d0a03a2bff1c] Request finished "HTTP/1.1" "GET" "http"://"localhost:5062""""/api/Employees""" - 200 null "application/json; charset=utf-8" 694.1148ms
2026-03-25 17:37:31 [Information] [TraceId: cea55a6d072568b38ceb97e3dcdce976] Request starting "HTTP/1.1" "GET" "http"://"localhost:5062""""/api/Employees""" - null null
2026-03-25 17:37:31 [Information] [TraceId: cea55a6d072568b38ceb97e3dcdce976] Executed DbCommand ("10"ms) [Parameters=["@__apiKey_0='245f0b3c-bf54-4fea-ac44-e7d7b4fef11e' (Size = 4000)"], CommandType='Text', CommandTimeout='30']"
""SELECT TOP(1) [e].[Id], [e].[ApiKey], [e].[DepartmentId], [e].[Email], [e].[HmacSecretEncrypted], [e].[ManagerId], [e].[Name], [e].[PasswordHash], [e].[Salary], [e].[role]
FROM [Employees] AS [e]
WHERE [e].[ApiKey] = @__apiKey_0"
2026-03-25 17:37:31 [Information] [TraceId: cea55a6d072568b38ceb97e3dcdce976] Decrypting data using HMAC service.
2026-03-25 17:37:31 [Information] [TraceId: cea55a6d072568b38ceb97e3dcdce976] Verifying HMAC signature.
2026-03-25 17:37:31 [Information] [TraceId: cea55a6d072568b38ceb97e3dcdce976] Generating HMAC signature.
2026-03-25 17:37:31 [Information] [TraceId: cea55a6d072568b38ceb97e3dcdce976] Executing endpoint '"EmployeesController.GetEmployees (MyApi)"'
2026-03-25 17:37:31 [Information] [TraceId: cea55a6d072568b38ceb97e3dcdce976] Route matched with "{action = \"GetEmployees\", controller = \"Employees\"}". Executing controller action with signature "System.Threading.Tasks.Task`1[Microsoft.AspNetCore.Mvc.IActionResult] GetEmployees(MyApi.DTO.Employee.EmployeeQueryDto)" on controller "EmployeesController" ("MyApi").
2026-03-25 17:37:31 [Information] [TraceId: cea55a6d072568b38ceb97e3dcdce976] GetEmployees called (search=null, departmentId=null, minSalary=null, page=1, pageSize=20, sortBy=null, desc=False).
2026-03-25 17:37:31 [Information] [TraceId: cea55a6d072568b38ceb97e3dcdce976] Fetching employees with query (search=null, departmentId=null, minSalary=null, page=1, pageSize=20, sortBy=null, desc=False).
2026-03-25 17:37:31 [Information] [TraceId: cea55a6d072568b38ceb97e3dcdce976] Building employee queryable in repository.
2026-03-25 17:37:31 [Information] [TraceId: cea55a6d072568b38ceb97e3dcdce976] Executed DbCommand ("5"ms) [Parameters=[""], CommandType='Text', CommandTimeout='30']"
""SELECT COUNT(*)
FROM [Employees] AS [e]"
2026-03-25 17:37:31 [Information] [TraceId: cea55a6d072568b38ceb97e3dcdce976] Executed DbCommand ("15"ms) [Parameters=["@__p_0='0', @__p_1='20'"], CommandType='Text', CommandTimeout='30']"
""SELECT [t].[Id], [t].[Name], [t].[Email], [d].[Name] AS [DepartmentName], [t].[Salary], [e0].[Name] AS [ManagerName]
FROM (
    SELECT [e].[Id], [e].[DepartmentId], [e].[Email], [e].[ManagerId], [e].[Name], [e].[Salary]
    FROM [Employees] AS [e]
    ORDER BY [e].[Id]
    OFFSET @__p_0 ROWS FETCH NEXT @__p_1 ROWS ONLY
) AS [t]
INNER JOIN [Departments] AS [d] ON [t].[DepartmentId] = [d].[Id]
LEFT JOIN [Employees] AS [e0] ON [t].[ManagerId] = [e0].[Id]
ORDER BY [t].[Id]"
2026-03-25 17:37:31 [Information] [TraceId: cea55a6d072568b38ceb97e3dcdce976] Employee query completed with 12 results out of 12.
2026-03-25 17:37:31 [Information] [TraceId: cea55a6d072568b38ceb97e3dcdce976] Executing "OkObjectResult", writing value of type '"<>f__AnonymousType16`4[[System.Int32, System.Private.CoreLib, Version=8.0.0.0, Culture=neutral, PublicKeyToken=7cec85d7bea7798e],[System.Int32, System.Private.CoreLib, Version=8.0.0.0, Culture=neutral, PublicKeyToken=7cec85d7bea7798e],[System.Int32, System.Private.CoreLib, Version=8.0.0.0, Culture=neutral, PublicKeyToken=7cec85d7bea7798e],[System.Collections.Generic.List`1[[MyApi.DTO.Employee.Reademployeedto, MyApi, Version=1.0.0.0, Culture=neutral, PublicKeyToken=null]], System.Private.CoreLib, Version=8.0.0.0, Culture=neutral, PublicKeyToken=7cec85d7bea7798e]]"'.
2026-03-25 17:37:31 [Information] [TraceId: cea55a6d072568b38ceb97e3dcdce976] Executed action "EmployeesController.GetEmployees (MyApi)" in 104.9441ms
2026-03-25 17:37:31 [Information] [TraceId: cea55a6d072568b38ceb97e3dcdce976] Executed endpoint '"EmployeesController.GetEmployees (MyApi)"'
2026-03-25 17:37:31 [Information] [TraceId: cea55a6d072568b38ceb97e3dcdce976] Request finished "HTTP/1.1" "GET" "http"://"localhost:5062""""/api/Employees""" - 200 null "application/json; charset=utf-8" 177.6427ms
2026-03-25 17:41:11 [Information] [TraceId: ] Server laptop-2j11tsn1:225524:a9dee8f9 caught stopping signal...
2026-03-25 17:41:11 [Information] [TraceId: ] Application is shutting down...
2026-03-25 17:41:11 [Information] [TraceId: ] Server laptop-2j11tsn1:225524:a9dee8f9 caught stopped signal...
2026-03-25 17:41:11 [Information] [TraceId: ] Server laptop-2j11tsn1:225524:a9dee8f9 All dispatchers stopped
2026-03-25 17:41:11 [Information] [TraceId: ] Server laptop-2j11tsn1:225524:a9dee8f9 successfully reported itself as stopped in 8.5897 ms
2026-03-25 17:41:11 [Information] [TraceId: ] Server laptop-2j11tsn1:225524:a9dee8f9 has been stopped in total 582.8718 ms
